time,open,high,low,close,volume
2026-07-09T14:00:00+00:00,0.8494799999999993,0.8496499999999994,0.8493399999999994,0.8495999999999994,3119
2026-07-09T14:15:00+00:00,0.8495999999999994,0.8497399999999994,0.8494399999999994,0.8494799999999993,2404
2026-07-09T14:30:00+00:00,0.8494799999999993,0.8496599999999994,0.8494199999999994,0.8494399999999994,2304
2026-07-09T14:45:00+00:00,0.8494399999999994,0.8499999999999994,0.8493999999999994,0.8496699999999994,3492
2026-07-09T15:00:00+00:00,0.8496699999999994,0.8497599999999994,0.8492199999999994,0.8492499999999994,3140
2026-07-09T15:15:00+00:00,0.8492499999999994,0.8494299999999994,0.8491999999999994,0.8493099999999993,2019
2026-07-09T15:30:00+00:00,0.8493099999999993,0.8493599999999994,0.8490299999999994,0.8491299999999994,1958
2026-07-09T15:45:00+00:00,0.8491299999999994,0.8492199999999994,0.8490399999999994,0.8490899999999993,1912
2026-07-09T16:00:00+00:00,0.8490899999999993,0.8491999999999994,0.8489099999999994,0.8489299999999994,2039
2026-07-09T16:15:00+00:00,0.8489299999999994,0.8491899999999994,0.8489099999999994,0.8491399999999995,1629
2026-07-09T16:30:00+00:00,0.8491399999999995,0.8491599999999994,0.8489699999999994,0.8489699999999994,1957
2026-07-09T16:45:00+00:00,0.8489699999999994,0.8490199999999994,0.8487299999999994,0.8487599999999994,1276
2026-07-09T17:00:00+00:00,0.8487599999999994,0.8488399999999994,0.8486499999999993,0.8487399999999994,1864
2026-07-09T17:15:00+00:00,0.8487399999999994,0.8488499999999994,0.8486899999999994,0.8486999999999993,2040
2026-07-09T17:30:00+00:00,0.8486999999999993,0.8487199999999994,0.8485299999999993,0.8485499999999994,1151
2026-07-09T17:45:00+00:00,0.8485499999999994,0.8485899999999994,0.8483999999999994,0.8484099999999994,1580
2026-07-09T18:00:00+00:00,0.8484099999999994,0.8484399999999994,0.8480499999999994,0.8480699999999994,1671
2026-07-09T18:15:00+00:00,0.8480699999999994,0.8482799999999994,0.8480299999999994,0.8482499999999994,1592
2026-07-09T18:30:00+00:00,0.8482499999999994,0.8483299999999994,0.8482099999999994,0.8482299999999994,1242
2026-07-09T18:45:00+00:00,0.8482299999999994,0.8482299999999994,0.8481199999999994,0.8481499999999994,1202
2026-07-09T19:00:00+00:00,0.8481499999999994,0.8481599999999994,0.8480499999999994,0.8481099999999994,1097
2026-07-09T19:15:00+00:00,0.8481099999999994,0.8481399999999994,0.8479999999999994,0.8481299999999994,1272
2026-07-09T19:30:00+00:00,0.8481299999999994,0.8483299999999994,0.8481099999999994,0.8483099999999993,2084
2026-07-09T19:45:00+00:00,0.8483099999999993,0.8483699999999994,0.8481699999999994,0.8482299999999994,1718
2026-07-09T20:00:00+00:00,0.8482299999999994,0.8482499999999994,0.8480999999999994,0.8482199999999994,1211
2026-07-09T20:15:00+00:00,0.8482199999999994,0.8482399999999994,0.8481599999999994,0.8481999999999994,703
2026-07-09T20:30:00+00:00,0.8481999999999994,0.8482899999999994,0.8481699999999994,0.8482499999999994,1039
2026-07-09T20:45:00+00:00,0.8482499999999994,0.8483499999999994,0.8481799999999994,0.8483399999999994,701
2026-07-09T21:00:00+00:00,0.8483399999999994,0.8483399999999994,0.8477299999999994,0.8482399999999994,218.16036821705427
2026-07-09T21:15:00+00:00,0.8482399999999994,0.8484799999999993,0.8480199999999994,0.8483799999999994,889
2026-07-09T21:30:00+00:00,0.8483799999999994,0.8486299999999994,0.8480799999999994,0.8483999999999994,3231
2026-07-09T21:45:00+00:00,0.8483999999999994,0.8485299999999993,0.8479599999999994,0.8484799999999993,3389
2026-07-09T22:00:00+00:00,0.8484799999999993,0.8485799999999994,0.8482799999999994,0.8484499999999994,614
2026-07-09T22:15:00+00:00,0.8484499999999994,0.8484599999999994,0.8483499999999994,0.8483899999999994,320
2026-07-09T22:30:00+00:00,0.8483899999999994,0.8483999999999994,0.8483099999999993,0.8483199999999994,220
2026-07-09T22:45:00+00:00,0.8483199999999994,0.8483699999999994,0.8482899999999994,0.8483599999999994,248
2026-07-09T23:00:00+00:00,0.8483599999999994,0.8483699999999994,0.8482999999999994,0.8483399999999994,327
2026-07-09T23:15:00+00:00,0.8483399999999994,0.8483399999999994,0.8482699999999994,0.8482999999999994,284
2026-07-09T23:30:00+00:00,0.8482999999999994,0.8483199999999994,0.8482599999999993,0.8482899999999994,161
2026-07-09T23:45:00+00:00,0.8482899999999994,0.8483499999999994,0.8482299999999994,0.8482399999999994,289
2026-07-10T00:00:00+00:00,0.8482399999999994,0.8484799999999993,0.8482299999999994,0.8484499999999994,1273
2026-07-10T00:15:00+00:00,0.8484499999999994,0.8484699999999994,0.8483699999999994,0.8483899999999994,737
2026-07-10T00:30:00+00:00,0.8483899999999994,0.8483999999999994,0.8482899999999994,0.8483299999999994,950
2026-07-10T00:45:00+00:00,0.8483299999999994,0.8483299999999994,0.8481799999999994,0.8482199999999994,1626
2026-07-10T01:00:00+00:00,0.8482199999999994,0.8482699999999994,0.8480799999999994,0.8481599999999994,1970
2026-07-10T01:15:00+00:00,0.8481599999999994,0.8481699999999994,0.8480899999999993,0.8480999999999994,1881
2026-07-10T01:30:00+00:00,0.8480999999999994,0.8481799999999994,0.8480399999999993,0.8480999999999994,1725
2026-07-10T01:45:00+00:00,0.8480999999999994,0.8481299999999994,0.8478699999999993,0.8479799999999994,1983
2026-07-10T02:00:00+00:00,0.8479799999999994,0.8480199999999994,0.8477399999999994,0.8477999999999994,2046
2026-07-10T02:15:00+00:00,0.8477999999999994,0.8479999999999994,0.8477899999999994,0.8479699999999994,1752
2026-07-10T02:30:00+00:00,0.8479699999999994,0.8480899999999993,0.8479399999999994,0.8479599999999994,1296
2026-07-10T02:45:00+00:00,0.8479599999999994,0.8479599999999994,0.8478299999999994,0.8478999999999994,1530
2026-07-10T03:00:00+00:00,0.8478999999999994,0.8479699999999994,0.8478399999999994,0.8478999999999994,1006
2026-07-10T03:15:00+00:00,0.8478999999999994,0.8479699999999994,0.8478599999999994,0.8478799999999994,856
2026-07-10T03:30:00+00:00,0.8478799999999994,0.8478899999999994,0.8477899999999994,0.8478199999999994,858
2026-07-10T03:45:00+00:00,0.8478199999999994,0.8478799999999994,0.8477799999999994,0.8478199999999994,908
2026-07-10T04:00:00+00:00,0.8478199999999994,0.8479299999999994,0.8478199999999994,0.8478999999999994,691
2026-07-10T04:15:00+00:00,0.8478999999999994,0.8479399999999994,0.8478199999999994,0.8478499999999994,546
2026-07-10T04:30:00+00:00,0.8478499999999994,0.8478599999999994,0.8478199999999994,0.8478499999999994,615
2026-07-10T04:45:00+00:00,0.8478499999999994,0.8478999999999994,0.8478199999999994,0.8478999999999994,856
2026-07-10T05:00:00+00:00,0.8478999999999994,0.8479299999999994,0.8477399999999994,0.8477799999999994,946
2026-07-10T05:15:00+00:00,0.8477799999999994,0.8478199999999994,0.8477499999999994,0.8477999999999994,913
2026-07-10T05:30:00+00:00,0.8477999999999994,0.8479999999999994,0.8477599999999994,0.8478799999999994,965
2026-07-10T05:45:00+00:00,0.8478799999999994,0.8479099999999994,0.8478399999999994,0.8478599999999994,1163
2026-07-10T06:00:00+00:00,0.8478599999999994,0.8478699999999993,0.8475899999999994,0.8477099999999994,1680
2026-07-10T06:15:00+00:00,0.8477099999999994,0.8480499999999994,0.8477099999999994,0.8480099999999994,1786
2026-07-10T06:30:00+00:00,0.8480099999999994,0.8480399999999993,0.8478899999999994,0.8479099999999994,1633
2026-07-10T06:45:00+00:00,0.8479099999999994,0.8481099999999994,0.8478699999999993,0.8480899999999993,1450
2026-07-10T07:00:00+00:00,0.8480899999999993,0.8480899999999993,0.8476799999999994,0.8478299999999994,2018
2026-07-10T07:15:00+00:00,0.8478299999999994,0.8480699999999994,0.8478099999999994,0.8479799999999994,1907
2026-07-10T07:30:00+00:00,0.8479799999999994,0.8480599999999994,0.8476999999999993,0.8477899999999994,1849
2026-07-10T07:45:00+00:00,0.8477899999999994,0.8481199999999994,0.8477699999999994,0.8480299999999994,1645
2026-07-10T08:00:00+00:00,0.8480299999999994,0.8483699999999994,0.8480099999999994,0.8482899999999994,2003
2026-07-10T08:15:00+00:00,0.8482899999999994,0.8482999999999994,0.8480099999999994,0.8482499999999994,1868
2026-07-10T08:30:00+00:00,0.8482499999999994,0.8484599999999994,0.8481399999999994,0.8484299999999994,2025
2026-07-10T08:45:00+00:00,0.8484299999999994,0.8484599999999994,0.8482699999999994,0.8482799999999994,1581
2026-07-10T09:00:00+00:00,0.8482799999999994,0.8483599999999994,0.8481799999999994,0.8482399999999994,1715
2026-07-10T09:15:00+00:00,0.8482399999999994,0.8482399999999994,0.8480299999999994,0.8481099999999994,1388
2026-07-10T09:30:00+00:00,0.8481099999999994,0.8481599999999994,0.8480299999999994,0.8480799999999994,1470
2026-07-10T09:45:00+00:00,0.8480799999999994,0.8480999999999994,0.8479199999999993,0.8480299999999994,1310
2026-07-10T10:00:00+00:00,0.8480299999999994,0.8480399999999993,0.8478099999999994,0.8478999999999994,1203
2026-07-10T10:15:00+00:00,0.8478999999999994,0.8478999999999994,0.8476599999999994,0.8477199999999994,1500
2026-07-10T10:30:00+00:00,0.8477199999999994,0.8477699999999994,0.8476299999999994,0.8477099999999994,1432
2026-07-10T10:45:00+00:00,0.8477099999999994,0.8478299999999994,0.8467699999999994,0.8470499999999994,2922
2026-07-10T11:00:00+00:00,0.8470499999999994,0.8472399999999994,0.8468199999999994,0.8470399999999993,2084
2026-07-10T11:15:00+00:00,0.8470399999999993,0.8473399999999994,0.8470099999999994,0.8473399999999994,1479
2026-07-10T11:30:00+00:00,0.8473399999999994,0.8475699999999994,0.8473099999999993,0.8474599999999994,2030
2026-07-10T11:45:00+00:00,0.8474599999999994,0.8474799999999993,0.8471499999999994,0.8472899999999994,1878
2026-07-10T12:00:00+00:00,0.8472899999999994,0.8475999999999994,0.8472599999999993,0.8474499999999994,2793
2026-07-10T12:15:00+00:00,0.8474499999999994,0.8475799999999994,0.8471799999999994,0.8473699999999994,2030
2026-07-10T12:30:00+00:00,0.8473699999999994,0.8475699999999994,0.8472499999999994,0.8475099999999994,2370
2026-07-10T12:45:00+00:00,0.8475099999999994,0.8475599999999994,0.8473399999999994,0.8474699999999994,2040
2026-07-10T13:00:00+00:00,0.8474699999999994,0.8475499999999994,0.8473199999999994,0.8473599999999994,2105
2026-07-10T13:15:00+00:00,0.8473599999999994,0.8474599999999994,0.8472999999999994,0.8473999999999994,1914
2026-07-10T13:30:00+00:00,0.8473999999999994,0.8475699999999994,0.8473599999999994,0.8475499999999994,2267
2026-07-10T13:45:00+00:00,0.8475499999999994,0.8478999999999994,0.8474599999999994,0.8477999999999994,2387
2026-07-10T14:00:00+00:00,0.8477999999999994,0.8480199999999994,0.8477199999999994,0.8479899999999994,2316
2026-07-10T14:15:00+00:00,0.8479899999999994,0.8479999999999994,0.8476399999999994,0.8478499999999994,2494
2026-07-10T14:30:00+00:00,0.8478499999999994,0.8480699999999994,0.8475199999999994,0.8475999999999994,4484
2026-07-10T14:45:00+00:00,0.8475999999999994,0.8478999999999994,0.8475599999999994,0.8477199999999994,3043
2026-07-10T15:00:00+00:00,0.8477199999999994,0.8479899999999994,0.8476599999999994,0.8477999999999994,2995
2026-07-10T15:15:00+00:00,0.8477999999999994,0.8479499999999994,0.8477799999999994,0.8478499999999994,2745
2026-07-10T15:30:00+00:00,0.8478499999999994,0.8480499999999994,0.8477599999999994,0.8478399999999994,2312
2026-07-10T15:45:00+00:00,0.8478399999999994,0.8482299999999994,0.8478199999999994,0.8481299999999994,1866
2026-07-10T16:00:00+00:00,0.8481299999999994,0.8482399999999994,0.8480499999999994,0.8482299999999994,2559
2026-07-10T16:15:00+00:00,0.8482299999999994,0.8483899999999994,0.8481999999999994,0.8482799999999994,1751
2026-07-10T16:30:00+00:00,0.8482799999999994,0.8482899999999994,0.8480999999999994,0.8480999999999994,1468
2026-07-10T16:45:00+00:00,0.8480999999999994,0.8482899999999994,0.8480399999999993,0.8481599999999994,1959
2026-07-10T17:00:00+00:00,0.8481599999999994,0.8483199999999994,0.8480999999999994,0.8482799999999994,1970
2026-07-10T17:15:00+00:00,0.8482799999999994,0.8482999999999994,0.8481799999999994,0.8482599999999993,1450
2026-07-10T17:30:00+00:00,0.8482599999999993,0.8482899999999994,0.8480899999999993,0.8481199999999994,1402
2026-07-10T17:45:00+00:00,0.8481199999999994,0.8481199999999994,0.8479099999999994,0.8479699999999994,1324
2026-07-10T18:00:00+00:00,0.8479699999999994,0.8479799999999994,0.8478999999999994,0.8479399999999994,1735
2026-07-10T18:15:00+00:00,0.8479399999999994,0.8479799999999994,0.8477999999999994,0.8478799999999994,1221
2026-07-10T18:30:00+00:00,0.8478799999999994,0.8480499999999994,0.8478399999999994,0.8479999999999994,1380
2026-07-10T18:45:00+00:00,0.8479999999999994,0.8480699999999994,0.8479299999999994,0.8479699999999994,1369
2026-07-10T19:00:00+00:00,0.8479699999999994,0.8480399999999993,0.8479199999999993,0.8480099999999994,1055
2026-07-10T19:15:00+00:00,0.8480099999999994,0.8480599999999994,0.8479699999999994,0.8480099999999994,906
2026-07-10T19:30:00+00:00,0.8480099999999994,0.8480299999999994,0.8478899999999994,0.8479799999999994,1021
2026-07-10T19:45:00+00:00,0.8479799999999994,0.8480099999999994,0.8478699999999993,0.8479299999999994,1490
2026-07-10T20:00:00+00:00,0.8479299999999994,0.8480099999999994,0.8478199999999994,0.8478699999999993,1366
2026-07-10T20:15:00+00:00,0.8478699999999993,0.8479799999999994,0.8477599999999994,0.8478599999999994,779
2026-07-10T20:30:00+00:00,0.8478599999999994,0.8479599999999994,0.8477999999999994,0.8478999999999994,669
2026-07-10T20:45:00+00:00,0.8478999999999994,0.8479999999999994,0.8470399999999993,0.8472999999999995,2908.145447219984
2026-07-12T21:00:00+00:00,0.8472999999999995,0.8479899999999996,0.8472899999999995,0.8479899999999996,136.78287796652097
2026-07-12T21:15:00+00:00,0.8479899999999996,0.8479899999999996,0.8477199999999996,0.8479199999999996,114.98826555216203
2026-07-12T21:30:00+00:00,0.8479199999999996,0.8479399999999996,0.8476799999999995,0.8478299999999995,152.71801801801803
2026-07-12T21:45:00+00:00,0.8478299999999995,0.8480399999999996,0.8477399999999996,0.8478499999999995,197.18165427090378
2026-07-12T22:00:00+00:00,0.8478499999999995,0.8483099999999996,0.8476599999999995,0.8478799999999995,1603
2026-07-12T22:15:00+00:00,0.8478799999999995,0.8479799999999995,0.8478599999999996,0.8478899999999996,665
2026-07-12T22:30:00+00:00,0.8478899999999996,0.8480799999999996,0.8478499999999995,0.8480799999999996,589
2026-07-12T22:45:00+00:00,0.8480799999999996,0.8481399999999996,0.8480199999999996,0.8480799999999996,461.07149220489976
2026-07-12T23:00:00+00:00,0.8480799999999996,0.8482799999999996,0.8480499999999995,0.8481999999999995,722
2026-07-12T23:15:00+00:00,0.8481999999999995,0.8483199999999995,0.8481999999999995,0.8482899999999995,632
2026-07-12T23:30:00+00:00,0.8482899999999995,0.8482999999999996,0.8481299999999996,0.8481999999999995,609
2026-07-12T23:45:00+00:00,0.8481999999999995,0.8481999999999995,0.8480699999999995,0.8481199999999995,1433
2026-07-13T00:00:00+00:00,0.8481199999999995,0.8481699999999995,0.8479699999999996,0.8480299999999996,2618
2026-07-13T00:15:00+00:00,0.8480299999999996,0.8481799999999996,0.8480099999999996,0.8480999999999995,2175
2026-07-13T00:30:00+00:00,0.8480999999999995,0.8481699999999995,0.8479899999999996,0.8480599999999996,2454
2026-07-13T00:45:00+00:00,0.8480599999999996,0.8481599999999996,0.8480299999999996,0.8480899999999996,2309
2026-07-13T01:00:00+00:00,0.8480899999999996,0.8481899999999996,0.8479699999999996,0.8479999999999995,2983
2026-07-13T01:15:00+00:00,0.8479999999999995,0.8480099999999996,0.8478099999999996,0.8478599999999996,2962
2026-07-13T01:30:00+00:00,0.8478599999999996,0.8479199999999996,0.8478099999999996,0.8478699999999996,2547
2026-07-13T01:45:00+00:00,0.8478699999999996,0.8478699999999996,0.8477199999999996,0.8477799999999995,2908
2026-07-13T02:00:00+00:00,0.8477799999999995,0.8480099999999996,0.8477699999999996,0.8478999999999995,2208
2026-07-13T02:15:00+00:00,0.8478999999999995,0.8479299999999995,0.8478099999999996,0.8478999999999995,1832
2026-07-13T02:30:00+00:00,0.8478999999999995,0.8479799999999995,0.8478499999999995,0.8479599999999996,1927
2026-07-13T02:45:00+00:00,0.8479599999999996,0.8479799999999995,0.8479099999999996,0.8479699999999996,2240
2026-07-13T03:00:00+00:00,0.8479699999999996,0.8480899999999996,0.8479699999999996,0.8480499999999995,2196
2026-07-13T03:15:00+00:00,0.8480499999999995,0.8480999999999995,0.8480199999999996,0.8480599999999996,1607
2026-07-13T03:30:00+00:00,0.8480599999999996,0.8481099999999996,0.8480299999999996,0.8480799999999996,1848
2026-07-13T03:45:00+00:00,0.8480799999999996,0.8482399999999995,0.8480399999999996,0.8482099999999996,1408
2026-07-13T04:00:00+00:00,0.8482099999999996,0.8483099999999996,0.8481999999999995,0.8482399999999995,1524
2026-07-13T04:15:00+00:00,0.8482399999999995,0.8482899999999995,0.8481699999999995,0.8481999999999995,1766
2026-07-13T04:30:00+00:00,0.8481999999999995,0.8482899999999995,0.8481699999999995,0.8482799999999996,1462
2026-07-13T04:45:00+00:00,0.8482799999999996,0.8483099999999996,0.8482099999999996,0.8482299999999996,1658
2026-07-13T05:00:00+00:00,0.8482299999999996,0.8483999999999996,0.8482199999999995,0.8483899999999995,2484
2026-07-13T05:15:00+00:00,0.8483899999999995,0.8484199999999996,0.8483099999999996,0.8483299999999996,1812
2026-07-13T05:30:00+00:00,0.8483299999999996,0.8483799999999996,0.8482099999999996,0.8483399999999995,2546
2026-07-13T05:45:00+00:00,0.8483399999999995,0.8483499999999996,0.8480699999999995,0.8481199999999995,3391
2026-07-13T06:00:00+00:00,0.8481199999999995,0.8481799999999996,0.8479699999999996,0.8479899999999996,2945
2026-07-13T06:15:00+00:00,0.8479899999999996,0.8480599999999996,0.8478399999999996,0.8479499999999995,2258
2026-07-13T06:30:00+00:00,0.8479499999999995,0.8482299999999996,0.8479099999999996,0.8481899999999996,2083
2026-07-13T06:45:00+00:00,0.8481899999999996,0.8487099999999995,0.8481899999999996,0.8483799999999996,2296
2026-07-13T07:00:00+00:00,0.8483799999999996,0.8485199999999996,0.8481599999999996,0.8484599999999995,2829
2026-07-13T07:15:00+00:00,0.8484599999999995,0.8485799999999996,0.8483599999999996,0.8484899999999995,2476
2026-07-13T07:30:00+00:00,0.8484899999999995,0.8491699999999995,0.8484799999999996,0.8490899999999996,3331
2026-07-13T07:45:00+00:00,0.8490899999999996,0.8495299999999996,0.8490799999999996,0.8491999999999995,3120
2026-07-13T08:00:00+00:00,0.8491999999999995,0.8497399999999996,0.8491599999999996,0.8496699999999996,3944
2026-07-13T08:15:00+00:00,0.8496699999999996,0.8498299999999995,0.8495599999999995,0.8498299999999995,2973
2026-07-13T08:30:00+00:00,0.8498299999999995,0.8500499999999995,0.8496599999999995,0.8498999999999995,1772
2026-07-13T08:45:00+00:00,0.8498999999999995,0.8499699999999996,0.8497499999999996,0.8499499999999995,2135
2026-07-13T09:00:00+00:00,0.8499499999999995,0.8501099999999996,0.8497499999999996,0.8498099999999995,1852
2026-07-13T09:15:00+00:00,0.8498099999999995,0.8501099999999996,0.8497699999999996,0.8499299999999995,1742
2026-07-13T09:30:00+00:00,0.8499299999999995,0.8499599999999996,0.8496499999999996,0.8497299999999995,1640
2026-07-13T09:45:00+00:00,0.8497299999999995,0.8498899999999996,0.8496399999999996,0.8498499999999996,1769
2026-07-13T10:00:00+00:00,0.8498499999999996,0.8500399999999996,0.8497599999999995,0.8499699999999996,2143
2026-07-13T10:15:00+00:00,0.8499699999999996,0.8502699999999995,0.8499699999999996,0.8501799999999996,1737
2026-07-13T10:30:00+00:00,0.8501799999999996,0.8502299999999996,0.8499499999999995,0.8500099999999996,1982
2026-07-13T10:45:00+00:00,0.8500099999999996,0.8500199999999996,0.8496499999999996,0.8496599999999995,2559
2026-07-13T11:00:00+00:00,0.8496599999999995,0.8496799999999995,0.8493299999999996,0.8494599999999995,3090
2026-07-13T11:15:00+00:00,0.8494599999999995,0.8497699999999996,0.8494599999999995,0.8496499999999996,2278
2026-07-13T11:30:00+00:00,0.8496499999999996,0.8497299999999995,0.8494299999999996,0.8494599999999995,2036
2026-07-13T11:45:00+00:00,0.8494599999999995,0.8495599999999995,0.8492299999999996,0.8493999999999996,1878
2026-07-13T12:00:00+00:00,0.8493999999999996,0.8495599999999995,0.8493199999999995,0.8494999999999996,2738
2026-07-13T12:15:00+00:00,0.8494999999999996,0.8495899999999995,0.8492899999999995,0.8493399999999995,2486
2026-07-13T12:30:00+00:00,0.8493399999999995,0.8493799999999996,0.8491499999999995,0.8491799999999996,2254
2026-07-13T12:45:00+00:00,0.8491799999999996,0.8493499999999996,0.8491399999999996,0.8492899999999995,2345
2026-07-13T13:00:00+00:00,0.8492899999999995,0.8494499999999996,0.8492199999999995,0.8493199999999995,2733
2026-07-13T13:15:00+00:00,0.8493199999999995,0.8493299999999996,0.8489799999999995,0.8491199999999995,2154
2026-07-13T13:30:00+00:00,0.8491199999999995,0.8493699999999995,0.8491199999999995,0.8492799999999996,3027
2026-07-13T13:45:00+00:00,0.8492799999999996,0.8493199999999995,0.8488099999999995,0.8489599999999996,3259
2026-07-13T14:00:00+00:00,0.8489599999999996,0.8493099999999996,0.8488699999999996,0.8492499999999996,3680
2026-07-13T14:15:00+00:00,0.8492499999999996,0.8493699999999995,0.8488199999999996,0.8488499999999995,4514
2026-07-13T14:30:00+00:00,0.8488499999999995,0.8489799999999995,0.8486999999999996,0.8489099999999996,3088
2026-07-13T14:45:00+00:00,0.8489099999999996,0.8489899999999996,0.8486799999999995,0.8487399999999996,4122
2026-07-13T15:00:00+00:00,0.8487399999999996,0.8488199999999996,0.8484599999999995,0.8484799999999996,3136
2026-07-13T15:15:00+00:00,0.8484799999999996,0.8485999999999996,0.8482099999999996,0.8482499999999996,2692
2026-07-13T15:30:00+00:00,0.8482499999999996,0.8483099999999996,0.8481299999999996,0.8482699999999995,2692
2026-07-13T15:45:00+00:00,0.8482699999999995,0.8483799999999996,0.8481199999999995,0.8482799999999996,2920
2026-07-13T16:00:00+00:00,0.8482799999999996,0.8482999999999996,0.8480599999999996,0.8481499999999995,2458
2026-07-13T16:15:00+00:00,0.8481499999999995,0.8481899999999996,0.8480299999999996,0.8480999999999995,2496
2026-07-13T16:30:00+00:00,0.8480999999999995,0.8483799999999996,0.8479799999999995,0.8481699999999995,3679
2026-07-13T16:45:00+00:00,0.8481699999999995,0.8484799999999996,0.8481599999999996,0.8484299999999996,4123
2026-07-13T17:00:00+00:00,0.8484299999999996,0.8485099999999995,0.8482999999999996,0.8483499999999996,2406
2026-07-13T17:15:00+00:00,0.8483499999999996,0.8485399999999995,0.8483299999999996,0.8485099999999995,2271
2026-07-13T17:30:00+00:00,0.8485099999999995,0.8486299999999996,0.8484199999999996,0.8485799999999996,2113
2026-07-13T17:45:00+00:00,0.8485799999999996,0.8486099999999995,0.8484999999999996,0.8485399999999995,2096
2026-07-13T18:00:00+00:00,0.8485399999999995,0.8487299999999995,0.8484899999999995,0.8486399999999996,2359
2026-07-13T18:15:00+00:00,0.8486399999999996,0.8487599999999995,0.8486199999999996,0.8486299999999996,2211
2026-07-13T18:30:00+00:00,0.8486299999999996,0.8486799999999995,0.8485699999999996,0.8485999999999996,2061
2026-07-13T18:45:00+00:00,0.8485999999999996,0.8486199999999996,0.8484799999999996,0.8484999999999996,2280
2026-07-13T19:00:00+00:00,0.8484999999999996,0.8486399999999996,0.8484699999999996,0.8485799999999996,2334
2026-07-13T19:15:00+00:00,0.8485799999999996,0.8486699999999996,0.8485799999999996,0.8486199999999996,2344
2026-07-13T19:30:00+00:00,0.8486199999999996,0.8487199999999996,0.8485999999999996,0.8486099999999995,1879
2026-07-13T19:45:00+00:00,0.8486099999999995,0.8487199999999996,0.8485699999999996,0.8486599999999995,1930
2026-07-13T20:00:00+00:00,0.8486599999999995,0.8487199999999996,0.8485999999999996,0.8486299999999996,1502
2026-07-13T20:15:00+00:00,0.8486299999999996,0.8489399999999996,0.8485999999999996,0.8488999999999995,1140
2026-07-13T20:30:00+00:00,0.8488999999999995,0.8489899999999996,0.8488199999999996,0.8488299999999995,1180
2026-07-13T20:45:00+00:00,0.8488299999999995,0.8489499999999995,0.8487299999999995,0.8487299999999995,795
2026-07-13T21:00:00+00:00,0.8487299999999995,0.8488299999999995,0.8476199999999996,0.8483199999999995,196
2026-07-13T21:15:00+00:00,0.8483199999999995,0.8488499999999995,0.8482399999999995,0.8486599999999995,384
2026-07-13T21:30:00+00:00,0.8486599999999995,0.8490099999999996,0.8485199999999996,0.8487499999999996,812
2026-07-13T21:45:00+00:00,0.8487499999999996,0.8489199999999996,0.8486599999999995,0.8487499999999996,1649
2026-07-13T22:00:00+00:00,0.8487499999999996,0.8489999999999995,0.8486599999999995,0.8488899999999996,625
2026-07-13T22:15:00+00:00,0.8488899999999996,0.8489099999999996,0.8487699999999996,0.8488099999999995,323
2026-07-13T22:30:00+00:00,0.8488099999999995,0.8488199999999996,0.8487499999999996,0.8487799999999995,335
2026-07-13T22:45:00+00:00,0.8487799999999995,0.8488099999999995,0.8487399999999996,0.8487399999999996,337
2026-07-13T23:00:00+00:00,0.8487399999999996,0.8488499999999995,0.8487399999999996,0.8487899999999996,614
2026-07-13T23:15:00+00:00,0.8487899999999996,0.8488499999999995,0.8487499999999996,0.8488199999999996,524
2026-07-13T23:30:00+00:00,0.8488199999999996,0.8488699999999996,0.8487499999999996,0.8488599999999996,655
2026-07-13T23:45:00+00:00,0.8488599999999996,0.8489699999999996,0.8488399999999996,0.8488599999999996,1420
2026-07-14T00:00:00+00:00,0.8488599999999996,0.8489799999999995,0.8487999999999996,0.8488799999999995,3291
2026-07-14T00:15:00+00:00,0.8488799999999995,0.8489899999999996,0.8488399999999996,0.8489799999999995,2418
2026-07-14T00:30:00+00:00,0.8489799999999995,0.8490299999999996,0.8488999999999995,0.8488999999999995,2902
2026-07-14T00:45:00+00:00,0.8488999999999995,0.8489699999999996,0.8488399999999996,0.8488799999999995,3055
2026-07-14T01:00:00+00:00,0.8488799999999995,0.8489999999999995,0.8488799999999995,0.8489699999999996,2511
2026-07-14T01:15:00+00:00,0.8489699999999996,0.8489899999999996,0.8488099999999995,0.8488599999999996,2762
2026-07-14T01:30:00+00:00,0.8488599999999996,0.8489899999999996,0.8488499999999995,0.8489599999999996,3150
2026-07-14T01:45:00+00:00,0.8489599999999996,0.8490099999999996,0.8488399999999996,0.8489799999999995,2731
2026-07-14T02:00:00+00:00,0.8489799999999995,0.8490399999999996,0.8488799999999995,0.8489099999999996,2602
2026-07-14T02:15:00+00:00,0.8489099999999996,0.8491299999999996,0.8489099999999996,0.8490699999999995,1602
2026-07-14T02:30:00+00:00,0.8490699999999995,0.8491099999999996,0.8489899999999996,0.8490099999999996,1783
2026-07-14T02:45:00+00:00,0.8490099999999996,0.8490399999999996,0.8489399999999996,0.8489699999999996,1566
2026-07-14T03:00:00+00:00,0.8489699999999996,0.8490299999999996,0.8488799999999995,0.8489799999999995,1667
2026-07-14T03:15:00+00:00,0.8489799999999995,0.8490299999999996,0.8488899999999996,0.8490099999999996,1988
2026-07-14T03:30:00+00:00,0.8490099999999996,0.8490299999999996,0.8488999999999995,0.8489499999999995,2144
2026-07-14T03:45:00+00:00,0.8489499999999995,0.8489599999999996,0.8488799999999995,0.8489499999999995,1252
2026-07-14T04:00:00+00:00,0.8489499999999995,0.8489499999999995,0.8488799999999995,0.8489399999999996,1554
2026-07-14T04:15:00+00:00,0.8489399999999996,0.8489699999999996,0.8488999999999995,0.8489299999999995,1222
2026-07-14T04:30:00+00:00,0.8489299999999995,0.8489499999999995,0.8488199999999996,0.8488199999999996,1487
2026-07-14T04:45:00+00:00,0.8488199999999996,0.8488499999999995,0.8487199999999996,0.8488199999999996,1367
2026-07-14T05:00:00+00:00,0.8488199999999996,0.8488799999999995,0.8487599999999995,0.8488099999999995,1864
2026-07-14T05:15:00+00:00,0.8488099999999995,0.8488299999999995,0.8486399999999996,0.8486499999999996,1786
2026-07-14T05:30:00+00:00,0.8486499999999996,0.8486699999999996,0.8484799999999996,0.8485099999999995,1908
2026-07-14T05:45:00+00:00,0.8485099999999995,0.8486899999999996,0.8484599999999995,0.8486899999999996,1575
2026-07-14T06:00:00+00:00,0.8486899999999996,0.8487199999999996,0.8484799999999996,0.8486199999999996,2381
2026-07-14T06:15:00+00:00,0.8486199999999996,0.8489399999999996,0.8486099999999995,0.8489199999999996,1792
2026-07-14T06:30:00+00:00,0.8489199999999996,0.8489699999999996,0.8487499999999996,0.8487999999999996,2412
2026-07-14T06:45:00+00:00,0.8487999999999996,0.8488199999999996,0.8486599999999995,0.8486899999999996,2089
2026-07-14T07:00:00+00:00,0.8486899999999996,0.8490699999999995,0.8485799999999996,0.8489599999999996,2486
2026-07-14T07:15:00+00:00,0.8489599999999996,0.8491099999999996,0.8489199999999996,0.8490399999999996,2254
2026-07-14T07:30:00+00:00,0.8490399999999996,0.8490899999999996,0.8487499999999996,0.8488099999999995,2506
2026-07-14T07:45:00+00:00,0.8488099999999995,0.8493199999999995,0.8488099999999995,0.8493099999999996,3023
2026-07-14T08:00:00+00:00,0.8493099999999996,0.8494699999999996,0.8492199999999995,0.8493499999999996,2895
2026-07-14T08:15:00+00:00,0.8493499999999996,0.8495199999999996,0.8492899999999995,0.8493899999999995,2154
2026-07-14T08:30:00+00:00,0.8493899999999995,0.8493899999999995,0.8488399999999996,0.8489599999999996,2272
2026-07-14T08:45:00+00:00,0.8489599999999996,0.8489699999999996,0.8484799999999996,0.8484999999999996,2611
2026-07-14T09:00:00+00:00,0.8484999999999996,0.8485999999999996,0.8483499999999996,0.8483999999999996,1995
2026-07-14T09:15:00+00:00,0.8483999999999996,0.8484699999999996,0.8481199999999995,0.8481999999999995,1635
2026-07-14T09:30:00+00:00,0.8481999999999995,0.8482299999999996,0.8480099999999996,0.8482099999999996,1655
2026-07-14T09:45:00+00:00,0.8482099999999996,0.8483599999999996,0.8480799999999996,0.8482999999999996,2033
2026-07-14T10:00:00+00:00,0.8482999999999996,0.8483599999999996,0.8481099999999996,0.8482399999999995,1642
2026-07-14T10:15:00+00:00,0.8482399999999995,0.8482599999999996,0.8479999999999995,0.8480399999999996,1803
2026-07-14T10:30:00+00:00,0.8480399999999996,0.8481299999999996,0.8479599999999996,0.8479799999999995,2105
2026-07-14T10:45:00+00:00,0.8479799999999995,0.8481899999999996,0.8479799999999995,0.8480299999999996,1794
2026-07-14T11:00:00+00:00,0.8480299999999996,0.8483899999999995,0.8479999999999995,0.8482799999999996,2419
2026-07-14T11:15:00+00:00,0.8482799999999996,0.8482899999999995,0.8480699999999995,0.8481099999999996,1885
2026-07-14T11:30:00+00:00,0.8481099999999996,0.8483799999999996,0.8480499999999995,0.8483099999999996,1858
2026-07-14T11:45:00+00:00,0.8483099999999996,0.8484999999999996,0.8482799999999996,0.8484199999999996,2154
2026-07-14T12:00:00+00:00,0.8484199999999996,0.8485799999999996,0.8482799999999996,0.8485599999999995,2856
2026-07-14T12:15:00+00:00,0.8485599999999995,0.8488099999999995,0.8483599999999996,0.8486599999999995,3188
2026-07-14T12:30:00+00:00,0.8486599999999995,0.8493599999999996,0.8478199999999996,0.8491099999999996,12887
2026-07-14T12:45:00+00:00,0.8491099999999996,0.8499699999999996,0.8488699999999996,0.8497599999999995,5285
2026-07-14T13:00:00+00:00,0.8497599999999995,0.8501899999999996,0.8495599999999995,0.8501099999999996,5257
2026-07-14T13:15:00+00:00,0.8501099999999996,0.8506499999999996,0.8498999999999995,0.8505199999999996,4881
2026-07-14T13:30:00+00:00,0.8505199999999996,0.8505399999999995,0.8498799999999995,0.8499699999999996,4041
2026-07-14T13:45:00+00:00,0.8499699999999996,0.8500099999999996,0.8496699999999996,0.8497499999999996,3533
2026-07-14T14:00:00+00:00,0.8497499999999996,0.8501599999999996,0.8497099999999995,0.8500099999999996,3789
2026-07-14T14:15:00+00:00,0.8500099999999996,0.8502799999999996,0.8498799999999995,0.8502499999999996,4465
2026-07-14T14:30:00+00:00,0.8502499999999996,0.8503299999999996,0.8497699999999996,0.8498899999999996,4733
2026-07-14T14:45:00+00:00,0.8498899999999996,0.8499899999999996,0.8495799999999996,0.8499799999999995,3515
2026-07-14T15:00:00+00:00,0.8499799999999995,0.8502999999999996,0.8499299999999995,0.8500899999999996,4742
2026-07-14T15:15:00+00:00,0.8500899999999996,0.8504099999999996,0.8500699999999995,0.8501599999999996,2924
2026-07-14T15:30:00+00:00,0.8501599999999996,0.8505499999999996,0.8500799999999996,0.8502099999999996,3860
2026-07-14T15:45:00+00:00,0.8502099999999996,0.8503099999999996,0.8500399999999996,0.8500399999999996,3442
2026-07-14T16:00:00+00:00,0.8500399999999996,0.8502899999999995,0.8500299999999996,0.8501099999999996,3793
2026-07-14T16:15:00+00:00,0.8501099999999996,0.8502899999999995,0.8500199999999996,0.8500599999999996,2330
2026-07-14T16:30:00+00:00,0.8500599999999996,0.8501899999999996,0.8499599999999996,0.8501699999999995,2067
2026-07-14T16:45:00+00:00,0.8501699999999995,0.8501799999999996,0.8499199999999996,0.8500099999999996,2169
2026-07-14T17:00:00+00:00,0.8500099999999996,0.8502199999999995,0.8499699999999996,0.8501999999999995,2585
2026-07-14T17:15:00+00:00,0.8501999999999995,0.8504499999999996,0.8501999999999995,0.8503299999999996,2863
2026-07-14T17:30:00+00:00,0.8503299999999996,0.8503299999999996,0.8500999999999995,0.8501299999999996,1572
2026-07-14T17:45:00+00:00,0.8501299999999996,0.8502199999999995,0.8500299999999996,0.8501299999999996,2241
2026-07-14T18:00:00+00:00,0.8501299999999996,0.8501999999999995,0.8498299999999995,0.8498499999999996,1601
2026-07-14T18:15:00+00:00,0.8498499999999996,0.8499699999999996,0.8497499999999996,0.8497699999999996,2166
2026-07-14T18:30:00+00:00,0.8497699999999996,0.8499899999999996,0.8496999999999996,0.8499399999999996,2607
2026-07-14T18:45:00+00:00,0.8499399999999996,0.8500499999999995,0.8497699999999996,0.8498199999999996,1925
2026-07-14T19:00:00+00:00,0.8498199999999996,0.8498799999999995,0.8497499999999996,0.8497999999999996,2315
2026-07-14T19:15:00+00:00,0.8497999999999996,0.8498099999999995,0.8495599999999995,0.8495999999999996,2451
2026-07-14T19:30:00+00:00,0.8495999999999996,0.8496699999999996,0.8494199999999996,0.8494399999999995,3048
2026-07-14T19:45:00+00:00,0.8494399999999995,0.8494599999999995,0.8491699999999995,0.8491999999999995,2306
2026-07-14T20:00:00+00:00,0.8491999999999995,0.8492999999999996,0.8490899999999996,0.8491799999999996,1374
2026-07-14T20:15:00+00:00,0.8491799999999996,0.8491899999999996,0.8491099999999996,0.8491599999999996,842
2026-07-14T20:30:00+00:00,0.8491599999999996,0.8492199999999995,0.8491299999999996,0.8491699999999995,1183
2026-07-14T20:45:00+00:00,0.8491699999999995,0.8491699999999995,0.8488599999999996,0.8488599999999996,902
2026-07-14T21:00:00+00:00,0.8488599999999996,0.8494899999999995,0.8484199999999996,0.8489899999999996,824
2026-07-14T21:15:00+00:00,0.8489899999999996,0.8493899999999995,0.8486799999999995,0.8491299999999996,1956
2026-07-14T21:30:00+00:00,0.8491299999999996,0.8492699999999995,0.8489499999999995,0.8490499999999995,1046
2026-07-14T21:45:00+00:00,0.8490499999999995,0.8491599999999996,0.8488799999999995,0.8489299999999995,1379
2026-07-14T22:00:00+00:00,0.8489299999999995,0.8493299999999996,0.8488199999999996,0.8489699999999996,552
2026-07-14T22:15:00+00:00,0.8489699999999996,0.8490199999999996,0.8487599999999995,0.8487899999999996,651
2026-07-14T22:30:00+00:00,0.8487899999999996,0.8489599999999996,0.8487799999999995,0.8489399999999996,419
2026-07-14T22:45:00+00:00,0.8489399999999996,0.8490499999999995,0.8489399999999996,0.8490399999999996,360
2026-07-14T23:00:00+00:00,0.8490399999999996,0.8490599999999996,0.8489599999999996,0.8489799999999995,481
2026-07-14T23:15:00+00:00,0.8489799999999995,0.8490299999999996,0.8489399999999996,0.8489799999999995,458
2026-07-14T23:30:00+00:00,0.8489799999999995,0.8490299999999996,0.8489499999999995,0.8489699999999996,578
2026-07-14T23:45:00+00:00,0.8489699999999996,0.8489899999999996,0.8489299999999995,0.8489699999999996,536
2026-07-15T00:00:00+00:00,0.8489699999999996,0.8492099999999996,0.8489599999999996,0.8491499999999995,1370
2026-07-15T00:15:00+00:00,0.8491499999999995,0.8492199999999995,0.8491299999999996,0.8491899999999996,1288
2026-07-15T00:30:00+00:00,0.8491899999999996,0.8492299999999996,0.8491399999999996,0.8492099999999996,1104
2026-07-15T00:45:00+00:00,0.8492099999999996,0.8493099999999996,0.8491799999999996,0.8491899999999996,1475
2026-07-15T01:00:00+00:00,0.8491899999999996,0.8492799999999996,0.8491699999999995,0.8492299999999996,1945
2026-07-15T01:15:00+00:00,0.8492299999999996,0.8495099999999995,0.8492299999999996,0.8494799999999996,1486
2026-07-15T01:30:00+00:00,0.8494799999999996,0.8495099999999995,0.8493999999999996,0.8494199999999996,1854
2026-07-15T01:45:00+00:00,0.8494199999999996,0.8494499999999996,0.8493499999999996,0.8494199999999996,1425
2026-07-15T02:00:00+00:00,0.8494199999999996,0.8495499999999996,0.8493999999999996,0.8494899999999995,1367
2026-07-15T02:15:00+00:00,0.8494899999999995,0.8494899999999995,0.8494099999999996,0.8494399999999995,896
2026-07-15T02:30:00+00:00,0.8494399999999995,0.8495099999999995,0.8493799999999996,0.8494599999999995,1134
2026-07-15T02:45:00+00:00,0.8494599999999995,0.8495899999999995,0.8494499999999996,0.8495399999999995,1564
2026-07-15T03:00:00+00:00,0.8495399999999995,0.8495599999999995,0.8494499999999996,0.8495199999999996,1628
2026-07-15T03:15:00+00:00,0.8495199999999996,0.8495799999999996,0.8494399999999995,0.8494599999999995,1342
2026-07-15T03:30:00+00:00,0.8494599999999995,0.8495399999999995,0.8494499999999996,0.8494999999999996,1014
2026-07-15T03:45:00+00:00,0.8494999999999996,0.8495299999999996,0.8494399999999995,0.8495099999999995,937
2026-07-15T04:00:00+00:00,0.8495099999999995,0.8495599999999995,0.8494799999999996,0.8495199999999996,1088
2026-07-15T04:15:00+00:00,0.8495199999999996,0.8496099999999995,0.8494799999999996,0.8495699999999996,1195
2026-07-15T04:30:00+00:00,0.8495699999999996,0.8496199999999996,0.8495299999999996,0.8495399999999995,943
2026-07-15T04:45:00+00:00,0.8495399999999995,0.8495799999999996,0.8494799999999996,0.8495199999999996,679
2026-07-15T05:00:00+00:00,0.8495199999999996,0.8495699999999996,0.8494299999999996,0.8494599999999995,1633
2026-07-15T05:15:00+00:00,0.8494599999999995,0.8495099999999995,0.8494199999999996,0.8494599999999995,986
2026-07-15T05:30:00+00:00,0.8494599999999995,0.8494799999999996,0.8492199999999995,0.8492199999999995,1368
2026-07-15T05:45:00+00:00,0.8492199999999995,0.8493199999999995,0.8491799999999996,0.8492599999999996,1423
2026-07-15T06:00:00+00:00,0.8492599999999996,0.8492799999999996,0.8488099999999995,0.8488199999999996,1634
2026-07-15T06:15:00+00:00,0.8488199999999996,0.8490399999999996,0.8488099999999995,0.8489499999999995,1583
2026-07-15T06:30:00+00:00,0.8489499999999995,0.8492399999999996,0.8487399999999996,0.8487999999999996,1877
2026-07-15T06:45:00+00:00,0.8487999999999996,0.8488899999999996,0.8478899999999996,0.8480999999999995,4368
2026-07-15T07:00:00+00:00,0.8480999999999995,0.8485299999999996,0.8479599999999996,0.8481599999999996,2964
2026-07-15T07:15:00+00:00,0.8481599999999996,0.8484099999999996,0.8480299999999996,0.8480899999999996,2290
2026-07-15T07:30:00+00:00,0.8480899999999996,0.8483599999999996,0.8479899999999996,0.8483399999999995,2082
2026-07-15T07:45:00+00:00,0.8483399999999995,0.8485999999999996,0.8483099999999996,0.8485299999999996,1907
2026-07-15T08:00:00+00:00,0.8485299999999996,0.8488999999999995,0.8484999999999996,0.8488899999999996,2016
2026-07-15T08:15:00+00:00,0.8488899999999996,0.8490599999999996,0.8487899999999996,0.8488099999999995,2116
2026-07-15T08:30:00+00:00,0.8488099999999995,0.8491099999999996,0.8487499999999996,0.8490499999999995,1527
2026-07-15T08:45:00+00:00,0.8490499999999995,0.8491699999999995,0.8489199999999996,0.8489599999999996,1987
2026-07-15T09:00:00+00:00,0.8489599999999996,0.8490299999999996,0.8488299999999995,0.8490299999999996,1910
2026-07-15T09:15:00+00:00,0.8490299999999996,0.8490899999999996,0.8489399999999996,0.8489799999999995,1401
2026-07-15T09:30:00+00:00,0.8489799999999995,0.8490299999999996,0.8488599999999996,0.8489899999999996,1544
2026-07-15T09:45:00+00:00,0.8489899999999996,0.8491299999999996,0.8486699999999996,0.8487999999999996,1917
2026-07-15T10:00:00+00:00,0.8487999999999996,0.8490199999999996,0.8487599999999995,0.8489399999999996,1784
2026-07-15T10:15:00+00:00,0.8489399999999996,0.8491099999999996,0.8488999999999995,0.8490499999999995,1709
2026-07-15T10:30:00+00:00,0.8490499999999995,0.8490599999999996,0.8486199999999996,0.8486399999999996,1597
2026-07-15T10:45:00+00:00,0.8486399999999996,0.8486799999999995,0.8479199999999996,0.8481499999999995,1702
2026-07-15T11:00:00+00:00,0.8481499999999995,0.8483499999999996,0.8481399999999996,0.8483299999999996,1617
2026-07-15T11:15:00+00:00,0.8483299999999996,0.8483699999999995,0.8482399999999995,0.8482499999999996,1501
2026-07-15T11:30:00+00:00,0.8482499999999996,0.8483299999999996,0.8477999999999996,0.8478099999999996,1806
2026-07-15T11:45:00+00:00,0.8478099999999996,0.8478499999999995,0.8468599999999996,0.8471699999999995,4168
2026-07-15T12:00:00+00:00,0.8471699999999995,0.8474399999999995,0.8470299999999996,0.8470699999999995,2790
2026-07-15T12:15:00+00:00,0.8470699999999995,0.8474999999999996,0.8468899999999996,0.8473399999999995,2259
2026-07-15T12:30:00+00:00,0.8473399999999995,0.8476899999999996,0.8472399999999995,0.8474299999999996,4230
2026-07-15T12:45:00+00:00,0.8474299999999996,0.8475299999999996,0.8471799999999996,0.8472399999999995,3174
2026-07-15T13:00:00+00:00,0.8472399999999995,0.8473999999999996,0.8471099999999996,0.8472099999999996,3705
2026-07-15T13:15:00+00:00,0.8472099999999996,0.8474099999999996,0.8471099999999996,0.8471999999999996,2553
2026-07-15T13:30:00+00:00,0.8471999999999996,0.8472299999999996,0.8468399999999996,0.8469699999999996,2509
2026-07-15T13:45:00+00:00,0.8469699999999996,0.8469699999999996,0.8463799999999996,0.8465599999999995,3294
2026-07-15T14:00:00+00:00,0.8465599999999995,0.8467799999999995,0.8465399999999995,0.8465899999999995,2913
2026-07-15T14:15:00+00:00,0.8465899999999995,0.8467199999999996,0.8464399999999995,0.8464999999999996,2840
2026-07-15T14:30:00+00:00,0.8464999999999996,0.8465199999999996,0.8455899999999996,0.8455999999999996,3734
2026-07-15T14:45:00+00:00,0.8455999999999996,0.8456899999999996,0.8442899999999995,0.8447199999999996,5762
2026-07-15T15:00:00+00:00,0.8447199999999996,0.8450799999999996,0.8446999999999996,0.8449299999999995,3336
2026-07-15T15:15:00+00:00,0.8449299999999995,0.8449599999999996,0.8442399999999995,0.8442999999999996,3193
2026-07-15T15:30:00+00:00,0.8442999999999996,0.8443499999999996,0.8437299999999995,0.8437799999999995,2995
2026-07-15T15:45:00+00:00,0.8437799999999995,0.8438299999999995,0.8432499999999996,0.8435099999999995,2849
2026-07-15T16:00:00+00:00,0.8435099999999995,0.8435199999999996,0.8431599999999996,0.8434599999999995,2727
2026-07-15T16:15:00+00:00,0.8434599999999995,0.8434799999999996,0.8427599999999995,0.8427599999999995,2992
2026-07-15T16:30:00+00:00,0.8427599999999995,0.8429199999999996,0.8424599999999995,0.8426599999999995,2374
2026-07-15T16:45:00+00:00,0.8426599999999995,0.8426899999999996,0.8418699999999996,0.8421099999999996,3801
2026-07-15T17:00:00+00:00,0.8421099999999996,0.8422399999999995,0.8416599999999995,0.8421999999999996,3201
2026-07-15T17:15:00+00:00,0.8421999999999996,0.8428599999999996,0.8421499999999995,0.8427199999999996,2827
2026-07-15T17:30:00+00:00,0.8427199999999996,0.8432099999999996,0.8425799999999996,0.8430699999999995,3486
2026-07-15T17:45:00+00:00,0.8430699999999995,0.8431899999999996,0.8429699999999996,0.8430699999999995,2451
2026-07-15T18:00:00+00:00,0.8430699999999995,0.8430899999999996,0.8427399999999996,0.8428599999999996,2594
2026-07-15T18:15:00+00:00,0.8428599999999996,0.8430499999999995,0.8426699999999996,0.8430499999999995,2320
2026-07-15T18:30:00+00:00,0.8430499999999995,0.8433499999999996,0.8430199999999995,0.8432399999999995,2399
2026-07-15T18:45:00+00:00,0.8432399999999995,0.8433799999999996,0.8431599999999996,0.8432699999999995,2456
2026-07-15T19:00:00+00:00,0.8432699999999995,0.8434499999999996,0.8430899999999996,0.8434299999999996,2418
2026-07-15T19:15:00+00:00,0.8434299999999996,0.8437199999999996,0.8434099999999995,0.8436699999999996,2193
2026-07-15T19:30:00+00:00,0.8436699999999996,0.8436899999999996,0.8433899999999995,0.8434299999999996,2876
2026-07-15T19:45:00+00:00,0.8434299999999996,0.8434499999999996,0.8431699999999995,0.8431699999999995,2211
2026-07-15T20:00:00+00:00,0.8431699999999995,0.8431799999999996,0.8429399999999996,0.8429499999999995,925
2026-07-15T20:15:00+00:00,0.8429499999999995,0.8429799999999996,0.8428599999999996,0.8429199999999996,728
2026-07-15T20:30:00+00:00,0.8429199999999996,0.8430399999999996,0.8428599999999996,0.8430199999999995,938
2026-07-15T20:45:00+00:00,0.8430199999999995,0.8430899999999996,0.8426399999999996,0.8426399999999996,1447
2026-07-15T21:00:00+00:00,0.8426399999999996,0.8427299999999995,0.8423099999999996,0.8425799999999996,100.89582326233369
2026-07-15T21:15:00+00:00,0.8425799999999996,0.8428699999999996,0.8424999999999996,0.8428599999999996,1383
2026-07-15T21:30:00+00:00,0.8428599999999996,0.8430899999999996,0.8427299999999995,0.8429999999999995,2065
2026-07-15T21:45:00+00:00,0.8429999999999995,0.8431599999999996,0.8426799999999995,0.8429199999999996,1920
2026-07-15T22:00:00+00:00,0.8429199999999996,0.8431199999999995,0.8428799999999995,0.8429999999999995,489
2026-07-15T22:15:00+00:00,0.8429999999999995,0.8430299999999996,0.8429099999999996,0.8429899999999996,303
2026-07-15T22:30:00+00:00,0.8429899999999996,0.8430599999999996,0.8429799999999996,0.8430099999999996,193
2026-07-15T22:45:00+00:00,0.8430099999999996,0.8431899999999996,0.8429799999999996,0.8431899999999996,258.7625398744751
2026-07-15T23:00:00+00:00,0.8431899999999996,0.8432299999999996,0.8431599999999996,0.8431899999999996,423.9258631094854
2026-07-15T23:15:00+00:00,0.8431899999999996,0.8432199999999995,0.8431299999999996,0.8431699999999995,456
2026-07-15T23:30:00+00:00,0.8431699999999995,0.8432099999999996,0.8430999999999995,0.8431199999999995,380
2026-07-15T23:45:00+00:00,0.8431199999999995,0.8433899999999995,0.8430999999999995,0.8433799999999996,723
2026-07-16T00:00:00+00:00,0.8433799999999996,0.8434899999999995,0.8433199999999995,0.8433399999999995,1600
2026-07-16T00:15:00+00:00,0.8433399999999995,0.8435499999999996,0.8433099999999996,0.8435099999999995,1171
2026-07-16T00:30:00+00:00,0.8435099999999995,0.8438199999999996,0.8435099999999995,0.8437399999999996,1422
2026-07-16T00:45:00+00:00,0.8437399999999996,0.8441499999999995,0.8436599999999995,0.8439599999999996,2644
2026-07-16T01:00:00+00:00,0.8439599999999996,0.8439799999999996,0.8438199999999996,0.8439499999999995,1635
2026-07-16T01:15:00+00:00,0.8439499999999995,0.8440199999999995,0.8438999999999995,0.8439699999999996,1635
2026-07-16T01:30:00+00:00,0.8439699999999996,0.8439699999999996,0.8437499999999996,0.8437999999999996,1634
2026-07-16T01:45:00+00:00,0.8437999999999996,0.8438499999999995,0.8437399999999996,0.8438099999999996,1147
2026-07-16T02:00:00+00:00,0.8438099999999996,0.8439299999999995,0.8436799999999995,0.8437699999999996,1258
2026-07-16T02:15:00+00:00,0.8437699999999996,0.8439399999999996,0.8437299999999995,0.8438099999999996,1186
2026-07-16T02:30:00+00:00,0.8438099999999996,0.8438899999999996,0.8437699999999996,0.8438199999999996,1117
2026-07-16T02:45:00+00:00,0.8438199999999996,0.8438499999999995,0.8437099999999995,0.8437299999999995,1038
2026-07-16T03:00:00+00:00,0.8437299999999995,0.8437599999999996,0.8433399999999995,0.8433899999999995,1091
2026-07-16T03:15:00+00:00,0.8433899999999995,0.8434999999999996,0.8433599999999996,0.8434799999999996,954
2026-07-16T03:30:00+00:00,0.8434799999999996,0.8434899999999996,0.8433399999999995,0.8434499999999996,974
2026-07-16T03:45:00+00:00,0.8434499999999996,0.8435399999999996,0.8434199999999996,0.8434799999999996,886
2026-07-16T04:00:00+00:00,0.8434799999999996,0.8434899999999996,0.8432699999999996,0.8432799999999996,982
2026-07-16T04:15:00+00:00,0.8432799999999996,0.8433999999999996,0.8432299999999996,0.8433699999999996,877
2026-07-16T04:30:00+00:00,0.8433699999999996,0.8434299999999996,0.8433399999999995,0.8434099999999995,788
2026-07-16T04:45:00+00:00,0.8434099999999995,0.8434999999999996,0.8433899999999995,0.8434899999999996,460
2026-07-16T05:00:00+00:00,0.8434899999999996,0.8434899999999996,0.8433299999999996,0.8433599999999996,784
2026-07-16T05:15:00+00:00,0.8433599999999996,0.8433699999999996,0.8432099999999996,0.8432299999999996,972
2026-07-16T05:30:00+00:00,0.8432299999999996,0.8434699999999996,0.8431299999999996,0.8434599999999995,1634
2026-07-16T05:45:00+00:00,0.8434599999999995,0.8435599999999995,0.8432699999999996,0.8434699999999996,1648
2026-07-16T06:00:00+00:00,0.8434699999999996,0.8436299999999995,0.8432899999999995,0.8433399999999995,2557
2026-07-16T06:15:00+00:00,0.8433399999999995,0.8435099999999995,0.8433099999999996,0.8434299999999996,1875
2026-07-16T06:30:00+00:00,0.8434299999999996,0.8434799999999996,0.8432099999999996,0.8433099999999996,2007
2026-07-16T06:45:00+00:00,0.8433099999999996,0.8435199999999996,0.8431099999999996,0.8431799999999996,1893
2026-07-16T07:00:00+00:00,0.8431799999999996,0.8434499999999996,0.8430999999999996,0.8434199999999996,2209
2026-07-16T07:15:00+00:00,0.8434199999999996,0.8437699999999996,0.8433899999999995,0.8436899999999996,1953
2026-07-16T07:30:00+00:00,0.8436899999999996,0.8437999999999996,0.8434399999999995,0.8437599999999996,1660
2026-07-16T07:45:00+00:00,0.8437599999999996,0.8439599999999996,0.8436199999999996,0.8436899999999996,2271
2026-07-16T08:00:00+00:00,0.8436899999999996,0.8440099999999996,0.8436899999999996,0.8439599999999996,2469
2026-07-16T08:15:00+00:00,0.8439599999999996,0.8441899999999996,0.8438899999999996,0.8440599999999996,1949
2026-07-16T08:30:00+00:00,0.8440599999999996,0.8442699999999995,0.8438699999999996,0.8441299999999996,1886
2026-07-16T08:45:00+00:00,0.8441299999999996,0.8442199999999995,0.8439799999999996,0.8441899999999996,1622
2026-07-16T09:00:00+00:00,0.8441899999999996,0.8443599999999996,0.8439899999999996,0.8442599999999996,1652
2026-07-16T09:15:00+00:00,0.8442599999999996,0.8446699999999996,0.8441999999999996,0.8446399999999996,1575
2026-07-16T09:30:00+00:00,0.8446399999999996,0.8448099999999996,0.8445699999999996,0.8447599999999996,1921
2026-07-16T09:45:00+00:00,0.8447599999999996,0.8450499999999995,0.8447499999999996,0.8450499999999995,1394
2026-07-16T10:00:00+00:00,0.8450499999999995,0.8450699999999995,0.8449099999999996,0.8449999999999995,1488
2026-07-16T10:15:00+00:00,0.8449999999999995,0.8452399999999995,0.8449899999999996,0.8451999999999996,1411
2026-07-16T10:30:00+00:00,0.8451999999999996,0.8452099999999996,0.8449499999999995,0.8449999999999995,1841
2026-07-16T10:45:00+00:00,0.8449999999999995,0.8450699999999995,0.8448099999999996,0.8448199999999996,1671
2026-07-16T11:00:00+00:00,0.8448199999999996,0.8452099999999996,0.8447999999999996,0.8450699999999995,1890
2026-07-16T11:15:00+00:00,0.8450699999999995,0.8453799999999996,0.8450499999999995,0.8453199999999996,1838
2026-07-16T11:30:00+00:00,0.8453199999999996,0.8453499999999996,0.8451899999999996,0.8453199999999996,1851
2026-07-16T11:45:00+00:00,0.8453199999999996,0.8454399999999995,0.8452299999999996,0.8452899999999995,2888
2026-07-16T12:00:00+00:00,0.8452899999999995,0.8453299999999996,0.8448099999999996,0.8448899999999996,2255
2026-07-16T12:15:00+00:00,0.8448899999999996,0.8450399999999996,0.8446399999999996,0.8449199999999996,2362
2026-07-16T12:30:00+00:00,0.8449199999999996,0.8451099999999996,0.8442399999999995,0.8442799999999996,2835
2026-07-16T12:45:00+00:00,0.8442799999999996,0.8444999999999996,0.8442399999999995,0.8443099999999996,2937
2026-07-16T13:00:00+00:00,0.8443099999999996,0.8443199999999996,0.8439799999999996,0.8441999999999996,3078
2026-07-16T13:15:00+00:00,0.8441999999999996,0.8444199999999996,0.8440999999999996,0.8443899999999995,2314
2026-07-16T13:30:00+00:00,0.8443899999999995,0.8444499999999996,0.8437999999999996,0.8438299999999995,2733
2026-07-16T13:45:00+00:00,0.8438299999999995,0.8439899999999996,0.8435899999999996,0.8437699999999996,3146
2026-07-16T14:00:00+00:00,0.8437699999999996,0.8438999999999995,0.8436799999999995,0.8437899999999996,2961
2026-07-16T14:15:00+00:00,0.8437899999999996,0.8439199999999996,0.8437099999999996,0.8437799999999995,2586
2026-07-16T14:30:00+00:00,0.8437799999999995,0.8438899999999996,0.8435399999999996,0.8438899999999996,2430
2026-07-16T14:45:00+00:00,0.8438899999999996,0.8446099999999995,0.8438099999999996,0.8445399999999996,3181
2026-07-16T15:00:00+00:00,0.8445399999999996,0.8446699999999996,0.8443599999999996,0.8443899999999995,3027
2026-07-16T15:15:00+00:00,0.8443899999999995,0.8447999999999996,0.8443299999999996,0.8447899999999996,2310
2026-07-16T15:30:00+00:00,0.8447899999999996,0.8451399999999996,0.8446399999999996,0.8450699999999995,2147
2026-07-16T15:45:00+00:00,0.8450699999999995,0.8452399999999995,0.8448199999999996,0.8451699999999995,2076
2026-07-16T16:00:00+00:00,0.8451699999999995,0.8453799999999996,0.8450999999999996,0.8453499999999996,1970
2026-07-16T16:15:00+00:00,0.8453499999999996,0.8454499999999996,0.8452199999999995,0.8452999999999996,2312
2026-07-16T16:30:00+00:00,0.8452999999999996,0.8453599999999996,0.8452299999999996,0.8453099999999996,1402
2026-07-16T16:45:00+00:00,0.8453099999999996,0.8453699999999996,0.8452799999999996,0.8453399999999995,1419
2026-07-16T17:00:00+00:00,0.8453399999999995,0.8454999999999996,0.8453199999999996,0.8454199999999996,1494
2026-07-16T17:15:00+00:00,0.8454199999999996,0.8454399999999995,0.8452399999999995,0.8452799999999996,1004
2026-07-16T17:30:00+00:00,0.8452799999999996,0.8452899999999995,0.8451699999999995,0.8452599999999996,1040
2026-07-16T17:45:00+00:00,0.8452599999999996,0.8453199999999996,0.8451699999999995,0.8452299999999996,1261
2026-07-16T18:00:00+00:00,0.8452299999999996,0.8454899999999996,0.8452299999999996,0.8454499999999996,1357
2026-07-16T18:15:00+00:00,0.8454499999999996,0.8454699999999996,0.8453199999999996,0.8453399999999995,1082
2026-07-16T18:30:00+00:00,0.8453399999999995,0.8453999999999996,0.8453199999999996,0.8453799999999996,974
2026-07-16T18:45:00+00:00,0.8453799999999996,0.8454199999999996,0.8452999999999996,0.8453499999999996,1015
2026-07-16T19:00:00+00:00,0.8453499999999996,0.8453999999999996,0.8452699999999995,0.8453799999999996,1223
2026-07-16T19:15:00+00:00,0.8453799999999996,0.8453799999999996,0.8452299999999996,0.8452599999999996,1048
2026-07-16T19:30:00+00:00,0.8452599999999996,0.8453099999999996,0.8451899999999996,0.8451899999999996,859
2026-07-16T19:45:00+00:00,0.8451899999999996,0.8452999999999996,0.8451899999999996,0.8451999999999996,1468
2026-07-16T20:00:00+00:00,0.8451999999999996,0.8452599999999996,0.8451599999999996,0.8451999999999996,1103
2026-07-16T20:15:00+00:00,0.8451999999999996,0.8451999999999996,0.8450599999999996,0.8450999999999996,412
2026-07-16T20:30:00+00:00,0.8450999999999996,0.8452399999999995,0.8450799999999996,0.8451699999999995,669
2026-07-16T20:45:00+00:00,0.8451699999999995,0.8451899999999996,0.8449399999999996,0.8449499999999995,786
2026-07-16T21:00:00+00:00,0.8449499999999995,0.8451599999999996,0.8443599999999996,0.8448499999999997,211.87278938519435
2026-07-16T21:15:00+00:00,0.8448499999999997,0.8449999999999996,0.8447999999999996,0.8449799999999996,181
2026-07-16T21:30:00+00:00,0.8449799999999996,0.8450899999999996,0.8449199999999996,0.8450899999999996,266
2026-07-16T21:45:00+00:00,0.8450899999999996,0.8451299999999996,0.8450199999999995,0.8451299999999996,306
2026-07-16T22:00:00+00:00,0.8451299999999996,0.8454199999999996,0.8451299999999996,0.8453999999999996,656
2026-07-16T22:15:00+00:00,0.8453999999999996,0.8454099999999996,0.8453099999999996,0.8453699999999995,186.03520958083834
2026-07-16T22:30:00+00:00,0.8453699999999995,0.8453799999999996,0.8453199999999995,0.8453599999999996,229
2026-07-16T22:45:00+00:00,0.8453599999999996,0.8454199999999995,0.8453399999999995,0.8453899999999995,194
2026-07-16T23:00:00+00:00,0.8453899999999995,0.8454299999999996,0.8453399999999995,0.8453899999999995,428
2026-07-16T23:15:00+00:00,0.8453899999999995,0.8454099999999996,0.8453599999999996,0.8453899999999995,369
2026-07-16T23:30:00+00:00,0.8453899999999995,0.8454299999999996,0.8453399999999995,0.8454099999999996,318
2026-07-16T23:45:00+00:00,0.8454099999999996,0.8454099999999996,0.8452999999999995,0.8453099999999996,633
2026-07-17T00:00:00+00:00,0.8453099999999996,0.8455099999999995,0.8453099999999996,0.8454999999999996,1396
2026-07-17T00:15:00+00:00,0.8454999999999996,0.8455299999999996,0.8454399999999995,0.8454899999999995,1551
2026-07-17T00:30:00+00:00,0.8454899999999995,0.8455599999999995,0.8454699999999995,0.8455299999999996,1193
2026-07-17T00:45:00+00:00,0.8455299999999996,0.8455299999999996,0.8453899999999995,0.8454799999999996,2181
2026-07-17T01:00:00+00:00,0.8454799999999996,0.8455099999999995,0.8453199999999995,0.8453599999999996,2102
2026-07-17T01:15:00+00:00,0.8453599999999996,0.8454599999999995,0.8453199999999995,0.8453799999999996,1964
2026-07-17T01:30:00+00:00,0.8453799999999996,0.8455699999999995,0.8453799999999996,0.8455599999999995,1249
2026-07-17T01:45:00+00:00,0.8455599999999995,0.8456699999999996,0.8455399999999995,0.8456099999999995,1790
2026-07-17T02:00:00+00:00,0.8456099999999995,0.8456399999999995,0.8455599999999995,0.8455999999999996,1739
2026-07-17T02:15:00+00:00,0.8455999999999996,0.8456299999999995,0.8455699999999995,0.8455999999999996,1421
2026-07-17T02:30:00+00:00,0.8455999999999996,0.8456499999999996,0.8455699999999995,0.8456199999999995,1721
2026-07-17T02:45:00+00:00,0.8456199999999995,0.8456499999999996,0.8455799999999996,0.8455999999999996,1554
2026-07-17T03:00:00+00:00,0.8455999999999996,0.8456299999999995,0.8455599999999995,0.8455899999999995,1972
2026-07-17T03:15:00+00:00,0.8455899999999995,0.8455899999999995,0.8454599999999995,0.8455299999999996,1650
2026-07-17T03:30:00+00:00,0.8455299999999996,0.8456099999999995,0.8455299999999996,0.8455799999999996,946
2026-07-17T03:45:00+00:00,0.8455799999999996,0.8456799999999995,0.8455399999999995,0.8456699999999996,977
2026-07-17T04:00:00+00:00,0.8456699999999996,0.8456999999999996,0.8456199999999995,0.8456499999999996,1444
2026-07-17T04:15:00+00:00,0.8456499999999996,0.8457999999999996,0.8456399999999995,0.8457699999999996,1510
2026-07-17T04:30:00+00:00,0.8457699999999996,0.8458799999999995,0.8457599999999995,0.8458799999999995,1180
2026-07-17T04:45:00+00:00,0.8458799999999995,0.8458899999999996,0.8458099999999995,0.8458499999999995,823
2026-07-17T05:00:00+00:00,0.8458499999999995,0.8458899999999996,0.8457999999999996,0.8458399999999995,589
2026-07-17T05:15:00+00:00,0.8458399999999995,0.8459199999999996,0.8458299999999995,0.8458399999999995,813
2026-07-17T05:30:00+00:00,0.8458399999999995,0.8459799999999995,0.8458299999999995,0.8459399999999996,1708
2026-07-17T05:45:00+00:00,0.8459399999999996,0.8459699999999996,0.8457899999999995,0.8458699999999996,1907
2026-07-17T06:00:00+00:00,0.8458699999999996,0.8461299999999995,0.8458299999999995,0.8460199999999996,1945
2026-07-17T06:15:00+00:00,0.8460199999999996,0.8460399999999996,0.8458799999999995,0.8459999999999995,1859
2026-07-17T06:30:00+00:00,0.8459999999999995,0.8460599999999996,0.8458999999999995,0.8459999999999995,1853
2026-07-17T06:45:00+00:00,0.8459999999999995,0.8461299999999995,0.8458899999999996,0.8458999999999995,2057
2026-07-17T07:00:00+00:00,0.8458999999999995,0.8460499999999995,0.8456499999999996,0.8460299999999995,2161
2026-07-17T07:15:00+00:00,0.8460299999999995,0.8462399999999995,0.8459299999999995,0.8459599999999995,1850
2026-07-17T07:30:00+00:00,0.8459599999999995,0.8461999999999995,0.8458699999999996,0.8461499999999995,1897
2026-07-17T07:45:00+00:00,0.8461499999999995,0.8466599999999995,0.8461499999999995,0.8465899999999995,1700
2026-07-17T08:00:00+00:00,0.8465899999999995,0.8467399999999995,0.8463699999999995,0.8465599999999995,2365
2026-07-17T08:15:00+00:00,0.8465599999999995,0.8467699999999996,0.8463299999999996,0.8467599999999995,2835
2026-07-17T08:30:00+00:00,0.8467599999999995,0.8471099999999996,0.8465799999999996,0.8470599999999996,2277
2026-07-17T08:45:00+00:00,0.8470599999999996,0.8472999999999995,0.8470099999999995,0.8471899999999996,1908
2026-07-17T09:00:00+00:00,0.8471899999999996,0.8474499999999995,0.8471199999999995,0.8471699999999995,2356
2026-07-17T09:15:00+00:00,0.8471699999999995,0.8475599999999995,0.8470999999999995,0.8472299999999995,1874
2026-07-17T09:30:00+00:00,0.8472299999999995,0.8472499999999995,0.8470599999999996,0.8471399999999996,1842
2026-07-17T09:45:00+00:00,0.8471399999999996,0.8472999999999995,0.8470799999999995,0.8471599999999996,1544
2026-07-17T10:00:00+00:00,0.8471599999999996,0.8473599999999996,0.8470299999999995,0.8472299999999995,1777
2026-07-17T10:15:00+00:00,0.8472299999999995,0.8473099999999996,0.8469899999999996,0.8471099999999996,1827
2026-07-17T10:30:00+00:00,0.8471099999999996,0.8472699999999995,0.8470899999999996,0.8472499999999995,1422
2026-07-17T10:45:00+00:00,0.8472499999999995,0.8472799999999996,0.8468499999999995,0.8468699999999996,2080
2026-07-17T11:00:00+00:00,0.8468699999999996,0.8470299999999995,0.8467499999999996,0.8467899999999995,2220
2026-07-17T11:15:00+00:00,0.8467899999999995,0.8468699999999996,0.8465099999999995,0.8466799999999995,2045
2026-07-17T11:30:00+00:00,0.8466799999999995,0.8468999999999995,0.8465899999999995,0.8468699999999996,2283
2026-07-17T11:45:00+00:00,0.8468699999999996,0.8468899999999996,0.8466499999999996,0.8466999999999996,1932
2026-07-17T12:00:00+00:00,0.8466999999999996,0.8471699999999995,0.8466699999999996,0.8469799999999995,2251
2026-07-17T12:15:00+00:00,0.8469799999999995,0.8473299999999996,0.8468899999999996,0.8471999999999995,2053
2026-07-17T12:30:00+00:00,0.8471999999999995,0.8472599999999996,0.8466899999999995,0.8467499999999996,2350
2026-07-17T12:45:00+00:00,0.8467499999999996,0.8470799999999995,0.8466799999999995,0.8470299999999995,2490
2026-07-17T13:00:00+00:00,0.8470299999999995,0.8471499999999995,0.8469399999999996,0.8469699999999996,2759
2026-07-17T13:15:00+00:00,0.8469699999999996,0.8469799999999995,0.8465999999999996,0.8466099999999995,2494
2026-07-17T13:30:00+00:00,0.8466099999999995,0.8467099999999995,0.8462599999999996,0.8465599999999995,3992
2026-07-17T13:45:00+00:00,0.8465599999999995,0.8466199999999995,0.8463199999999995,0.8463399999999995,3671
2026-07-17T14:00:00+00:00,0.8463399999999995,0.8466499999999996,0.8461699999999995,0.8466499999999996,3029
2026-07-17T14:15:00+00:00,0.8466499999999996,0.8468199999999996,0.8464499999999995,0.8464799999999996,2670
2026-07-17T14:30:00+00:00,0.8464799999999996,0.8467199999999996,0.8463999999999995,0.8466499999999996,2618
2026-07-17T14:45:00+00:00,0.8466499999999996,0.8471099999999996,0.8465699999999995,0.8469899999999996,3422
2026-07-17T15:00:00+00:00,0.8469899999999996,0.8470699999999995,0.8467799999999995,0.8469099999999995,2805
2026-07-17T15:15:00+00:00,0.8469099999999995,0.8469199999999996,0.8465799999999996,0.8465899999999995,2214
2026-07-17T15:30:00+00:00,0.8465899999999995,0.8468499999999995,0.8465299999999996,0.8467199999999996,2968
2026-07-17T15:45:00+00:00,0.8467199999999996,0.8471099999999996,0.8467199999999996,0.8470199999999996,2664
2026-07-17T16:00:00+00:00,0.8470199999999996,0.8470799999999995,0.8467399999999995,0.8467799999999995,3034
2026-07-17T16:15:00+00:00,0.8467799999999995,0.8467799999999995,0.8464999999999996,0.8465699999999995,1974
2026-07-17T16:30:00+00:00,0.8465699999999995,0.8466799999999995,0.8463999999999995,0.8464299999999996,1814
2026-07-17T16:45:00+00:00,0.8464299999999996,0.8464599999999995,0.8461799999999995,0.8461899999999996,1977
2026-07-17T17:00:00+00:00,0.8461899999999996,0.8461999999999995,0.8457999999999996,0.8459499999999995,1812
2026-07-17T17:15:00+00:00,0.8459499999999995,0.8461199999999995,0.8459099999999995,0.8460699999999995,1640
2026-07-17T17:30:00+00:00,0.8460699999999995,0.8461799999999995,0.8460599999999996,0.8461499999999995,1285
2026-07-17T17:45:00+00:00,0.8461499999999995,0.8461899999999996,0.8460599999999996,0.8460799999999995,1351
2026-07-17T18:00:00+00:00,0.8460799999999995,0.8461799999999995,0.8460499999999995,0.8461099999999996,1556
2026-07-17T18:15:00+00:00,0.8461099999999996,0.8461799999999995,0.8460399999999996,0.8460999999999995,1904
2026-07-17T18:30:00+00:00,0.8460999999999995,0.8461899999999996,0.8460699999999995,0.8461599999999996,1160
2026-07-17T18:45:00+00:00,0.8461599999999996,0.8461899999999996,0.8460799999999995,0.8460899999999996,1439
2026-07-17T19:00:00+00:00,0.8460899999999996,0.8462599999999996,0.8460799999999995,0.8462099999999996,1779
2026-07-17T19:15:00+00:00,0.8462099999999996,0.8462199999999995,0.8461299999999995,0.8461899999999996,1948
2026-07-17T19:30:00+00:00,0.8461899999999996,0.8461899999999996,0.8460999999999995,0.8461299999999995,1952
2026-07-17T19:45:00+00:00,0.8461299999999995,0.8462199999999995,0.8460699999999995,0.8462199999999995,2261
2026-07-17T20:00:00+00:00,0.8462199999999995,0.8463099999999996,0.8461599999999996,0.8462399999999995,1179
2026-07-17T20:15:00+00:00,0.8462399999999995,0.8463799999999996,0.8462199999999995,0.8463499999999995,835
2026-07-17T20:30:00+00:00,0.8463499999999995,0.8463599999999996,0.8462299999999995,0.8462599999999996,661
2026-07-17T20:45:00+00:00,0.8462599999999996,0.8463099999999996,0.8454999999999996,0.8461799999999996,2428.6281170943257
2026-07-19T21:00:00+00:00,0.8461799999999996,0.8465999999999997,0.8459999999999995,0.8465699999999996,117.25256980696864
2026-07-19T21:15:00+00:00,0.8465699999999996,0.8472399999999997,0.8464899999999996,0.8467799999999996,1654
2026-07-19T21:30:00+00:00,0.8467799999999996,0.8471199999999997,0.8466199999999997,0.8470399999999997,1882
2026-07-19T21:45:00+00:00,0.8470399999999997,0.8473199999999996,0.8469799999999996,0.8470799999999996,1252
2026-07-19T22:00:00+00:00,0.8470799999999996,0.8477499999999997,0.8470799999999996,0.8476299999999997,1595
2026-07-19T22:15:00+00:00,0.8476299999999997,0.8476999999999997,0.8474299999999997,0.8474699999999996,963
2026-07-19T22:30:00+00:00,0.8474699999999996,0.8475199999999996,0.8473999999999996,0.8474499999999996,598
2026-07-19T22:45:00+00:00,0.8474499999999996,0.8474699999999996,0.8473999999999996,0.8473999999999996,263
2026-07-19T23:00:00+00:00,0.8473999999999996,0.8474199999999996,0.8473099999999997,0.8473499999999996,510
2026-07-19T23:15:00+00:00,0.8473499999999996,0.8474099999999997,0.8473199999999996,0.8473799999999997,563
2026-07-19T23:30:00+00:00,0.8473799999999997,0.8474699999999996,0.8473299999999997,0.8473399999999996,406
2026-07-19T23:45:00+00:00,0.8473399999999996,0.8474499999999996,0.8473199999999996,0.8474199999999996,646
2026-07-20T00:00:00+00:00,0.8474199999999996,0.8475299999999997,0.8473999999999997,0.8474799999999997,1925
2026-07-20T00:15:00+00:00,0.8474799999999997,0.8474899999999996,0.8473599999999997,0.8474299999999997,1582
2026-07-20T00:30:00+00:00,0.8474299999999997,0.8475199999999996,0.8474199999999996,0.8475099999999997,1738
2026-07-20T00:45:00+00:00,0.8475099999999997,0.8475899999999996,0.8474599999999997,0.8475199999999996,1444
2026-07-20T01:00:00+00:00,0.8475199999999996,0.8475399999999996,0.8474499999999997,0.8474699999999996,1948
2026-07-20T01:15:00+00:00,0.8474699999999996,0.8474999999999997,0.8474099999999997,0.8474699999999996,1883
2026-07-20T01:30:00+00:00,0.8474699999999996,0.8475399999999996,0.8474599999999997,0.8474799999999997,1728
2026-07-20T01:45:00+00:00,0.8474799999999997,0.8475499999999997,0.8474599999999997,0.8474799999999997,1388
2026-07-20T02:00:00+00:00,0.8474799999999997,0.8475099999999997,0.8473499999999996,0.8473499999999996,2024
2026-07-20T02:15:00+00:00,0.8473499999999996,0.8474199999999996,0.8472799999999997,0.8473699999999996,1602
2026-07-20T02:30:00+00:00,0.8473699999999996,0.8474299999999997,0.8473399999999996,0.8473799999999997,1616
2026-07-20T02:45:00+00:00,0.8473799999999997,0.8475499999999997,0.8473599999999997,0.8475299999999997,1678
2026-07-20T03:00:00+00:00,0.8475299999999997,0.8475799999999997,0.8474699999999996,0.8474899999999996,1558
2026-07-20T03:15:00+00:00,0.8474899999999996,0.8475299999999997,0.8474799999999997,0.8474999999999997,889
2026-07-20T03:30:00+00:00,0.8474999999999997,0.8475199999999996,0.8474699999999996,0.8474899999999996,913
2026-07-20T03:45:00+00:00,0.8474899999999996,0.8475199999999996,0.8474399999999996,0.8474999999999997,851
2026-07-20T04:00:00+00:00,0.8474999999999997,0.8475099999999997,0.8474099999999997,0.8474199999999996,853
2026-07-20T04:15:00+00:00,0.8474199999999996,0.8474399999999996,0.8473399999999996,0.8473599999999997,714
2026-07-20T04:30:00+00:00,0.8473599999999997,0.8473799999999997,0.8472899999999997,0.8473499999999996,888
2026-07-20T04:45:00+00:00,0.8473499999999996,0.8473699999999996,0.8472599999999997,0.8473199999999996,1016
2026-07-20T05:00:00+00:00,0.8473199999999996,0.8473699999999996,0.8472899999999997,0.8473299999999997,1142
2026-07-20T05:15:00+00:00,0.8473299999999997,0.8473399999999996,0.8471299999999996,0.8471499999999996,1251
2026-07-20T05:30:00+00:00,0.8471499999999996,0.8471799999999996,0.8469799999999996,0.8469999999999996,791
2026-07-20T05:45:00+00:00,0.8469999999999996,0.8471399999999997,0.8469899999999997,0.8470199999999997,1145
2026-07-20T06:00:00+00:00,0.8470199999999997,0.8470799999999996,0.8469399999999997,0.8470499999999996,1818
2026-07-20T06:15:00+00:00,0.8470499999999996,0.8470899999999997,0.8468899999999997,0.8470699999999997,1573
2026-07-20T06:30:00+00:00,0.8470699999999997,0.8471299999999996,0.8469399999999997,0.8469499999999996,1653
2026-07-20T06:45:00+00:00,0.8469499999999996,0.8472399999999997,0.8469499999999996,0.8471399999999997,1644
2026-07-20T07:00:00+00:00,0.8471399999999997,0.8471699999999996,0.8468199999999997,0.8468399999999997,2026
2026-07-20T07:15:00+00:00,0.8468399999999997,0.8470999999999996,0.8468099999999996,0.8469399999999997,2189
2026-07-20T07:30:00+00:00,0.8469399999999997,0.8471099999999997,0.8467399999999996,0.8467899999999997,2472
2026-07-20T07:45:00+00:00,0.8467899999999997,0.8469199999999997,0.8465999999999997,0.8466799999999997,2106
2026-07-20T08:00:00+00:00,0.8466799999999997,0.8468099999999996,0.8466099999999996,0.8466999999999997,1681
2026-07-20T08:15:00+00:00,0.8466999999999997,0.8468899999999997,0.8465699999999996,0.8467999999999997,1795
2026-07-20T08:30:00+00:00,0.8467999999999997,0.8469799999999996,0.8467999999999997,0.8468999999999997,1360
2026-07-20T08:45:00+00:00,0.8468999999999997,0.8469899999999997,0.8466999999999997,0.8467199999999997,1555
2026-07-20T09:00:00+00:00,0.8467199999999997,0.8470299999999996,0.8467199999999997,0.8468999999999997,1821
2026-07-20T09:15:00+00:00,0.8468999999999997,0.8470099999999997,0.8467999999999997,0.8468699999999997,1442
2026-07-20T09:30:00+00:00,0.8468699999999997,0.8468799999999996,0.8464499999999997,0.8464499999999997,1569
2026-07-20T09:45:00+00:00,0.8464499999999997,0.8465399999999996,0.8462699999999996,0.8464699999999996,1824
2026-07-20T10:00:00+00:00,0.8464699999999996,0.8466699999999997,0.8462699999999996,0.8462699999999996,1946
2026-07-20T10:15:00+00:00,0.8462699999999996,0.8464199999999996,0.8460999999999996,0.8463399999999996,1749
2026-07-20T10:30:00+00:00,0.8463399999999996,0.8464399999999996,0.8462499999999996,0.8463099999999997,1771
2026-07-20T10:45:00+00:00,0.8463099999999997,0.8463699999999996,0.8461599999999997,0.8462299999999997,1757
2026-07-20T11:00:00+00:00,0.8462299999999997,0.8463199999999996,0.8460799999999996,0.8461099999999997,2081
2026-07-20T11:15:00+00:00,0.8461099999999997,0.8463399999999996,0.8461099999999997,0.8463399999999996,1530
2026-07-20T11:30:00+00:00,0.8463399999999996,0.8465199999999996,0.8462299999999997,0.8464799999999997,3937
2026-07-20T11:45:00+00:00,0.8464799999999997,0.8466899999999996,0.8463399999999996,0.8464499999999997,2159
2026-07-20T12:00:00+00:00,0.8464499999999997,0.8465999999999997,0.8461699999999996,0.8461699999999996,2568
2026-07-20T12:15:00+00:00,0.8461699999999996,0.8463499999999996,0.8461099999999997,0.8463199999999996,2677
2026-07-20T12:30:00+00:00,0.8463199999999996,0.8465699999999996,0.8463099999999997,0.8465299999999997,2104
2026-07-20T12:45:00+00:00,0.8465299999999997,0.8467399999999996,0.8464499999999997,0.8465199999999996,2464
2026-07-20T13:00:00+00:00,0.8465199999999996,0.8465399999999996,0.8461499999999996,0.8461999999999996,2264
2026-07-20T13:15:00+00:00,0.8461999999999996,0.8462199999999996,0.8459799999999996,0.8460399999999997,2239
2026-07-20T13:30:00+00:00,0.8460399999999997,0.8462999999999996,0.8459499999999996,0.8462899999999997,3025
2026-07-20T13:45:00+00:00,0.8462899999999997,0.8465499999999997,0.8460399999999997,0.8460399999999997,2697
2026-07-20T14:00:00+00:00,0.8460399999999997,0.8461499999999996,0.8458099999999996,0.8460499999999996,2797
2026-07-20T14:15:00+00:00,0.8460499999999996,0.8462399999999997,0.8459699999999997,0.8460999999999996,2743
2026-07-20T14:30:00+00:00,0.8460999999999996,0.8462499999999996,0.8459899999999997,0.8460399999999997,2830
2026-07-20T14:45:00+00:00,0.8460399999999997,0.8464199999999996,0.8460399999999997,0.8462299999999997,3420
2026-07-20T15:00:00+00:00,0.8462299999999997,0.8476099999999996,0.8462299999999997,0.8474799999999997,4796
2026-07-20T15:15:00+00:00,0.8474799999999997,0.8479299999999996,0.8474399999999996,0.8476299999999997,2432
2026-07-20T15:30:00+00:00,0.8476299999999997,0.8479599999999996,0.8476099999999996,0.8477999999999997,2078
2026-07-20T15:45:00+00:00,0.8477999999999997,0.8480199999999997,0.8477499999999997,0.8479199999999997,1879
2026-07-20T16:00:00+00:00,0.8479199999999997,0.8482899999999997,0.8479099999999996,0.8480499999999996,2329
2026-07-20T16:15:00+00:00,0.8480499999999996,0.8481999999999996,0.8479699999999997,0.8479899999999997,1883
2026-07-20T16:30:00+00:00,0.8479899999999997,0.8480999999999996,0.8478999999999997,0.8479599999999996,2077
2026-07-20T16:45:00+00:00,0.8479599999999996,0.8480299999999996,0.8477799999999996,0.8477899999999996,1832
2026-07-20T17:00:00+00:00,0.8477899999999996,0.8478699999999997,0.8476299999999997,0.8478299999999996,1938
2026-07-20T17:15:00+00:00,0.8478299999999996,0.8478799999999996,0.8474399999999996,0.8474599999999997,1490
2026-07-20T17:30:00+00:00,0.8474599999999997,0.8475499999999997,0.8473199999999996,0.8473299999999997,1186
2026-07-20T17:45:00+00:00,0.8473299999999997,0.8473399999999996,0.8471699999999996,0.8472799999999997,1416
2026-07-20T18:00:00+00:00,0.8472799999999997,0.8472999999999996,0.8471299999999996,0.8471699999999996,1504
2026-07-20T18:15:00+00:00,0.8471699999999996,0.8472399999999997,0.8470999999999996,0.8471599999999997,1941
2026-07-20T18:30:00+00:00,0.8471599999999997,0.8472399999999997,0.8470999999999996,0.8471499999999996,1594
2026-07-20T18:45:00+00:00,0.8471499999999996,0.8471999999999996,0.8470899999999997,0.8470899999999997,1887
2026-07-20T19:00:00+00:00,0.8470899999999997,0.8472599999999997,0.8470899999999997,0.8472399999999997,1457
2026-07-20T19:15:00+00:00,0.8472399999999997,0.8472399999999997,0.8470999999999996,0.8471199999999997,1439
2026-07-20T19:30:00+00:00,0.8471199999999997,0.8471399999999997,0.8469999999999996,0.8470699999999997,1799
2026-07-20T19:45:00+00:00,0.8470699999999997,0.8472599999999997,0.8470499999999996,0.8471699999999996,1949
2026-07-20T20:00:00+00:00,0.8471699999999996,0.8472999999999996,0.8471099999999997,0.8472999999999996,1301
2026-07-20T20:15:00+00:00,0.8472999999999996,0.8473799999999997,0.8472499999999996,0.8473699999999996,765
2026-07-20T20:30:00+00:00,0.8473699999999996,0.8473799999999997,0.8472299999999997,0.8473499999999996,696
2026-07-20T20:45:00+00:00,0.8473499999999996,0.8473499999999996,0.8472699999999996,0.8472799999999997,724
2026-07-20T21:00:00+00:00,0.8472799999999997,0.8472799999999997,0.8464699999999996,0.8467999999999997,168
2026-07-20T21:15:00+00:00,0.8467999999999997,0.8473799999999997,0.8465999999999997,0.8473699999999996,555
2026-07-20T21:30:00+00:00,0.8473699999999996,0.8475099999999997,0.8472299999999997,0.8472599999999997,492
2026-07-20T21:45:00+00:00,0.8472599999999997,0.8473999999999997,0.8471999999999996,0.8473099999999997,495
2026-07-20T22:00:00+00:00,0.8473099999999997,0.8476099999999996,0.8473099999999997,0.8475699999999996,695
2026-07-20T22:15:00+00:00,0.8475699999999996,0.8476599999999996,0.8475299999999997,0.8475899999999996,276
2026-07-20T22:30:00+00:00,0.8475899999999996,0.8476099999999996,0.8475199999999996,0.8475799999999997,301
2026-07-20T22:45:00+00:00,0.8475799999999997,0.8475899999999996,0.8474999999999997,0.8475099999999997,407
2026-07-20T23:00:00+00:00,0.8475099999999997,0.8475099999999997,0.8473899999999996,0.8474399999999996,411
2026-07-20T23:15:00+00:00,0.8474399999999996,0.8474599999999997,0.8473799999999997,0.8474099999999997,271
2026-07-20T23:30:00+00:00,0.8474099999999997,0.8474399999999996,0.8473399999999996,0.8474099999999997,390
2026-07-20T23:45:00+00:00,0.8474099999999997,0.8474299999999997,0.8472999999999996,0.8474199999999996,622
2026-07-21T00:00:00+00:00,0.8474199999999996,0.8475399999999996,0.8474099999999997,0.8474499999999997,1289
2026-07-21T00:15:00+00:00,0.8474499999999997,0.8474799999999997,0.8473399999999996,0.8473599999999997,919
2026-07-21T00:30:00+00:00,0.8473599999999997,0.8473699999999996,0.8472499999999996,0.8472599999999997,802
2026-07-21T00:45:00+00:00,0.8472599999999997,0.8472699999999996,0.8471299999999996,0.8472199999999996,1035
2026-07-21T01:00:00+00:00,0.8472199999999996,0.8472599999999997,0.8471199999999997,0.8471299999999996,1044
2026-07-21T01:15:00+00:00,0.8471299999999996,0.8471499999999996,0.8470799999999996,0.8471199999999997,940
2026-07-21T01:30:00+00:00,0.8471199999999997,0.8471199999999997,0.8470299999999996,0.8470999999999996,926
2026-07-21T01:45:00+00:00,0.8470999999999996,0.8471199999999997,0.8470299999999996,0.8470899999999997,852
2026-07-21T02:00:00+00:00,0.8470899999999997,0.8471099999999997,0.8469599999999996,0.8470299999999996,861
2026-07-21T02:15:00+00:00,0.8470299999999996,0.8470599999999997,0.8469599999999996,0.8470599999999997,886
2026-07-21T02:30:00+00:00,0.8470599999999997,0.8470799999999996,0.8469799999999996,0.8470199999999997,882
2026-07-21T02:45:00+00:00,0.8470199999999997,0.8470699999999997,0.8469999999999996,0.8470599999999997,723
2026-07-21T03:00:00+00:00,0.8470599999999997,0.8470999999999996,0.8469499999999996,0.8469599999999996,642
2026-07-21T03:15:00+00:00,0.8469599999999996,0.8469799999999996,0.8468499999999997,0.8468799999999996,674
2026-07-21T03:30:00+00:00,0.8468799999999996,0.8469099999999996,0.8468599999999996,0.8468799999999996,630
2026-07-21T03:45:00+00:00,0.8468799999999996,0.8468899999999997,0.8468099999999996,0.8468299999999996,875
2026-07-21T04:00:00+00:00,0.8468299999999996,0.8469999999999996,0.8468199999999997,0.8469799999999996,592
2026-07-21T04:15:00+00:00,0.8469799999999996,0.8470099999999997,0.8469599999999996,0.8469699999999997,389
2026-07-21T04:30:00+00:00,0.8469699999999997,0.8469899999999997,0.8468999999999997,0.8469499999999996,445
2026-07-21T04:45:00+00:00,0.8469499999999996,0.8470499999999996,0.8469099999999996,0.8469999999999996,605
2026-07-21T05:00:00+00:00,0.8469999999999996,0.8470099999999997,0.8468699999999997,0.8469199999999997,998
2026-07-21T05:15:00+00:00,0.8469199999999997,0.8470499999999996,0.8469199999999997,0.8469399999999997,821
2026-07-21T05:30:00+00:00,0.8469399999999997,0.8469799999999996,0.8468799999999996,0.8469199999999997,1144
2026-07-21T05:45:00+00:00,0.8469199999999997,0.8469499999999996,0.8467799999999996,0.8468199999999997,1213
2026-07-21T06:00:00+00:00,0.8468199999999997,0.8468299999999996,0.8465299999999997,0.8465799999999997,1589
2026-07-21T06:15:00+00:00,0.8465799999999997,0.8467399999999996,0.8465599999999996,0.8467299999999996,1422
2026-07-21T06:30:00+00:00,0.8467299999999996,0.8467399999999996,0.8465999999999997,0.8466099999999996,1620
2026-07-21T06:45:00+00:00,0.8466099999999996,0.8468699999999997,0.8465899999999996,0.8467699999999997,1695
2026-07-21T07:00:00+00:00,0.8467699999999997,0.8469199999999997,0.8465999999999997,0.8467599999999996,2190
2026-07-21T07:15:00+00:00,0.8467599999999996,0.8473099999999997,0.8467599999999996,0.8472299999999997,1961
2026-07-21T07:30:00+00:00,0.8472299999999997,0.8475799999999997,0.8472299999999997,0.8475299999999997,1740
2026-07-21T07:45:00+00:00,0.8475299999999997,0.8475399999999996,0.8472599999999997,0.8473499999999996,1680
2026-07-21T08:00:00+00:00,0.8473499999999996,0.8473699999999996,0.8470299999999996,0.8470699999999997,1555
2026-07-21T08:15:00+00:00,0.8470699999999997,0.8475599999999996,0.8470199999999997,0.8475599999999996,1645
2026-07-21T08:30:00+00:00,0.8475599999999996,0.8479699999999997,0.8475599999999996,0.8478499999999997,1588
2026-07-21T08:45:00+00:00,0.8478499999999997,0.8479599999999996,0.8477199999999997,0.8479299999999996,1113
2026-07-21T09:00:00+00:00,0.8479299999999996,0.8482799999999997,0.8479099999999996,0.8481299999999996,1325
2026-07-21T09:15:00+00:00,0.8481299999999996,0.8483399999999996,0.8480899999999997,0.8482299999999997,1434
2026-07-21T09:30:00+00:00,0.8482299999999997,0.8482799999999997,0.8480899999999997,0.8481899999999997,1390
2026-07-21T09:45:00+00:00,0.8481899999999997,0.8482799999999997,0.8480499999999996,0.8481599999999997,1193
2026-07-21T10:00:00+00:00,0.8481599999999997,0.8483399999999996,0.8479699999999997,0.8480499999999996,1931
2026-07-21T10:15:00+00:00,0.8480499999999996,0.8485299999999997,0.8480499999999996,0.8484599999999997,1317
2026-07-21T10:30:00+00:00,0.8484599999999997,0.8487799999999996,0.8483599999999997,0.8487099999999996,1202
2026-07-21T10:45:00+00:00,0.8487099999999996,0.8489299999999996,0.8486199999999997,0.8486599999999996,1946
2026-07-21T11:00:00+00:00,0.8486599999999996,0.8490999999999996,0.8484699999999996,0.8490599999999997,1818
2026-07-21T11:15:00+00:00,0.8490599999999997,0.8492999999999996,0.8489699999999997,0.8491699999999996,1588
2026-07-21T11:30:00+00:00,0.8491699999999996,0.8492999999999996,0.8490099999999997,0.8491899999999997,1381
2026-07-21T11:45:00+00:00,0.8491899999999997,0.8494499999999997,0.8490499999999996,0.8493099999999997,1385
2026-07-21T12:00:00+00:00,0.8493099999999997,0.8496699999999997,0.8492799999999997,0.8496099999999996,2007
2026-07-21T12:15:00+00:00,0.8496099999999996,0.8504299999999997,0.8495299999999997,0.8503699999999996,2429
2026-07-21T12:30:00+00:00,0.8503699999999996,0.8503799999999997,0.8499999999999996,0.8501399999999997,2682
2026-07-21T12:45:00+00:00,0.8501399999999997,0.8504899999999996,0.8499599999999996,0.8501999999999996,2618
2026-07-21T13:00:00+00:00,0.8501999999999996,0.8504399999999996,0.8499399999999997,0.8499599999999996,2437
2026-07-21T13:15:00+00:00,0.8499599999999996,0.8503899999999996,0.8497299999999997,0.8503299999999997,2884
2026-07-21T13:30:00+00:00,0.8503299999999997,0.8513299999999997,0.8502599999999997,0.8509799999999996,3916
2026-07-21T13:45:00+00:00,0.8509799999999996,0.8510499999999996,0.8499799999999996,0.8502499999999996,3141
2026-07-21T14:00:00+00:00,0.8502499999999996,0.8504099999999997,0.8496599999999996,0.8496999999999997,2965
2026-07-21T14:15:00+00:00,0.8496999999999997,0.8499799999999996,0.8496299999999997,0.8498099999999996,2650
2026-07-21T14:30:00+00:00,0.8498099999999996,0.8501699999999996,0.8496299999999997,0.8500499999999996,2555
2026-07-21T14:45:00+00:00,0.8500499999999996,0.8507999999999997,0.8500399999999997,0.8504799999999997,3495
2026-07-21T15:00:00+00:00,0.8504799999999997,0.8505499999999997,0.8501999999999996,0.8502799999999997,3080
2026-07-21T15:15:00+00:00,0.8502799999999997,0.8504499999999997,0.8501499999999996,0.8503199999999996,2445
2026-07-21T15:30:00+00:00,0.8503199999999996,0.8504699999999996,0.8501999999999996,0.8502099999999997,2092
2026-07-21T15:45:00+00:00,0.8502099999999997,0.8505399999999996,0.8501799999999996,0.8504799999999997,1465
2026-07-21T16:00:00+00:00,0.8504799999999997,0.8507799999999996,0.8503999999999996,0.8506999999999997,1491
2026-07-21T16:15:00+00:00,0.8506999999999997,0.8507599999999996,0.8505199999999996,0.8505799999999997,1166
2026-07-21T16:30:00+00:00,0.8505799999999997,0.8505799999999997,0.8500699999999997,0.8500899999999997,1316
2026-07-21T16:45:00+00:00,0.8500899999999997,0.8501699999999996,0.8498599999999996,0.8499499999999997,1300
2026-07-21T17:00:00+00:00,0.8499499999999997,0.8500499999999996,0.8498499999999997,0.8499699999999997,1222
2026-07-21T17:15:00+00:00,0.8499699999999997,0.8499699999999997,0.8498399999999997,0.8498499999999997,912
2026-07-21T17:30:00+00:00,0.8498499999999997,0.8498899999999997,0.8496799999999997,0.8496799999999997,703
2026-07-21T17:45:00+00:00,0.8496799999999997,0.8497399999999996,0.8495999999999997,0.8496999999999997,854
2026-07-21T18:00:00+00:00,0.8496999999999997,0.8498999999999997,0.8496799999999997,0.8498099999999996,1375
2026-07-21T18:15:00+00:00,0.8498099999999996,0.8498599999999996,0.8496199999999997,0.8496799999999997,1299
2026-07-21T18:30:00+00:00,0.8496799999999997,0.8497699999999997,0.8496299999999997,0.8496799999999997,1004
2026-07-21T18:45:00+00:00,0.8496799999999997,0.8497199999999997,0.8495899999999996,0.8496299999999997,861
2026-07-21T19:00:00+00:00,0.8496299999999997,0.8496699999999997,0.8495499999999997,0.8495699999999996,1042
2026-07-21T19:15:00+00:00,0.8495699999999996,0.8495899999999996,0.8494899999999996,0.8494999999999997,949
2026-07-21T19:30:00+00:00,0.8494999999999997,0.8495399999999996,0.8494799999999997,0.8495199999999996,802
2026-07-21T19:45:00+00:00,0.8495199999999996,0.8496499999999997,0.8493999999999996,0.8495899999999996,1468
2026-07-21T20:00:00+00:00,0.8495899999999996,0.8497399999999996,0.8495799999999997,0.8496799999999997,979
2026-07-21T20:15:00+00:00,0.8496799999999997,0.8497199999999997,0.8495899999999996,0.8496499999999997,518
2026-07-21T20:30:00+00:00,0.8496499999999997,0.8496899999999996,0.8495999999999997,0.8496799999999997,693
2026-07-21T20:45:00+00:00,0.8496799999999997,0.8496999999999997,0.8495499999999997,0.8495499999999997,773
2026-07-21T21:00:00+00:00,0.8495499999999997,0.8498799999999996,0.8490599999999997,0.8492799999999997,150
2026-07-21T21:15:00+00:00,0.8492799999999997,0.8496399999999996,0.8492799999999997,0.8493099999999997,590
2026-07-21T21:30:00+00:00,0.8493099999999997,0.8496899999999996,0.8492999999999996,0.8495799999999997,1833
2026-07-21T21:45:00+00:00,0.8495799999999997,0.8496599999999996,0.8494299999999997,0.8494999999999997,2381
2026-07-21T22:00:00+00:00,0.8494999999999997,0.8497599999999996,0.8494999999999997,0.8497199999999997,613
2026-07-21T22:15:00+00:00,0.8497199999999997,0.8497399999999996,0.8496399999999996,0.8496999999999997,331
2026-07-21T22:30:00+00:00,0.8496999999999997,0.8497299999999997,0.8496799999999997,0.8497199999999997,253
2026-07-21T22:45:00+00:00,0.8497199999999997,0.8498299999999996,0.8496899999999996,0.8498299999999996,241
2026-07-21T23:00:00+00:00,0.8498299999999996,0.8498399999999997,0.8497299999999997,0.8497499999999997,260
2026-07-21T23:15:00+00:00,0.8497499999999997,0.8498299999999996,0.8497499999999997,0.8497999999999997,284
2026-07-21T23:30:00+00:00,0.8497999999999997,0.8498199999999997,0.8497499999999997,0.8498199999999997,366
2026-07-21T23:45:00+00:00,0.8498199999999997,0.8498199999999997,0.8497299999999997,0.8497499999999997,669
2026-07-22T00:00:00+00:00,0.8497499999999997,0.8497499999999997,0.8496199999999997,0.8496299999999997,1484
2026-07-22T00:15:00+00:00,0.8496299999999997,0.8496999999999997,0.8495899999999996,0.8495899999999996,1602
2026-07-22T00:30:00+00:00,0.8495899999999996,0.8496599999999996,0.8495199999999996,0.8496299999999997,1401
2026-07-22T00:45:00+00:00,0.8496299999999997,0.8496499999999997,0.8494099999999997,0.8494599999999997,1279
2026-07-22T01:00:00+00:00,0.8494599999999997,0.8495299999999997,0.8494299999999997,0.8494899999999996,1698
2026-07-22T01:15:00+00:00,0.8494899999999996,0.8495299999999997,0.8494599999999997,0.8495099999999997,1353
2026-07-22T01:30:00+00:00,0.8495099999999997,0.8495499999999997,0.8494099999999997,0.8494299999999997,1093
2026-07-22T01:45:00+00:00,0.8494299999999997,0.8494999999999997,0.8494099999999997,0.8494999999999997,833
2026-07-22T02:00:00+00:00,0.8494999999999997,0.8495799999999997,0.8494799999999997,0.8495699999999996,946
2026-07-22T02:15:00+00:00,0.8495699999999996,0.8496299999999997,0.8495399999999996,0.8495699999999996,1006
2026-07-22T02:30:00+00:00,0.8495699999999996,0.8496699999999997,0.8495399999999996,0.8496299999999997,1234
2026-07-22T02:45:00+00:00,0.8496299999999997,0.8496699999999997,0.8495799999999997,0.8495799999999997,1015
2026-07-22T03:00:00+00:00,0.8495799999999997,0.8497599999999996,0.8495799999999997,0.8497499999999997,978
2026-07-22T03:15:00+00:00,0.8497499999999997,0.8497699999999997,0.8496099999999996,0.8496199999999997,823
2026-07-22T03:30:00+00:00,0.8496199999999997,0.8497399999999996,0.8496099999999996,0.8497199999999997,539
2026-07-22T03:45:00+00:00,0.8497199999999997,0.8498499999999997,0.8496899999999996,0.8498399999999997,698
2026-07-22T04:00:00+00:00,0.8498399999999997,0.8498599999999996,0.8497899999999996,0.8498199999999997,712
2026-07-22T04:15:00+00:00,0.8498199999999997,0.8498799999999996,0.8497999999999997,0.8498699999999997,617
2026-07-22T04:30:00+00:00,0.8498699999999997,0.8498799999999996,0.8497899999999996,0.8497999999999997,519
2026-07-22T04:45:00+00:00,0.8497999999999997,0.8498899999999997,0.8497699999999997,0.8498799999999996,699
2026-07-22T05:00:00+00:00,0.8498799999999996,0.8498799999999996,0.8497399999999996,0.8497999999999997,966
2026-07-22T05:15:00+00:00,0.8497999999999997,0.8498399999999997,0.8497799999999996,0.8497999999999997,864
2026-07-22T05:30:00+00:00,0.8497999999999997,0.8499399999999997,0.8497599999999996,0.8499299999999996,1109
2026-07-22T05:45:00+00:00,0.8499299999999996,0.8501199999999997,0.8498399999999997,0.8500699999999997,1308
2026-07-22T06:00:00+00:00,0.8500699999999997,0.8502599999999997,0.8497799999999996,0.8500699999999997,2262
2026-07-22T06:15:00+00:00,0.8500699999999997,0.8507099999999996,0.8500299999999996,0.8506999999999997,2081
2026-07-22T06:30:00+00:00,0.8506999999999997,0.8508299999999996,0.8505399999999996,0.8506699999999997,1712
2026-07-22T06:45:00+00:00,0.8506699999999997,0.8506799999999997,0.8502899999999997,0.8503999999999996,1640
2026-07-22T07:00:00+00:00,0.8503999999999996,0.8504999999999997,0.8500099999999996,0.8501399999999997,2189
2026-07-22T07:15:00+00:00,0.8501399999999997,0.8501999999999996,0.8499099999999996,0.8500299999999996,1816
2026-07-22T07:30:00+00:00,0.8500299999999996,0.8502799999999997,0.8498499999999997,0.8500299999999996,2588
2026-07-22T07:45:00+00:00,0.8500299999999996,0.8501499999999996,0.8498699999999997,0.8500299999999996,2212
2026-07-22T08:00:00+00:00,0.8500299999999996,0.8502899999999997,0.8499999999999996,0.8502299999999997,2030
2026-07-22T08:15:00+00:00,0.8502299999999997,0.8503199999999996,0.8500899999999997,0.8502699999999996,1939
2026-07-22T08:30:00+00:00,0.8502699999999996,0.8505299999999997,0.8500999999999996,0.8502799999999997,1828
2026-07-22T08:45:00+00:00,0.8502799999999997,0.8506999999999997,0.8502799999999997,0.8506499999999997,1586
2026-07-22T09:00:00+00:00,0.8506499999999997,0.8509199999999997,0.8506099999999996,0.8509199999999997,1759
2026-07-22T09:15:00+00:00,0.8509199999999997,0.8510099999999996,0.8507199999999997,0.8508299999999996,1499
2026-07-22T09:30:00+00:00,0.8508299999999996,0.8509799999999996,0.8507099999999996,0.8507199999999997,1651
2026-07-22T09:45:00+00:00,0.8507199999999997,0.8507699999999997,0.8505199999999996,0.8505399999999996,1923
2026-07-22T10:00:00+00:00,0.8505399999999996,0.8505799999999997,0.8502499999999996,0.8502799999999997,1808
2026-07-22T10:15:00+00:00,0.8502799999999997,0.8506299999999997,0.8501799999999996,0.8505799999999997,1629
2026-07-22T10:30:00+00:00,0.8505799999999997,0.8507099999999996,0.8505199999999996,0.8506899999999996,1474
2026-07-22T10:45:00+00:00,0.8506899999999996,0.8508099999999996,0.8502399999999997,0.8504899999999996,1720
2026-07-22T11:00:00+00:00,0.8504899999999996,0.8505399999999996,0.8502499999999996,0.8505399999999996,1886
2026-07-22T11:15:00+00:00,0.8505399999999996,0.8507499999999997,0.8505199999999996,0.8507099999999996,1532
2026-07-22T11:30:00+00:00,0.8507099999999996,0.8507999999999997,0.8505899999999996,0.8506799999999997,2375
2026-07-22T11:45:00+00:00,0.8506799999999997,0.8508399999999997,0.8506099999999996,0.8508299999999996,2522
2026-07-22T12:00:00+00:00,0.8508299999999996,0.8510499999999996,0.8507599999999996,0.8509499999999997,2361
2026-07-22T12:15:00+00:00,0.8509499999999997,0.8511699999999996,0.8509399999999997,0.8509899999999997,2155
2026-07-22T12:30:00+00:00,0.8509899999999997,0.8512299999999997,0.8509299999999996,0.8511099999999997,1984
2026-07-22T12:45:00+00:00,0.8511099999999997,0.8514799999999997,0.8511099999999997,0.8514299999999997,2489
2026-07-22T13:00:00+00:00,0.8514299999999997,0.8514399999999996,0.8511099999999997,0.8511599999999997,2226
2026-07-22T13:15:00+00:00,0.8511599999999997,0.8512699999999996,0.8507399999999996,0.8508499999999997,2522
2026-07-22T13:30:00+00:00,0.8508499999999997,0.8508599999999996,0.8502599999999997,0.8503999999999996,3369
2026-07-22T13:45:00+00:00,0.8503999999999996,0.8506099999999996,0.8500199999999997,0.8500799999999996,2797
2026-07-22T14:00:00+00:00,0.8500799999999996,0.8502199999999996,0.8499699999999997,0.8501599999999997,2655
2026-07-22T14:15:00+00:00,0.8501599999999997,0.8503199999999996,0.8501199999999997,0.8501999999999996,2642
2026-07-22T14:30:00+00:00,0.8501999999999996,0.8504399999999996,0.8501099999999997,0.8503799999999997,2617
2026-07-22T14:45:00+00:00,0.8503799999999997,0.8506399999999996,0.8503099999999997,0.8505599999999996,3223
2026-07-22T15:00:00+00:00,0.8505599999999996,0.8506099999999996,0.8503399999999997,0.8504799999999997,2301
2026-07-22T15:15:00+00:00,0.8504799999999997,0.8507099999999996,0.8504699999999996,0.8506299999999997,1815
2026-07-22T15:30:00+00:00,0.8506299999999997,0.8506699999999997,0.8503899999999996,0.8505599999999996,2284
2026-07-22T15:45:00+00:00,0.8505599999999996,0.8507799999999996,0.8503899999999996,0.8507699999999997,2074
2026-07-22T16:00:00+00:00,0.8507699999999997,0.8508899999999997,0.8506299999999997,0.8507699999999997,1796
2026-07-22T16:15:00+00:00,0.8507699999999997,0.8510299999999996,0.8507299999999997,0.8508899999999997,1862
2026-07-22T16:30:00+00:00,0.8508899999999997,0.8509499999999997,0.8507299999999997,0.8507599999999996,1709
2026-07-22T16:45:00+00:00,0.8507599999999996,0.8508699999999997,0.8505999999999997,0.8506299999999997,1672
2026-07-22T17:00:00+00:00,0.8506299999999997,0.8509299999999996,0.8506199999999997,0.8509199999999997,1304
2026-07-22T17:15:00+00:00,0.8509199999999997,0.8509599999999996,0.8507899999999996,0.8507999999999997,1607
2026-07-22T17:30:00+00:00,0.8507999999999997,0.8508899999999997,0.8507899999999996,0.8508099999999996,1366
2026-07-22T17:45:00+00:00,0.8508099999999996,0.8508499999999997,0.8507399999999996,0.8507899999999996,1230
2026-07-22T18:00:00+00:00,0.8507899999999996,0.8508299999999996,0.8506999999999997,0.8508099999999996,1130
2026-07-22T18:15:00+00:00,0.8508099999999996,0.8508199999999997,0.8507099999999996,0.8507299999999997,1110
2026-07-22T18:30:00+00:00,0.8507299999999997,0.8507799999999996,0.8506599999999996,0.8506699999999997,1135
2026-07-22T18:45:00+00:00,0.8506699999999997,0.8507299999999997,0.8505199999999996,0.8506999999999997,1238
2026-07-22T19:00:00+00:00,0.8506999999999997,0.8507899999999996,0.8506999999999997,0.8507799999999996,1328
2026-07-22T19:15:00+00:00,0.8507799999999996,0.8508599999999996,0.8507799999999996,0.8507899999999996,929
2026-07-22T19:30:00+00:00,0.8507899999999996,0.8508399999999997,0.8507599999999996,0.8507899999999996,833
2026-07-22T19:45:00+00:00,0.8507899999999996,0.8508599999999996,0.8506999999999997,0.8507499999999997,1385
2026-07-22T20:00:00+00:00,0.8507499999999997,0.8507499999999997,0.8505899999999996,0.8505999999999997,1464
2026-07-22T20:15:00+00:00,0.8505999999999997,0.8506599999999996,0.8505899999999996,0.8505999999999997,934
2026-07-22T20:30:00+00:00,0.8505999999999997,0.8507099999999996,0.8505999999999997,0.8506599999999996,655
2026-07-22T20:45:00+00:00,0.8506599999999996,0.8507499999999997,0.8505899999999996,0.8505899999999996,925
2026-07-22T21:00:00+00:00,0.8505899999999996,0.8505899999999996,0.8496999999999997,0.8499199999999997,130.99337771991816
2026-07-22T21:15:00+00:00,0.8499199999999997,0.8503299999999997,0.8498999999999997,0.8502199999999996,1795.7834716329132
2026-07-22T21:30:00+00:00,0.8502199999999996,0.8503899999999996,0.8500999999999997,0.8503299999999997,415
2026-07-22T21:45:00+00:00,0.8503299999999997,0.8503699999999997,0.8501999999999997,0.8503199999999997,847
2026-07-22T22:00:00+00:00,0.8503199999999997,0.8507799999999996,0.8503199999999997,0.8507799999999996,435
2026-07-22T22:15:00+00:00,0.8507799999999996,0.8507899999999997,0.8507199999999997,0.8507599999999997,160.0275229357798
2026-07-22T22:30:00+00:00,0.8507599999999997,0.8507899999999997,0.8507299999999997,0.8507699999999997,255
2026-07-22T22:45:00+00:00,0.8507699999999997,0.8507699999999997,0.8507199999999997,0.8507499999999997,296
2026-07-22T23:00:00+00:00,0.8507499999999997,0.8507699999999997,0.8506899999999997,0.8506899999999997,449
2026-07-22T23:15:00+00:00,0.8506899999999997,0.8507699999999997,0.8506799999999997,0.8507499999999997,375
2026-07-22T23:30:00+00:00,0.8507499999999997,0.8507599999999997,0.8506699999999997,0.8507399999999997,395
2026-07-22T23:45:00+00:00,0.8507399999999997,0.8507599999999997,0.8506599999999997,0.8506999999999997,585
2026-07-23T00:00:00+00:00,0.8506999999999997,0.8507799999999996,0.8506999999999997,0.8507499999999997,1213
2026-07-23T00:15:00+00:00,0.8507499999999997,0.8507899999999997,0.8506999999999997,0.8507599999999997,836
2026-07-23T00:30:00+00:00,0.8507599999999997,0.8507799999999996,0.8507399999999997,0.8507499999999997,737
2026-07-23T00:45:00+00:00,0.8507499999999997,0.8508299999999996,0.8506699999999997,0.8507399999999997,1235
2026-07-23T01:00:00+00:00,0.8507399999999997,0.8508199999999997,0.8507099999999997,0.8507299999999997,1960
2026-07-23T01:15:00+00:00,0.8507299999999997,0.8508199999999997,0.8507199999999997,0.8507999999999997,1050
2026-07-23T01:30:00+00:00,0.8507999999999997,0.8508199999999997,0.8505999999999997,0.8506499999999997,1528
2026-07-23T01:45:00+00:00,0.8506499999999997,0.8507299999999997,0.8505999999999997,0.8506499999999997,1381
2026-07-23T02:00:00+00:00,0.8506499999999997,0.8506599999999997,0.8505199999999997,0.8506299999999997,1150
2026-07-23T02:15:00+00:00,0.8506299999999997,0.8508199999999997,0.8506299999999997,0.8507999999999997,992
2026-07-23T02:30:00+00:00,0.8507999999999997,0.8510299999999997,0.8507599999999997,0.8509499999999997,1055
2026-07-23T02:45:00+00:00,0.8509499999999997,0.8510499999999996,0.8509299999999997,0.8509699999999997,767
2026-07-23T03:00:00+00:00,0.8509699999999997,0.8510899999999997,0.8509499999999997,0.8510299999999997,1120
2026-07-23T03:15:00+00:00,0.8510299999999997,0.8511099999999997,0.8510099999999997,0.8510499999999996,1171
2026-07-23T03:30:00+00:00,0.8510499999999996,0.8511399999999997,0.8510299999999997,0.8510899999999997,740
2026-07-23T03:45:00+00:00,0.8510899999999997,0.8511899999999997,0.8510899999999997,0.8511499999999997,951
2026-07-23T04:00:00+00:00,0.8511499999999997,0.8513599999999997,0.8511199999999997,0.8512799999999997,941
2026-07-23T04:15:00+00:00,0.8512799999999997,0.8515299999999997,0.8512699999999997,0.8514899999999997,948
2026-07-23T04:30:00+00:00,0.8514899999999997,0.8515099999999997,0.8513499999999997,0.8513999999999997,720
2026-07-23T04:45:00+00:00,0.8513999999999997,0.8515399999999997,0.8513799999999997,0.8515299999999997,719
2026-07-23T05:00:00+00:00,0.8515299999999997,0.8516499999999997,0.8515199999999997,0.8515999999999997,753
2026-07-23T05:15:00+00:00,0.8515999999999997,0.8516299999999997,0.8514499999999997,0.8514599999999997,1085
2026-07-23T05:30:00+00:00,0.8514599999999997,0.8514599999999997,0.8513299999999997,0.8513499999999997,1131
2026-07-23T05:45:00+00:00,0.8513499999999997,0.8514299999999997,0.8513299999999997,0.8513899999999996,1000
2026-07-23T06:00:00+00:00,0.8513899999999996,0.8514299999999997,0.8511599999999997,0.8512899999999997,1624
2026-07-23T06:15:00+00:00,0.8512899999999997,0.8513099999999997,0.8511499999999997,0.8511899999999997,1513
2026-07-23T06:30:00+00:00,0.8511899999999997,0.8517099999999997,0.8511699999999996,0.8514899999999997,1349
2026-07-23T06:45:00+00:00,0.8514899999999997,0.8516499999999997,0.8514699999999997,0.8516199999999997,1435
2026-07-23T07:00:00+00:00,0.8516199999999997,0.8518299999999996,0.8515899999999997,0.8517799999999996,2334
2026-07-23T07:15:00+00:00,0.8517799999999996,0.8518899999999997,0.8514399999999996,0.8516799999999997,1736
2026-07-23T07:30:00+00:00,0.8516799999999997,0.8517899999999997,0.8516099999999996,0.8516899999999997,1643
2026-07-23T07:45:00+00:00,0.8516899999999997,0.8519299999999997,0.8516799999999997,0.8517799999999996,2318
2026-07-23T08:00:00+00:00,0.8517799999999996,0.8518799999999997,0.8514099999999997,0.8514599999999997,2001
2026-07-23T08:15:00+00:00,0.8514599999999997,0.8517099999999997,0.8514399999999996,0.8516699999999997,1923
2026-07-23T08:30:00+00:00,0.8516699999999997,0.8516999999999997,0.8511199999999997,0.8512499999999997,2223
2026-07-23T08:45:00+00:00,0.8512499999999997,0.8512599999999997,0.8509899999999997,0.8510699999999997,2096
2026-07-23T09:00:00+00:00,0.8510699999999997,0.8512399999999997,0.8509799999999997,0.8511599999999997,1978
2026-07-23T09:15:00+00:00,0.8511599999999997,0.8511899999999997,0.8510099999999997,0.8510799999999997,1415
2026-07-23T09:30:00+00:00,0.8510799999999997,0.8511599999999997,0.8506299999999997,0.8508299999999996,1824
2026-07-23T09:45:00+00:00,0.8508299999999996,0.8510599999999997,0.8507599999999997,0.8509999999999996,1618
2026-07-23T10:00:00+00:00,0.8509999999999996,0.8510799999999997,0.8508599999999997,0.8509099999999997,1639
2026-07-23T10:15:00+00:00,0.8509099999999997,0.8509299999999997,0.8507699999999997,0.8508399999999997,1874
2026-07-23T10:30:00+00:00,0.8508399999999997,0.8509799999999997,0.8507499999999997,0.8509599999999997,1827
2026-07-23T10:45:00+00:00,0.8509599999999997,0.8510299999999997,0.8505099999999997,0.8506799999999997,2111
2026-07-23T11:00:00+00:00,0.8506799999999997,0.8508299999999996,0.8505999999999997,0.8507999999999997,2157
2026-07-23T11:15:00+00:00,0.8507999999999997,0.8508999999999997,0.8507099999999997,0.8507399999999997,2411
2026-07-23T11:30:00+00:00,0.8507399999999997,0.8508399999999997,0.8505099999999997,0.8507399999999997,3672
2026-07-23T11:45:00+00:00,0.8507399999999997,0.8508399999999997,0.8505799999999997,0.8506999999999997,3027
2026-07-23T12:00:00+00:00,0.8506999999999997,0.8508399999999997,0.8506499999999997,0.8507199999999997,2452
2026-07-23T12:15:00+00:00,0.8507199999999997,0.8507499999999997,0.8504699999999997,0.8505199999999997,2562
2026-07-23T12:30:00+00:00,0.8505199999999997,0.8507299999999997,0.8504599999999997,0.8505099999999997,3441
2026-07-23T12:45:00+00:00,0.8505099999999997,0.8508499999999997,0.8503599999999997,0.8507899999999997,3053
2026-07-23T13:00:00+00:00,0.8507899999999997,0.8509199999999997,0.8504199999999997,0.8505199999999997,4030
2026-07-23T13:15:00+00:00,0.8505199999999997,0.8509599999999997,0.8504399999999996,0.8507299999999997,3434
2026-07-23T13:30:00+00:00,0.8507299999999997,0.8508799999999997,0.8504699999999997,0.8507099999999997,3641
2026-07-23T13:45:00+00:00,0.8507099999999997,0.8508499999999997,0.8504699999999997,0.8507699999999997,3193
2026-07-23T14:00:00+00:00,0.8507699999999997,0.8509599999999997,0.8506299999999997,0.8507099999999997,3311
2026-07-23T14:15:00+00:00,0.8507099999999997,0.8508199999999997,0.8505299999999997,0.8507299999999997,3450
2026-07-23T14:30:00+00:00,0.8507299999999997,0.8510699999999997,0.8506799999999997,0.8510699999999997,2947
2026-07-23T14:45:00+00:00,0.8510699999999997,0.8513699999999997,0.8509399999999997,0.8512599999999997,3856
2026-07-23T15:00:00+00:00,0.8512599999999997,0.8515199999999997,0.8512099999999997,0.8514899999999997,3213
2026-07-23T15:15:00+00:00,0.8514899999999997,0.8520499999999996,0.8514299999999997,0.8520099999999997,3400
2026-07-23T15:30:00+00:00,0.8520099999999997,0.8521999999999997,0.8519799999999997,0.8520999999999997,3298
2026-07-23T15:45:00+00:00,0.8520999999999997,0.8521699999999996,0.8518899999999997,0.8519599999999997,2418
2026-07-23T16:00:00+00:00,0.8519599999999997,0.8519899999999997,0.8516799999999997,0.8517199999999997,2547
2026-07-23T16:15:00+00:00,0.8517199999999997,0.8518199999999997,0.8516499999999997,0.8517199999999997,2085
2026-07-23T16:30:00+00:00,0.8517199999999997,0.8518899999999997,0.8515399999999997,0.8515499999999997,2262
2026-07-23T16:45:00+00:00,0.8515499999999997,0.8516399999999997,0.8513599999999997,0.8516299999999997,1743
2026-07-23T17:00:00+00:00,0.8516299999999997,0.8517099999999997,0.8515399999999997,0.8516499999999997,1686
2026-07-23T17:15:00+00:00,0.8516499999999997,0.8516499999999997,0.8514999999999997,0.8515699999999997,1578
2026-07-23T17:30:00+00:00,0.8515699999999997,0.8516799999999997,0.8515299999999997,0.8516199999999997,1723
2026-07-23T17:45:00+00:00,0.8516199999999997,0.8516699999999997,0.8515199999999997,0.8516199999999997,2085
2026-07-23T18:00:00+00:00,0.8516199999999997,0.8517099999999997,0.8515599999999997,0.8516899999999997,1720
2026-07-23T18:15:00+00:00,0.8516899999999997,0.8517399999999997,0.8516499999999997,0.8516999999999997,1870
2026-07-23T18:30:00+00:00,0.8516999999999997,0.8518299999999996,0.8516399999999997,0.8518099999999997,1277
2026-07-23T18:45:00+00:00,0.8518099999999997,0.8518599999999997,0.8517699999999997,0.8517999999999997,1127
2026-07-23T19:00:00+00:00,0.8517999999999997,0.8519899999999997,0.8517599999999997,0.8519799999999997,751
2026-07-23T19:15:00+00:00,0.8519799999999997,0.8520299999999997,0.8518499999999997,0.8518699999999997,1152
2026-07-23T19:30:00+00:00,0.8518699999999997,0.8519399999999997,0.8517699999999997,0.8518999999999997,1229
2026-07-23T19:45:00+00:00,0.8518999999999997,0.8519399999999997,0.8517999999999997,0.8518799999999997,1206
2026-07-23T20:00:00+00:00,0.8518799999999997,0.8519399999999997,0.8518499999999997,0.8519399999999997,670
2026-07-23T20:15:00+00:00,0.8519399999999997,0.8520499999999996,0.8519299999999997,0.8520199999999997,527
2026-07-23T20:30:00+00:00,0.8520199999999997,0.8520499999999996,0.8519099999999997,0.8519899999999997,547
2026-07-23T20:45:00+00:00,0.8519899999999997,0.8520299999999997,0.8518099999999997,0.8518099999999997,747
2026-07-23T21:00:00+00:00,0.8518099999999997,0.8518099999999997,0.8511699999999996,0.8515099999999997,271
2026-07-23T21:15:00+00:00,0.8515099999999997,0.8516799999999997,0.8515099999999997,0.8516599999999996,138.34962314612204
2026-07-23T21:30:00+00:00,0.8516599999999996,0.8519799999999997,0.8515299999999997,0.8518699999999997,637
2026-07-23T21:45:00+00:00,0.8518699999999997,0.8520599999999997,0.8515299999999997,0.8515599999999997,1084
2026-07-23T22:00:00+00:00,0.8515599999999997,0.8521199999999997,0.8515599999999997,0.8520799999999997,462
2026-07-23T22:15:00+00:00,0.8520799999999997,0.8521199999999997,0.8520199999999997,0.8521099999999997,324
2026-07-23T22:30:00+00:00,0.8521099999999997,0.8521199999999997,0.8520499999999996,0.8520799999999997,260
2026-07-23T22:45:00+00:00,0.8520799999999997,0.8521299999999997,0.8520699999999997,0.8520999999999997,161
2026-07-23T23:00:00+00:00,0.8520999999999997,0.8521699999999996,0.8520799999999997,0.8521699999999996,244
2026-07-23T23:15:00+00:00,0.8521699999999996,0.8521699999999996,0.8520699999999997,0.8520699999999997,253
2026-07-23T23:30:00+00:00,0.8520699999999997,0.8521399999999997,0.8520599999999997,0.8521099999999997,554
2026-07-23T23:45:00+00:00,0.8521099999999997,0.8521299999999997,0.8520399999999997,0.8520899999999997,1013
2026-07-24T00:00:00+00:00,0.8520899999999997,0.8520999999999997,0.8519999999999996,0.8520599999999997,2294
2026-07-24T00:15:00+00:00,0.8520599999999997,0.8520899999999997,0.8520099999999997,0.8520499999999996,1980
2026-07-24T00:30:00+00:00,0.8520499999999996,0.8520599999999997,0.8519699999999997,0.8520099999999997,1385
2026-07-24T00:45:00+00:00,0.8520099999999997,0.8520599999999997,0.8518599999999997,0.8518699999999997,1744
2026-07-24T01:00:00+00:00,0.8518699999999997,0.8519599999999997,0.8518499999999997,0.8519299999999997,2143
2026-07-24T01:15:00+00:00,0.8519299999999997,0.8520299999999997,0.8519299999999997,0.8519799999999997,1422
2026-07-24T01:30:00+00:00,0.8519799999999997,0.8520499999999996,0.8519499999999997,0.8519599999999997,1470
2026-07-24T01:45:00+00:00,0.8519599999999997,0.8521399999999997,0.8519499999999997,0.8520999999999997,1360
2026-07-24T02:00:00+00:00,0.8520999999999997,0.8522299999999997,0.8520899999999997,0.8521899999999997,1335
2026-07-24T02:15:00+00:00,0.8521899999999997,0.8522799999999997,0.8521799999999997,0.8522399999999997,902
2026-07-24T02:30:00+00:00,0.8522399999999997,0.8523199999999997,0.8522399999999997,0.8523099999999997,804
2026-07-24T02:45:00+00:00,0.8523099999999997,0.8523599999999997,0.8522899999999997,0.8522999999999997,1076
2026-07-24T03:00:00+00:00,0.8522999999999997,0.8523499999999997,0.8522499999999997,0.8522699999999997,1032
2026-07-24T03:15:00+00:00,0.8522699999999997,0.8523399999999997,0.8522499999999997,0.8523199999999997,1518
2026-07-24T03:30:00+00:00,0.8523199999999997,0.8523999999999997,0.8523099999999997,0.8523799999999997,1243
2026-07-24T03:45:00+00:00,0.8523799999999997,0.8524199999999997,0.8523399999999997,0.8524099999999997,1099
2026-07-24T04:00:00+00:00,0.8524099999999997,0.8524999999999997,0.8523999999999997,0.8524899999999997,778
2026-07-24T04:15:00+00:00,0.8524899999999997,0.8525099999999997,0.8524099999999997,0.8524299999999997,855
2026-07-24T04:30:00+00:00,0.8524299999999997,0.8524799999999997,0.8524099999999997,0.8524399999999996,977
2026-07-24T04:45:00+00:00,0.8524399999999996,0.8524899999999997,0.8524099999999997,0.8524199999999997,1047
2026-07-24T05:00:00+00:00,0.8524199999999997,0.8524399999999996,0.8523799999999997,0.8524099999999997,1101
2026-07-24T05:15:00+00:00,0.8524099999999997,0.8524699999999997,0.8523499999999997,0.8523599999999997,838
2026-07-24T05:30:00+00:00,0.8523599999999997,0.8523599999999997,0.8522499999999997,0.8522999999999997,1412
2026-07-24T05:45:00+00:00,0.8522999999999997,0.8524099999999997,0.8522299999999997,0.8523999999999997,1135
2026-07-24T06:00:00+00:00,0.8523999999999997,0.8524599999999997,0.8521199999999997,0.8523599999999997,1446
2026-07-24T06:15:00+00:00,0.8523599999999997,0.8523899999999996,0.8521399999999997,0.8522399999999997,1401
2026-07-24T06:30:00+00:00,0.8522399999999997,0.8522999999999997,0.8519899999999997,0.8521099999999997,1424
2026-07-24T06:45:00+00:00,0.8521099999999997,0.8521899999999997,0.8520099999999997,0.8520199999999997,1948
2026-07-24T07:00:00+00:00,0.8520199999999997,0.8521899999999997,0.8517299999999997,0.8517599999999997,2336
2026-07-24T07:15:00+00:00,0.8517599999999997,0.8520099999999997,0.8517599999999997,0.8518599999999997,2014
2026-07-24T07:30:00+00:00,0.8518599999999997,0.8520599999999997,0.8516299999999997,0.8520299999999997,2469
2026-07-24T07:45:00+00:00,0.8520299999999997,0.8520299999999997,0.8515699999999997,0.8515899999999997,1887
2026-07-24T08:00:00+00:00,0.8515899999999997,0.8516799999999997,0.8514199999999997,0.8514499999999997,1723
2026-07-24T08:15:00+00:00,0.8514499999999997,0.8517299999999997,0.8514499999999997,0.8516099999999996,1893
2026-07-24T08:30:00+00:00,0.8516099999999996,0.8518999999999997,0.8514499999999997,0.8518199999999997,2001
2026-07-24T08:45:00+00:00,0.8518199999999997,0.8520699999999997,0.8517299999999997,0.8520399999999997,2416
2026-07-24T09:00:00+00:00,0.8520399999999997,0.8525699999999997,0.8520399999999997,0.8525599999999997,1997
2026-07-24T09:15:00+00:00,0.8525599999999997,0.8527599999999997,0.8524799999999997,0.8524799999999997,1934
2026-07-24T09:30:00+00:00,0.8524799999999997,0.8525399999999997,0.8522299999999997,0.8523899999999996,1628
2026-07-24T09:45:00+00:00,0.8523899999999996,0.8527299999999997,0.8523599999999997,0.8526099999999996,1701
2026-07-24T10:00:00+00:00,0.8526099999999996,0.8529099999999997,0.8525799999999997,0.8527299999999997,1621
2026-07-24T10:15:00+00:00,0.8527299999999997,0.8527499999999997,0.8522399999999997,0.8522899999999997,1967
2026-07-24T10:30:00+00:00,0.8522899999999997,0.8523099999999997,0.8520699999999997,0.8520999999999997,1755
2026-07-24T10:45:00+00:00,0.8520999999999997,0.8521299999999997,0.8516699999999997,0.8519799999999997,1951
2026-07-24T11:00:00+00:00,0.8519799999999997,0.8520499999999996,0.8517999999999997,0.8519799999999997,1798
2026-07-24T11:15:00+00:00,0.8519799999999997,0.8520399999999997,0.8517299999999997,0.8517299999999997,1509
2026-07-24T11:30:00+00:00,0.8517299999999997,0.8517799999999996,0.8516299999999997,0.8517499999999997,1318
2026-07-24T11:45:00+00:00,0.8517499999999997,0.8517999999999997,0.8512299999999997,0.8512899999999997,2534
2026-07-24T12:00:00+00:00,0.8512899999999997,0.8514399999999996,0.8511599999999997,0.8514099999999997,2198
2026-07-24T12:15:00+00:00,0.8514099999999997,0.8517299999999997,0.8513799999999997,0.8516699999999997,1918
2026-07-24T12:30:00+00:00,0.8516699999999997,0.8518299999999996,0.8516699999999997,0.8516899999999997,1978
2026-07-24T12:45:00+00:00,0.8516899999999997,0.8518799999999997,0.8515399999999997,0.8517499999999997,2202
2026-07-24T13:00:00+00:00,0.8517499999999997,0.8517499999999997,0.8515699999999997,0.8516499999999997,2341
2026-07-24T13:15:00+00:00,0.8516499999999997,0.8517899999999997,0.8512699999999997,0.8512799999999997,2182
2026-07-24T13:30:00+00:00,0.8512799999999997,0.8514799999999997,0.8511299999999997,0.8512699999999997,3008
2026-07-24T13:45:00+00:00,0.8512699999999997,0.8513299999999997,0.8509699999999997,0.8512599999999997,2686
2026-07-24T14:00:00+00:00,0.8512599999999997,0.8513699999999997,0.8509099999999997,0.8509299999999997,2728
2026-07-24T14:15:00+00:00,0.8509299999999997,0.8512199999999996,0.8508899999999997,0.8511499999999997,2560
2026-07-24T14:30:00+00:00,0.8511499999999997,0.8513799999999997,0.8511499999999997,0.8512599999999997,2487
2026-07-24T14:45:00+00:00,0.8512599999999997,0.8514299999999997,0.8509599999999997,0.8513299999999997,3682
2026-07-24T15:00:00+00:00,0.8513299999999997,0.8514199999999997,0.8508299999999996,0.8509299999999997,4026
2026-07-24T15:15:00+00:00,0.8509299999999997,0.8510399999999997,0.8507599999999997,0.8507699999999997,3303
2026-07-24T15:30:00+00:00,0.8507699999999997,0.8510299999999997,0.8507499999999997,0.8509299999999997,2140
2026-07-24T15:45:00+00:00,0.8509299999999997,0.8509999999999996,0.8507499999999997,0.8508099999999997,1817
2026-07-24T16:00:00+00:00,0.8508099999999997,0.8508099999999997,0.8506399999999997,0.8507399999999997,1506
2026-07-24T16:15:00+00:00,0.8507399999999997,0.8508199999999997,0.8506199999999997,0.8508099999999997,1699
2026-07-24T16:30:00+00:00,0.8508099999999997,0.8508699999999997,0.8507499999999997,0.8508699999999997,1730
2026-07-24T16:45:00+00:00,0.8508699999999997,0.8510399999999997,0.8508599999999997,0.8508999999999997,1728
2026-07-24T17:00:00+00:00,0.8508999999999997,0.8510299999999997,0.8508399999999997,0.8508599999999997,2394
2026-07-24T17:15:00+00:00,0.8508599999999997,0.8509399999999997,0.8508099999999997,0.8508599999999997,1621
2026-07-24T17:30:00+00:00,0.8508599999999997,0.8509399999999997,0.8508199999999997,0.8508299999999996,1368
2026-07-24T17:45:00+00:00,0.8508299999999996,0.8508999999999997,0.8506999999999997,0.8507599999999997,1310
2026-07-24T18:00:00+00:00,0.8507599999999997,0.8507999999999997,0.8505799999999997,0.8505999999999997,1370
2026-07-24T18:15:00+00:00,0.8505999999999997,0.8506699999999997,0.8505399999999997,0.8506599999999997,1452
2026-07-24T18:30:00+00:00,0.8506599999999997,0.8507199999999997,0.8506099999999996,0.8506999999999997,1441
2026-07-24T18:45:00+00:00,0.8506999999999997,0.8507699999999997,0.8506099999999996,0.8507599999999997,1139
2026-07-24T19:00:00+00:00,0.8507599999999997,0.8508099999999997,0.8506599999999997,0.8507999999999997,1593
2026-07-24T19:15:00+00:00,0.8507999999999997,0.8508599999999997,0.8507499999999997,0.8507999999999997,1355
2026-07-24T19:30:00+00:00,0.8507999999999997,0.8510099999999997,0.8506799999999997,0.8509499999999997,2234
2026-07-24T19:45:00+00:00,0.8509499999999997,0.8510599999999997,0.8509299999999997,0.8510299999999997,1672
2026-07-24T20:00:00+00:00,0.8510299999999997,0.8510699999999997,0.8509799999999997,0.8510499999999996,797
2026-07-24T20:15:00+00:00,0.8510499999999996,0.8510799999999997,0.8509499999999997,0.8510099999999997,635
2026-07-24T20:30:00+00:00,0.8510099999999997,0.8511599999999997,0.8509399999999997,0.8510999999999997,666
2026-07-24T20:45:00+00:00,0.8510999999999997,0.8511999999999997,0.8503499999999997,0.8506299999999997,1652.0559265442403
2026-07-26T21:00:00+00:00,0.8506299999999997,0.8510099999999996,0.8505499999999996,0.8510099999999996,222.3595872741983
2026-07-26T21:15:00+00:00,0.8510099999999996,0.8512199999999996,0.8508199999999997,0.8509399999999996,258
2026-07-26T21:30:00+00:00,0.8509399999999996,0.8510199999999997,0.8506699999999996,0.8508899999999996,420
2026-07-26T21:45:00+00:00,0.8508899999999996,0.8511399999999997,0.8503599999999997,0.8503599999999997,485
2026-07-26T22:00:00+00:00,0.8503599999999997,0.8508099999999996,0.8503599999999997,0.8506399999999996,2331
2026-07-26T22:15:00+00:00,0.8506399999999996,0.8506899999999996,0.8505199999999996,0.8505199999999996,1480
2026-07-26T22:30:00+00:00,0.8505199999999996,0.8506699999999996,0.8504599999999997,0.8506399999999996,1054
2026-07-26T22:45:00+00:00,0.8506399999999996,0.8506399999999996,0.8505699999999996,0.8505699999999996,818
2026-07-26T23:00:00+00:00,0.8505699999999996,0.8506599999999996,0.8504699999999996,0.8504899999999996,639
2026-07-26T23:15:00+00:00,0.8504899999999996,0.8505599999999996,0.8504499999999996,0.8504899999999996,459
2026-07-26T23:30:00+00:00,0.8504899999999996,0.8505099999999997,0.8504599999999997,0.8504899999999996,471
2026-07-26T23:45:00+00:00,0.8504899999999996,0.8505199999999996,0.8504199999999996,0.8505099999999997,833
2026-07-27T00:00:00+00:00,0.8505099999999997,0.8508099999999996,0.8504999999999996,0.8506999999999997,2425
2026-07-27T00:15:00+00:00,0.8506999999999997,0.8511199999999997,0.8506499999999997,0.8510799999999996,2169
2026-07-27T00:30:00+00:00,0.8510799999999996,0.8511299999999996,0.8507799999999996,0.8507899999999996,2133
2026-07-27T00:45:00+00:00,0.8507899999999996,0.8510299999999996,0.8507899999999996,0.8509999999999996,1865
2026-07-27T01:00:00+00:00,0.8509999999999996,0.8511099999999996,0.8509699999999997,0.8510699999999997,1950
2026-07-27T01:15:00+00:00,0.8510699999999997,0.8511499999999996,0.8510199999999997,0.8511499999999996,1758
2026-07-27T01:30:00+00:00,0.8511499999999996,0.8511699999999996,0.8510399999999997,0.8511699999999996,1709
2026-07-27T01:45:00+00:00,0.8511699999999996,0.8512299999999996,0.8510999999999996,0.8511699999999996,1514
2026-07-27T02:00:00+00:00,0.8511699999999996,0.8511899999999997,0.8510699999999997,0.8511099999999996,1827
2026-07-27T02:15:00+00:00,0.8511099999999996,0.8511499999999996,0.8510599999999996,0.8510899999999997,1068
2026-07-27T02:30:00+00:00,0.8510899999999997,0.8511699999999996,0.8510699999999997,0.8511299999999996,1071
2026-07-27T02:45:00+00:00,0.8511299999999996,0.8511599999999996,0.8510399999999997,0.8510399999999997,1235
2026-07-27T03:00:00+00:00,0.8510399999999997,0.8511299999999996,0.8509599999999996,0.8509999999999996,1320
2026-07-27T03:15:00+00:00,0.8509999999999996,0.8510499999999996,0.8509499999999997,0.8510299999999996,591
2026-07-27T03:30:00+00:00,0.8510299999999996,0.8511199999999997,0.8510099999999996,0.8510799999999996,737
2026-07-27T03:45:00+00:00,0.8510799999999996,0.8511599999999996,0.8510399999999997,0.8510399999999997,682
2026-07-27T04:00:00+00:00,0.8510399999999997,0.8510499999999996,0.8509899999999997,0.8510299999999996,638
2026-07-27T04:15:00+00:00,0.8510299999999996,0.8511499999999996,0.8509899999999997,0.8511299999999996,683
2026-07-27T04:30:00+00:00,0.8511299999999996,0.8511399999999997,0.8510199999999997,0.8510599999999996,697
2026-07-27T04:45:00+00:00,0.8510599999999996,0.8511699999999996,0.8510399999999997,0.8511699999999996,671
2026-07-27T05:00:00+00:00,0.8511699999999996,0.8511699999999996,0.8510499999999996,0.8510999999999996,974
2026-07-27T05:15:00+00:00,0.8510999999999996,0.8511799999999996,0.8510899999999997,0.8511499999999996,902
2026-07-27T05:30:00+00:00,0.8511499999999996,0.8511499999999996,0.8510599999999996,0.8511199999999997,1111
2026-07-27T05:45:00+00:00,0.8511199999999997,0.8512299999999996,0.8510699999999997,0.8512199999999996,1030
2026-07-27T06:00:00+00:00,0.8512199999999996,0.8514799999999997,0.8512199999999996,0.8514699999999996,1827
2026-07-27T06:15:00+00:00,0.8514699999999996,0.8515399999999996,0.8513299999999996,0.8513899999999996,2011
2026-07-27T06:30:00+00:00,0.8513899999999996,0.8516699999999996,0.8513199999999996,0.8515599999999997,1901
2026-07-27T06:45:00+00:00,0.8515599999999997,0.8516599999999996,0.8513799999999997,0.8515799999999997,1739
2026-07-27T07:00:00+00:00,0.8515799999999997,0.8519499999999997,0.8514999999999996,0.8518099999999996,2310
2026-07-27T07:15:00+00:00,0.8518099999999996,0.8519799999999996,0.8515699999999996,0.8516799999999997,2478
2026-07-27T07:30:00+00:00,0.8516799999999997,0.8517499999999997,0.8515599999999997,0.8516399999999996,2267
2026-07-27T07:45:00+00:00,0.8516399999999996,0.8517899999999996,0.8514699999999996,0.8516299999999997,2101
2026-07-27T08:00:00+00:00,0.8516299999999997,0.8517999999999997,0.8515199999999996,0.8517399999999996,2300
2026-07-27T08:15:00+00:00,0.8517399999999996,0.8518499999999997,0.8516399999999996,0.8516499999999997,1805
2026-07-27T08:30:00+00:00,0.8516499999999997,0.8517999999999997,0.8516399999999996,0.8517599999999996,1711
2026-07-27T08:45:00+00:00,0.8517599999999996,0.8518999999999997,0.8516499999999997,0.8518899999999996,1534
2026-07-27T09:00:00+00:00,0.8518899999999996,0.8519699999999997,0.8517199999999996,0.8518999999999997,1698
2026-07-27T09:15:00+00:00,0.8518999999999997,0.8519999999999996,0.8517899999999996,0.8517999999999997,1653
2026-07-27T09:30:00+00:00,0.8517999999999997,0.8519499999999997,0.8517199999999996,0.8517899999999996,1676
2026-07-27T09:45:00+00:00,0.8517899999999996,0.8519399999999996,0.8517699999999997,0.8518899999999996,1597
2026-07-27T10:00:00+00:00,0.8518899999999996,0.8520099999999996,0.8518299999999996,0.8518799999999996,1797
2026-07-27T10:15:00+00:00,0.8518799999999996,0.8521399999999997,0.8518799999999996,0.8521199999999997,1683
2026-07-27T10:30:00+00:00,0.8521199999999997,0.8522599999999997,0.8520399999999997,0.8522099999999997,1329
2026-07-27T10:45:00+00:00,0.8522099999999997,0.8526799999999997,0.8521599999999996,0.8525899999999996,2066
2026-07-27T11:00:00+00:00,0.8525899999999996,0.8529399999999996,0.8524399999999996,0.8526899999999996,2325
2026-07-27T11:15:00+00:00,0.8526899999999996,0.8527699999999996,0.8524299999999997,0.8525899999999996,1672
2026-07-27T11:30:00+00:00,0.8525899999999996,0.8529799999999996,0.8524699999999996,0.8525099999999997,2562
2026-07-27T11:45:00+00:00,0.8525099999999997,0.8525299999999997,0.8521899999999997,0.8522399999999997,2093
2026-07-27T12:00:00+00:00,0.8522399999999997,0.8523999999999996,0.8522199999999996,0.8523899999999996,2138
2026-07-27T12:15:00+00:00,0.8523899999999996,0.8525099999999997,0.8520299999999996,0.8520499999999996,1816
2026-07-27T12:30:00+00:00,0.8520499999999996,0.8522599999999997,0.8520199999999997,0.8520599999999996,1940
2026-07-27T12:45:00+00:00,0.8520599999999996,0.8522699999999996,0.8518399999999996,0.8520299999999996,2517
2026-07-27T13:00:00+00:00,0.8520299999999996,0.8523099999999997,0.8519299999999996,0.8519599999999996,2892
2026-07-27T13:15:00+00:00,0.8519599999999996,0.8520299999999996,0.8516699999999996,0.8517299999999997,1929
2026-07-27T13:30:00+00:00,0.8517299999999997,0.8517299999999997,0.8514799999999997,0.8516199999999996,2644
2026-07-27T13:45:00+00:00,0.8516199999999996,0.8516799999999997,0.8514699999999996,0.8515499999999996,3057
2026-07-27T14:00:00+00:00,0.8515499999999996,0.8516099999999996,0.8512599999999997,0.8512799999999996,2625
2026-07-27T14:15:00+00:00,0.8512799999999996,0.8515699999999996,0.8511999999999996,0.8515499999999996,2370
2026-07-27T14:30:00+00:00,0.8515499999999996,0.8516799999999997,0.8513099999999997,0.8516699999999996,2601
2026-07-27T14:45:00+00:00,0.8516699999999996,0.8519999999999996,0.8515599999999997,0.8519099999999996,2962
2026-07-27T15:00:00+00:00,0.8519099999999996,0.8519899999999997,0.8517299999999997,0.8518099999999996,2846
2026-07-27T15:15:00+00:00,0.8518099999999996,0.8520599999999996,0.8517599999999996,0.8519899999999997,2375
2026-07-27T15:30:00+00:00,0.8519899999999997,0.8521399999999997,0.8519299999999996,0.8520399999999997,2357
2026-07-27T15:45:00+00:00,0.8520399999999997,0.8521899999999997,0.8519999999999996,0.8521499999999996,1483
2026-07-27T16:00:00+00:00,0.8521499999999996,0.8523299999999996,0.8520199999999997,0.8522799999999996,1861
2026-07-27T16:15:00+00:00,0.8522799999999996,0.8524399999999996,0.8519599999999996,0.8521599999999996,2663
2026-07-27T16:30:00+00:00,0.8521599999999996,0.8524399999999996,0.8521499999999996,0.8524299999999997,2208
2026-07-27T16:45:00+00:00,0.8524299999999997,0.8524999999999996,0.8523099999999997,0.8524399999999996,1669
2026-07-27T17:00:00+00:00,0.8524399999999996,0.8529899999999997,0.8523899999999996,0.8526799999999997,2539
2026-07-27T17:15:00+00:00,0.8526799999999997,0.8528899999999996,0.8526799999999997,0.8528299999999996,1754
2026-07-27T17:30:00+00:00,0.8528299999999996,0.8528899999999996,0.8527399999999996,0.8527599999999996,1631
2026-07-27T17:45:00+00:00,0.8527599999999996,0.8527699999999996,0.8526299999999997,0.8526499999999997,1292
2026-07-27T18:00:00+00:00,0.8526499999999997,0.8527199999999996,0.8525899999999996,0.8526499999999997,1466
2026-07-27T18:15:00+00:00,0.8526499999999997,0.8526999999999997,0.8525499999999996,0.8525999999999997,1532
2026-07-27T18:30:00+00:00,0.8525999999999997,0.8526099999999996,0.8524699999999996,0.8525399999999996,1791
2026-07-27T18:45:00+00:00,0.8525399999999996,0.8525699999999996,0.8524199999999996,0.8525299999999997,2026
2026-07-27T19:00:00+00:00,0.8525299999999997,0.8525299999999997,0.8523799999999997,0.8524299999999997,1252
2026-07-27T19:15:00+00:00,0.8524299999999997,0.8524299999999997,0.8523399999999997,0.8523899999999996,1107
2026-07-27T19:30:00+00:00,0.8523899999999996,0.8524199999999996,0.8523199999999996,0.8523999999999996,1370
2026-07-27T19:45:00+00:00,0.8523999999999996,0.8524799999999997,0.8523799999999997,0.8524199999999996,1315
2026-07-27T20:00:00+00:00,0.8524199999999996,0.8526199999999996,0.8523999999999996,0.8525899999999996,1027
2026-07-27T20:15:00+00:00,0.8525899999999996,0.8526299999999997,0.8525599999999997,0.8525899999999996,421
2026-07-27T20:30:00+00:00,0.8525899999999996,0.8526299999999997,0.8525099999999997,0.8525799999999997,628
2026-07-27T20:45:00+00:00,0.8525799999999997,0.8525999999999997,0.8523999999999996,0.8523999999999996,717
2026-07-27T21:00:00+00:00,0.8523999999999996,0.8524099999999997,0.8514499999999996,0.8522599999999997,643
2026-07-27T21:15:00+00:00,0.8522599999999997,0.8523299999999996,0.8521199999999997,0.8522999999999996,2270.344074053513
2026-07-27T21:30:00+00:00,0.8522999999999996,0.8523799999999996,0.8520899999999996,0.8523099999999996,8111
2026-07-27T21:45:00+00:00,0.8523099999999996,0.8524499999999996,0.8521999999999996,0.8522999999999996,2799
2026-07-27T22:00:00+00:00,0.8522999999999996,0.8526799999999995,0.8522499999999996,0.8526199999999996,865
2026-07-27T22:15:00+00:00,0.8526199999999996,0.8526999999999996,0.8525499999999996,0.8526299999999996,294
2026-07-27T22:30:00+00:00,0.8526299999999996,0.8526799999999995,0.8525899999999996,0.8525999999999996,243
2026-07-27T22:45:00+00:00,0.8525999999999996,0.8526799999999995,0.8525899999999996,0.8526199999999996,191
2026-07-27T23:00:00+00:00,0.8526199999999996,0.8526899999999996,0.8526199999999996,0.8526699999999996,405
2026-07-27T23:15:00+00:00,0.8526699999999996,0.8526899999999996,0.8526299999999996,0.8526299999999996,276
2026-07-27T23:30:00+00:00,0.8526299999999996,0.8526399999999996,0.8525399999999996,0.8525699999999996,309
2026-07-27T23:45:00+00:00,0.8525699999999996,0.8526199999999996,0.8525399999999996,0.8525499999999996,442
2026-07-28T00:00:00+00:00,0.8525499999999996,0.8526499999999996,0.8524999999999996,0.8526099999999995,1738
2026-07-28T00:15:00+00:00,0.8526099999999995,0.8526599999999996,0.8525799999999996,0.8525999999999996,1205
2026-07-28T00:30:00+00:00,0.8525999999999996,0.8526999999999996,0.8525999999999996,0.8526799999999995,926
2026-07-28T00:45:00+00:00,0.8526799999999995,0.8527799999999995,0.8526299999999996,0.8527199999999996,1284
2026-07-28T01:00:00+00:00,0.8527199999999996,0.8528299999999995,0.8525699999999996,0.8528099999999996,1708
2026-07-28T01:15:00+00:00,0.8528099999999996,0.8528099999999996,0.8526899999999996,0.8526899999999996,1373
2026-07-28T01:30:00+00:00,0.8526899999999996,0.8527399999999996,0.8526399999999996,0.8526699999999996,1221
2026-07-28T01:45:00+00:00,0.8526699999999996,0.8527199999999996,0.8526199999999996,0.8527099999999996,1169
2026-07-28T02:00:00+00:00,0.8527099999999996,0.8527099999999996,0.8525299999999996,0.8526199999999996,1112
2026-07-28T02:15:00+00:00,0.8526199999999996,0.8526599999999996,0.8525499999999996,0.8525499999999996,979
2026-07-28T02:30:00+00:00,0.8525499999999996,0.8525899999999996,0.8525399999999996,0.8525499999999996,886
2026-07-28T02:45:00+00:00,0.8525499999999996,0.8526399999999996,0.8525499999999996,0.8526199999999996,1218
2026-07-28T03:00:00+00:00,0.8526199999999996,0.8526499999999996,0.8525599999999995,0.8525699999999996,1308
2026-07-28T03:15:00+00:00,0.8525699999999996,0.8525699999999996,0.8524599999999996,0.8524899999999996,1239
2026-07-28T03:30:00+00:00,0.8524899999999996,0.8524999999999996,0.8523599999999996,0.8523899999999995,1531
2026-07-28T03:45:00+00:00,0.8523899999999995,0.8524699999999996,0.8523499999999996,0.8524299999999996,1131
2026-07-28T04:00:00+00:00,0.8524299999999996,0.8524899999999996,0.8523599999999996,0.8524399999999996,1128
2026-07-28T04:15:00+00:00,0.8524399999999996,0.8524499999999996,0.8523399999999995,0.8523699999999996,891
2026-07-28T04:30:00+00:00,0.8523699999999996,0.8524099999999996,0.8523499999999996,0.8523699999999996,695
2026-07-28T04:45:00+00:00,0.8523699999999996,0.8523899999999995,0.8522299999999996,0.8522299999999996,784
2026-07-28T05:00:00+00:00,0.8522299999999996,0.8522399999999996,0.8520799999999996,0.8521599999999996,1128
2026-07-28T05:15:00+00:00,0.8521599999999996,0.8522599999999996,0.8521499999999996,0.8522099999999996,852
2026-07-28T05:30:00+00:00,0.8522099999999996,0.8523699999999996,0.8521899999999996,0.8522899999999995,1218
2026-07-28T05:45:00+00:00,0.8522899999999995,0.8524499999999996,0.8522899999999995,0.8524299999999996,985
2026-07-28T06:00:00+00:00,0.8524299999999996,0.8525499999999996,0.8523499999999996,0.8523599999999996,1582
2026-07-28T06:15:00+00:00,0.8523599999999996,0.8525099999999995,0.8522799999999996,0.8522999999999996,1738
2026-07-28T06:30:00+00:00,0.8522999999999996,0.8525099999999995,0.8522499999999996,0.8522899999999995,1499
2026-07-28T06:45:00+00:00,0.8522899999999995,0.8523399999999995,0.8518099999999996,0.8519399999999996,1532
2026-07-28T07:00:00+00:00,0.8519399999999996,0.8521699999999995,0.8519399999999996,0.8520699999999995,1807
2026-07-28T07:15:00+00:00,0.8520699999999995,0.8520899999999996,0.8517099999999996,0.8517799999999995,1607
2026-07-28T07:30:00+00:00,0.8517799999999995,0.8520499999999996,0.8517199999999996,0.8520099999999996,1256
2026-07-28T07:45:00+00:00,0.8520099999999996,0.8521399999999996,0.8518799999999996,0.8520999999999996,1946
2026-07-28T08:00:00+00:00,0.8520999999999996,0.8521399999999996,0.8517099999999996,0.8518699999999996,2276
2026-07-28T08:15:00+00:00,0.8518699999999996,0.8519499999999995,0.8517399999999996,0.8518899999999996,1644
2026-07-28T08:30:00+00:00,0.8518899999999996,0.8521699999999995,0.8517999999999996,0.8520599999999996,1511
2026-07-28T08:45:00+00:00,0.8520599999999996,0.8520899999999996,0.8518599999999996,0.8519699999999996,1427
2026-07-28T09:00:00+00:00,0.8519699999999996,0.8521899999999996,0.8519299999999996,0.8520899999999996,1488
2026-07-28T09:15:00+00:00,0.8520899999999996,0.8521899999999996,0.8520299999999996,0.8520999999999996,1132
2026-07-28T09:30:00+00:00,0.8520999999999996,0.8521999999999996,0.8519899999999996,0.8521499999999996,1479
2026-07-28T09:45:00+00:00,0.8521499999999996,0.8523699999999996,0.8520299999999996,0.8522199999999995,1737
2026-07-28T10:00:00+00:00,0.8522199999999995,0.8525599999999995,0.8522199999999995,0.8524499999999996,1699
2026-07-28T10:15:00+00:00,0.8524499999999996,0.8525499999999996,0.8522499999999996,0.8523599999999996,1467
2026-07-28T10:30:00+00:00,0.8523599999999996,0.8525899999999996,0.8523099999999996,0.8524899999999996,1893
2026-07-28T10:45:00+00:00,0.8524899999999996,0.8528199999999996,0.8524599999999996,0.8525899999999996,2027
2026-07-28T11:00:00+00:00,0.8525899999999996,0.8527299999999995,0.8524799999999996,0.8526399999999996,1751
2026-07-28T11:15:00+00:00,0.8526399999999996,0.8528899999999996,0.8525299999999996,0.8528699999999996,2278
2026-07-28T11:30:00+00:00,0.8528699999999996,0.8528899999999996,0.8527099999999996,0.8527499999999996,1396
2026-07-28T11:45:00+00:00,0.8527499999999996,0.8531099999999996,0.8526499999999996,0.8529099999999996,2365
2026-07-28T12:00:00+00:00,0.8529099999999996,0.8529099999999996,0.8524199999999996,0.8525299999999996,1853
2026-07-28T12:15:00+00:00,0.8525299999999996,0.8525399999999996,0.8522899999999995,0.8523699999999996,1661
2026-07-28T12:30:00+00:00,0.8523699999999996,0.8523999999999996,0.8519199999999996,0.8519499999999995,1671
2026-07-28T12:45:00+00:00,0.8519499999999995,0.8520299999999996,0.8517599999999996,0.8517899999999996,1866
2026-07-28T13:00:00+00:00,0.8517899999999996,0.8520299999999996,0.8516299999999996,0.8519499999999995,1874
2026-07-28T13:15:00+00:00,0.8519499999999995,0.8521599999999996,0.8518899999999996,0.8520099999999996,1903
2026-07-28T13:30:00+00:00,0.8520099999999996,0.8521999999999996,0.8519599999999996,0.8521099999999996,2124
2026-07-28T13:45:00+00:00,0.8521099999999996,0.8522599999999996,0.8519799999999996,0.8520899999999996,2680
2026-07-28T14:00:00+00:00,0.8520899999999996,0.8525599999999995,0.8519799999999996,0.8525499999999996,2404
2026-07-28T14:15:00+00:00,0.8525499999999996,0.8528699999999996,0.8524699999999996,0.8528399999999996,2112
2026-07-28T14:30:00+00:00,0.8528399999999996,0.8530899999999996,0.8526899999999996,0.8530499999999996,2019
2026-07-28T14:45:00+00:00,0.8530499999999996,0.8537899999999996,0.8528499999999996,0.8536999999999996,4545
2026-07-28T15:00:00+00:00,0.8536999999999996,0.8537899999999996,0.8534099999999996,0.8536799999999996,4267
2026-07-28T15:15:00+00:00,0.8536799999999996,0.8537899999999996,0.8534799999999996,0.8536399999999996,3385
2026-07-28T15:30:00+00:00,0.8536399999999996,0.8537499999999996,0.8534999999999996,0.8536999999999996,2661
2026-07-28T15:45:00+00:00,0.8536999999999996,0.8537899999999996,0.8534799999999996,0.8536499999999996,2125
2026-07-28T16:00:00+00:00,0.8536499999999996,0.8539899999999996,0.8535799999999996,0.8539399999999996,2133
2026-07-28T16:15:00+00:00,0.8539399999999996,0.8541299999999996,0.8538999999999995,0.8540799999999996,1734
2026-07-28T16:30:00+00:00,0.8540799999999996,0.8541499999999996,0.8537599999999996,0.8539399999999996,2142
2026-07-28T16:45:00+00:00,0.8539399999999996,0.8540099999999996,0.8537799999999995,0.8538299999999995,1930
2026-07-28T17:00:00+00:00,0.8538299999999995,0.8538799999999996,0.8536699999999996,0.8537799999999995,2132
2026-07-28T17:15:00+00:00,0.8537799999999995,0.8538499999999996,0.8536599999999996,0.8537299999999995,1947
2026-07-28T17:30:00+00:00,0.8537299999999995,0.8539199999999996,0.8537099999999996,0.8538799999999996,1312
2026-07-28T17:45:00+00:00,0.8538799999999996,0.8540199999999996,0.8538499999999996,0.8539399999999996,1463
2026-07-28T18:00:00+00:00,0.8539399999999996,0.8540499999999996,0.8539099999999996,0.8540199999999996,1751
2026-07-28T18:15:00+00:00,0.8540199999999996,0.8541499999999996,0.8539999999999995,0.8540899999999996,1386
2026-07-28T18:30:00+00:00,0.8540899999999996,0.8540899999999996,0.8539499999999995,0.8539499999999995,1344
2026-07-28T18:45:00+00:00,0.8539499999999995,0.8539799999999996,0.8538699999999996,0.8539399999999996,1231
2026-07-28T19:00:00+00:00,0.8539399999999996,0.8539699999999996,0.8538799999999996,0.8538999999999995,1143
2026-07-28T19:15:00+00:00,0.8538999999999995,0.8540299999999996,0.8538199999999996,0.8539899999999996,1135
2026-07-28T19:30:00+00:00,0.8539899999999996,0.8540599999999996,0.8539499999999995,0.8539999999999995,1291
2026-07-28T19:45:00+00:00,0.8539999999999995,0.8540899999999996,0.8538499999999996,0.8540399999999996,1692
2026-07-28T20:00:00+00:00,0.8540399999999996,0.8540799999999996,0.8539199999999996,0.8539299999999996,859
2026-07-28T20:15:00+00:00,0.8539299999999996,0.8540099999999996,0.8539199999999996,0.8539499999999995,717
2026-07-28T20:30:00+00:00,0.8539499999999995,0.8540499999999996,0.8539199999999996,0.8539999999999995,898
2026-07-28T20:45:00+00:00,0.8539999999999995,0.8540899999999996,0.8537799999999995,0.8538599999999996,1314
2026-07-28T21:00:00+00:00,0.8538599999999996,0.8540699999999996,0.8531699999999995,0.8539799999999996,148.44848885947496
2026-07-28T21:15:00+00:00,0.8539799999999996,0.8540299999999996,0.8537099999999996,0.8539499999999995,1171
2026-07-28T21:30:00+00:00,0.8539499999999995,0.8541199999999995,0.8538599999999996,0.8541099999999996,613
2026-07-28T21:45:00+00:00,0.8541099999999996,0.8541399999999996,0.8539699999999996,0.8541099999999996,957
2026-07-28T22:00:00+00:00,0.8541099999999996,0.8541899999999996,0.8539899999999996,0.8540899999999996,363
2026-07-28T22:15:00+00:00,0.8540899999999996,0.8541299999999996,0.8540099999999996,0.8540799999999996,335
2026-07-28T22:30:00+00:00,0.8540799999999996,0.8541699999999995,0.8540599999999996,0.8541499999999996,289
2026-07-28T22:45:00+00:00,0.8541499999999996,0.8541599999999996,0.8540599999999996,0.8540999999999996,404
2026-07-28T23:00:00+00:00,0.8540999999999996,0.8541599999999996,0.8540499999999996,0.8540699999999996,629
2026-07-28T23:15:00+00:00,0.8540699999999996,0.8541099999999996,0.8540299999999996,0.8540699999999996,435
2026-07-28T23:30:00+00:00,0.8540699999999996,0.8541099999999996,0.8540299999999996,0.8540299999999996,308
2026-07-28T23:45:00+00:00,0.8540299999999996,0.8540699999999996,0.8539399999999996,0.8540199999999996,1087
2026-07-29T00:00:00+00:00,0.8540199999999996,0.8540699999999996,0.8538799999999996,0.8539499999999995,1585
2026-07-29T00:15:00+00:00,0.8539499999999995,0.8540299999999996,0.8539099999999996,0.8539799999999996,1120
2026-07-29T00:30:00+00:00,0.8539799999999996,0.8539999999999995,0.8538899999999996,0.8538999999999995,1014
2026-07-29T00:45:00+00:00,0.8538999999999995,0.8540299999999996,0.8538499999999996,0.8540199999999996,1407
2026-07-29T01:00:00+00:00,0.8540199999999996,0.8541499999999996,0.8539499999999995,0.8541399999999996,1278
2026-07-29T01:15:00+00:00,0.8541399999999996,0.8542099999999996,0.8541099999999996,0.8541799999999996,1044
2026-07-29T01:30:00+00:00,0.8541799999999996,0.8543199999999996,0.8541799999999996,0.8542899999999995,1270
2026-07-29T01:45:00+00:00,0.8542899999999995,0.8543799999999996,0.8542799999999996,0.8543199999999996,903
2026-07-29T02:00:00+00:00,0.8543199999999996,0.8543299999999996,0.8541399999999996,0.8541999999999996,1067
2026-07-29T02:15:00+00:00,0.8541999999999996,0.8542199999999995,0.8540099999999996,0.8540799999999996,1202
2026-07-29T02:30:00+00:00,0.8540799999999996,0.8541299999999996,0.8540199999999996,0.8540699999999996,1282
2026-07-29T02:45:00+00:00,0.8540699999999996,0.8542099999999996,0.8540199999999996,0.8541999999999996,1006
2026-07-29T03:00:00+00:00,0.8541999999999996,0.8542399999999996,0.8541299999999996,0.8541699999999995,845
2026-07-29T03:15:00+00:00,0.8541699999999995,0.8543199999999996,0.8541399999999996,0.8542999999999996,711
2026-07-29T03:30:00+00:00,0.8542999999999996,0.8543699999999996,0.8542899999999995,0.8543199999999996,717
2026-07-29T03:45:00+00:00,0.8543199999999996,0.8543899999999995,0.8542799999999996,0.8542999999999996,1018
2026-07-29T04:00:00+00:00,0.8542999999999996,0.8543099999999996,0.8542199999999995,0.8542899999999995,1185
2026-07-29T04:15:00+00:00,0.8542899999999995,0.8544599999999996,0.8542799999999996,0.8543199999999996,841
2026-07-29T04:30:00+00:00,0.8543199999999996,0.8544399999999995,0.8542799999999996,0.8544199999999996,1005
2026-07-29T04:45:00+00:00,0.8544199999999996,0.8544499999999996,0.8543499999999996,0.8544399999999995,1239
2026-07-29T05:00:00+00:00,0.8544399999999995,0.8544499999999996,0.8543299999999996,0.8543299999999996,964
2026-07-29T05:15:00+00:00,0.8543299999999996,0.8543699999999996,0.8542799999999996,0.8543099999999996,882
2026-07-29T05:30:00+00:00,0.8543099999999996,0.8543199999999996,0.8541799999999996,0.8542399999999996,1048
2026-07-29T05:45:00+00:00,0.8542399999999996,0.8542599999999996,0.8541299999999996,0.8541399999999996,1013
2026-07-29T06:00:00+00:00,0.8541399999999996,0.8541699999999995,0.8538899999999996,0.8538999999999995,1599
2026-07-29T06:15:00+00:00,0.8538999999999995,0.8541199999999995,0.8538299999999995,0.8539899999999996,1339
2026-07-29T06:30:00+00:00,0.8539899999999996,0.8540399999999996,0.8538299999999995,0.8538299999999995,1039
2026-07-29T06:45:00+00:00,0.8538299999999995,0.8538699999999996,0.8536499999999996,0.8537899999999996,1253
2026-07-29T07:00:00+00:00,0.8537899999999996,0.8539899999999996,0.8536999999999996,0.8539499999999995,1512
2026-07-29T07:15:00+00:00,0.8539499999999995,0.8539599999999996,0.8537099999999996,0.8538199999999996,1326
2026-07-29T07:30:00+00:00,0.8538199999999996,0.8539299999999996,0.8537199999999996,0.8538299999999995,1582
2026-07-29T07:45:00+00:00,0.8538299999999995,0.8541499999999996,0.8538299999999995,0.8539199999999996,1322
2026-07-29T08:00:00+00:00,0.8539199999999996,0.8541099999999996,0.8537799999999995,0.8541099999999996,1328
2026-07-29T08:15:00+00:00,0.8541099999999996,0.8541099999999996,0.8537199999999996,0.8537699999999996,1213
2026-07-29T08:30:00+00:00,0.8537699999999996,0.8538699999999996,0.8536399999999996,0.8536499999999996,992
2026-07-29T08:45:00+00:00,0.8536499999999996,0.8537499999999996,0.8534699999999996,0.8535599999999995,1105
2026-07-29T09:00:00+00:00,0.8535599999999995,0.8537799999999995,0.8535499999999996,0.8535999999999996,1307
2026-07-29T09:15:00+00:00,0.8535999999999996,0.8536799999999996,0.8535099999999995,0.8536199999999996,1101
2026-07-29T09:30:00+00:00,0.8536199999999996,0.8539399999999996,0.8535799999999996,0.8537099999999996,1370
2026-07-29T09:45:00+00:00,0.8537099999999996,0.8539899999999998,0.8536999999999997,0.8538299999999998,1494
2026-07-29T10:00:00+00:00,0.8538299999999998,0.8541299999999997,0.8537899999999997,0.8540599999999998,1819
2026-07-29T10:15:00+00:00,0.8540599999999998,0.8541499999999997,0.8537599999999997,0.8540999999999997,1400
2026-07-29T10:30:00+00:00,0.8540999999999997,0.8541399999999998,0.8537199999999998,0.8537299999999998,1563
2026-07-29T10:45:00+00:00,0.8537299999999998,0.8537999999999998,0.8536499999999998,0.8537099999999997,1322
2026-07-29T11:00:00+00:00,0.8537099999999997,0.8538399999999997,0.8535799999999998,0.8535899999999997,1231
2026-07-29T11:15:00+00:00,0.8535899999999997,0.8537299999999998,0.8534399999999998,0.8534499999999997,1223
2026-07-29T11:30:00+00:00,0.8534499999999997,0.8535399999999997,0.8532799999999998,0.8532899999999998,1603
2026-07-29T11:45:00+00:00,0.8532899999999998,0.8534499999999997,0.8532899999999998,0.8533599999999998,1684
2026-07-29T12:00:00+00:00,0.8533599999999998,0.8536199999999997,0.8532899999999998,0.8535399999999997,1973
2026-07-29T12:15:00+00:00,0.8535399999999997,0.8537299999999998,0.8534699999999997,0.8535399999999997,2666
2026-07-29T12:30:00+00:00,0.8535399999999997,0.8536399999999997,0.8533599999999998,0.8535299999999998,1873
2026-07-29T12:45:00+00:00,0.8535299999999998,0.8538699999999998,0.8535099999999998,0.8536299999999998,1712
2026-07-29T13:00:00+00:00,0.8536299999999998,0.8539099999999997,0.8535499999999998,0.8537999999999998,1545
2026-07-29T13:15:00+00:00,0.8537999999999998,0.8540299999999997,0.8537799999999998,0.8539099999999997,1765
2026-07-29T13:30:00+00:00,0.8539099999999997,0.8541899999999998,0.8537399999999997,0.8540099999999997,2355
2026-07-29T13:45:00+00:00,0.8540099999999997,0.8542299999999997,0.8539099999999997,0.8540099999999997,2591
2026-07-29T14:00:00+00:00,0.8540099999999997,0.8540599999999998,0.8538099999999997,0.8538699999999998,2226
2026-07-29T14:15:00+00:00,0.8538699999999998,0.8541799999999997,0.8538099999999997,0.8539299999999997,2166
2026-07-29T14:30:00+00:00,0.8539299999999997,0.8539899999999998,0.8536399999999997,0.8537499999999998,1838
2026-07-29T14:45:00+00:00,0.8537499999999998,0.8541999999999997,0.8534899999999997,0.8536299999999998,4326
2026-07-29T15:00:00+00:00,0.8536299999999998,0.8539399999999998,0.8535399999999997,0.8537399999999997,2943
2026-07-29T15:15:00+00:00,0.8537399999999997,0.8538199999999998,0.8535599999999998,0.8536799999999998,2413
2026-07-29T15:30:00+00:00,0.8536799999999998,0.8536899999999997,0.8534499999999997,0.8536199999999997,2184
2026-07-29T15:45:00+00:00,0.8536199999999997,0.8538499999999998,0.8535999999999998,0.8538099999999997,1719
2026-07-29T16:00:00+00:00,0.8538099999999997,0.8538499999999998,0.8536099999999998,0.8537899999999997,1852
2026-07-29T16:15:00+00:00,0.8537899999999997,0.8538699999999998,0.8536999999999998,0.8538499999999998,1602
2026-07-29T16:30:00+00:00,0.8538499999999998,0.8540499999999998,0.8538199999999998,0.8540199999999998,1463
2026-07-29T16:45:00+00:00,0.8540199999999998,0.8540599999999998,0.8538199999999998,0.8538399999999997,1456
2026-07-29T17:00:00+00:00,0.8538399999999997,0.8539099999999997,0.8537299999999998,0.8537699999999998,1730
2026-07-29T17:15:00+00:00,0.8537699999999998,0.8537999999999998,0.8536999999999998,0.8537099999999997,1416
2026-07-29T17:30:00+00:00,0.8537099999999997,0.8537299999999998,0.8535299999999998,0.8536499999999998,1774
2026-07-29T17:45:00+00:00,0.8536499999999998,0.8538999999999998,0.8535499999999998,0.8535499999999998,2087
2026-07-29T18:00:00+00:00,0.8535499999999998,0.8540499999999998,0.8522999999999997,0.8538499999999998,6336
2026-07-29T18:15:00+00:00,0.8538499999999998,0.8541299999999997,0.8537899999999997,0.8538999999999998,3008
2026-07-29T18:30:00+00:00,0.8538999999999998,0.8540699999999998,0.8536899999999997,0.8538799999999998,5995
2026-07-29T18:45:00+00:00,0.8538799999999998,0.8540499999999998,0.8537399999999997,0.8539399999999998,5034
2026-07-29T19:00:00+00:00,0.8539399999999998,0.8540499999999998,0.8535599999999998,0.8536099999999998,4493
2026-07-29T19:15:00+00:00,0.8536099999999998,0.8544199999999997,0.8535299999999998,0.8543799999999998,4954
2026-07-29T19:30:00+00:00,0.8543799999999998,0.8548799999999998,0.8542699999999998,0.8548599999999997,4189
2026-07-29T19:45:00+00:00,0.8548599999999997,0.8549699999999998,0.8546599999999998,0.8548199999999998,4239
2026-07-29T20:00:00+00:00,0.8548199999999998,0.8550799999999997,0.8547799999999998,0.8550699999999998,2875
2026-07-29T20:15:00+00:00,0.8550699999999998,0.8554099999999998,0.8549399999999998,0.8553999999999997,1679
2026-07-29T20:30:00+00:00,0.8553999999999997,0.8556599999999998,0.8551299999999997,0.8551399999999998,2075
2026-07-29T20:45:00+00:00,0.8551399999999998,0.8553399999999998,0.8547299999999998,0.8547299999999998,2719
2026-07-29T21:00:00+00:00,0.8547299999999998,0.8547299999999998,0.8538999999999998,0.8541299999999997,649
2026-07-29T21:15:00+00:00,0.8541299999999997,0.8545399999999997,0.8540999999999997,0.8544799999999998,1875
2026-07-29T21:30:00+00:00,0.8544799999999998,0.8547999999999998,0.8544799999999998,0.8546799999999998,2370
2026-07-29T21:45:00+00:00,0.8546799999999998,0.8548399999999997,0.8544499999999997,0.8545999999999998,5656
2026-07-29T22:00:00+00:00,0.8545999999999998,0.8550699999999998,0.8545999999999998,0.8549699999999998,2794
2026-07-29T22:15:00+00:00,0.8549699999999998,0.8550599999999997,0.8549299999999997,0.8550099999999997,479
2026-07-29T22:30:00+00:00,0.8550099999999997,0.8550499999999998,0.8549199999999998,0.8550499999999998,313.0193832599119
2026-07-29T22:45:00+00:00,0.8550499999999998,0.8551399999999997,0.8550399999999997,0.8551299999999997,314
2026-07-29T23:00:00+00:00,0.8551299999999997,0.8551499999999997,0.8549499999999998,0.8550099999999997,843
2026-07-29T23:15:00+00:00,0.8550099999999997,0.8550799999999997,0.8549699999999997,0.8549899999999997,669
2026-07-29T23:30:00+00:00,0.8549899999999997,0.8550299999999997,0.8548599999999997,0.8548999999999998,571
2026-07-29T23:45:00+00:00,0.8548999999999998,0.8550099999999997,0.8548999999999998,0.8549499999999998,1024
2026-07-30T00:00:00+00:00,0.8549499999999998,0.8550699999999997,0.8549099999999997,0.8549999999999998,2312
2026-07-30T00:15:00+00:00,0.8549999999999998,0.8550599999999997,0.8549099999999997,0.8549999999999998,2438
2026-07-30T00:30:00+00:00,0.8549999999999998,0.8550599999999997,0.8549299999999997,0.8550499999999998,1668
2026-07-30T00:45:00+00:00,0.8550499999999998,0.8550799999999997,0.8549699999999997,0.8550299999999997,1460
2026-07-30T01:00:00+00:00,0.8550299999999997,0.8550699999999997,0.8549199999999997,0.8549899999999997,2074
2026-07-30T01:15:00+00:00,0.8549899999999997,0.8550099999999997,0.8548299999999998,0.8548799999999998,1648
2026-07-30T01:30:00+00:00,0.8548799999999998,0.8549699999999997,0.8547999999999997,0.8549499999999998,1538
2026-07-30T01:45:00+00:00,0.8549499999999998,0.8549699999999997,0.8547899999999997,0.8548799999999998,1545
2026-07-30T02:00:00+00:00,0.8548799999999998,0.8548799999999998,0.8547299999999998,0.8547999999999997,1425
2026-07-30T02:15:00+00:00,0.8547999999999997,0.8550199999999997,0.8547899999999997,0.8549799999999997,1011
2026-07-30T02:30:00+00:00,0.8549799999999997,0.8551099999999997,0.8549599999999997,0.8550499999999998,1123
2026-07-30T02:45:00+00:00,0.8550499999999998,0.8550599999999997,0.8549799999999997,0.8550499999999998,914
2026-07-30T03:00:00+00:00,0.8550499999999998,0.8552499999999997,0.8550099999999997,0.8551899999999997,1129
2026-07-30T03:15:00+00:00,0.8551899999999997,0.8552699999999998,0.8550799999999997,0.8551099999999997,1194
2026-07-30T03:30:00+00:00,0.8551099999999997,0.8551499999999997,0.8550699999999997,0.8550799999999997,943
2026-07-30T03:45:00+00:00,0.8550799999999997,0.8551099999999997,0.8549799999999997,0.8550399999999997,1106
2026-07-30T04:00:00+00:00,0.8550399999999997,0.8551599999999997,0.8550399999999997,0.8551399999999997,1086
2026-07-30T04:15:00+00:00,0.8551399999999997,0.8551499999999996,0.8550699999999997,0.8550799999999996,907
2026-07-30T04:30:00+00:00,0.8550799999999996,0.8552199999999996,0.8550699999999997,0.8552099999999997,657
2026-07-30T04:45:00+00:00,0.8552099999999997,0.8552199999999996,0.8551299999999996,0.8551799999999996,1008
2026-07-30T05:00:00+00:00,0.8551799999999996,0.8553299999999997,0.8551599999999997,0.8553099999999997,1209
2026-07-30T05:15:00+00:00,0.8553099999999997,0.8553099999999997,0.8547899999999996,0.8548299999999996,1267
2026-07-30T05:30:00+00:00,0.8548299999999996,0.8548699999999997,0.8545999999999997,0.8546699999999997,1369
2026-07-30T05:45:00+00:00,0.8546699999999997,0.8549099999999996,0.8546599999999996,0.8548199999999997,1623
2026-07-30T06:00:00+00:00,0.8548199999999997,0.8553399999999997,0.8546799999999997,0.8552499999999996,2245
2026-07-30T06:15:00+00:00,0.8552499999999996,0.8552999999999996,0.8551099999999997,0.8552699999999996,1668
2026-07-30T06:30:00+00:00,0.8552699999999996,0.8554199999999996,0.8551699999999997,0.8552499999999996,1681
2026-07-30T06:45:00+00:00,0.8552499999999996,0.8552999999999996,0.8549899999999997,0.8550299999999996,1576
2026-07-30T07:00:00+00:00,0.8550299999999996,0.8550799999999996,0.8544599999999997,0.8545299999999997,2731
2026-07-30T07:15:00+00:00,0.8545299999999997,0.8546599999999996,0.8542299999999996,0.8544999999999997,2409
2026-07-30T07:30:00+00:00,0.8544999999999997,0.8545499999999997,0.8542799999999997,0.8543099999999997,2119
2026-07-30T07:45:00+00:00,0.8543099999999997,0.8546299999999997,0.8542499999999996,0.8545699999999996,1976
2026-07-30T08:00:00+00:00,0.8545699999999996,0.8547099999999996,0.8543899999999996,0.8544899999999996,2731
2026-07-30T08:15:00+00:00,0.8544899999999996,0.8547899999999996,0.8544799999999997,0.8546499999999997,2121
2026-07-30T08:30:00+00:00,0.8546499999999997,0.8546499999999997,0.8543199999999996,0.8543599999999997,1862
2026-07-30T08:45:00+00:00,0.8543599999999997,0.8545499999999996,0.8542799999999996,0.8543199999999996,2137
2026-07-30T09:00:00+00:00,0.8543199999999996,0.8544499999999996,0.8540699999999997,0.8540699999999997,2162
2026-07-30T09:15:00+00:00,0.8540699999999997,0.8542799999999996,0.8539499999999997,0.8541999999999996,1948
2026-07-30T09:30:00+00:00,0.8541999999999996,0.8542899999999997,0.8538399999999996,0.8539199999999996,1666
2026-07-30T09:45:00+00:00,0.8539199999999996,0.8540899999999996,0.8538399999999996,0.8539599999999996,2047
2026-07-30T10:00:00+00:00,0.8539599999999996,0.8542699999999996,0.8539499999999997,0.8540799999999996,2332
2026-07-30T10:15:00+00:00,0.8540799999999996,0.8546499999999996,0.8540299999999996,0.8544499999999996,3087
2026-07-30T10:30:00+00:00,0.8544499999999996,0.8545299999999996,0.8537099999999996,0.8539999999999996,2739
2026-07-30T10:45:00+00:00,0.8539999999999996,0.8541499999999996,0.8535799999999997,0.8539899999999996,3222
2026-07-30T11:00:00+00:00,0.8539899999999996,0.8545299999999996,0.8533499999999996,0.8543999999999996,3497
2026-07-30T11:15:00+00:00,0.8543999999999996,0.8545999999999996,0.8542499999999996,0.8544599999999997,2560
2026-07-30T11:30:00+00:00,0.8544599999999997,0.8545299999999996,0.8541899999999997,0.8544699999999996,1848
2026-07-30T11:45:00+00:00,0.8544699999999996,0.8545199999999996,0.8542699999999996,0.8543299999999996,1925
2026-07-30T12:00:00+00:00,0.8543299999999996,0.8544199999999996,0.8542099999999996,0.8544199999999996,2604
2026-07-30T12:15:00+00:00,0.8544199999999996,0.8546099999999996,0.8540599999999996,0.8542599999999996,2503
2026-07-30T12:30:00+00:00,0.8542599999999996,0.8551399999999996,0.8542099999999996,0.8547599999999996,4350
2026-07-30T12:45:00+00:00,0.8547599999999996,0.8552799999999996,0.8547599999999996,0.8551499999999996,3901
2026-07-30T13:00:00+00:00,0.8551499999999996,0.8552699999999996,0.8548699999999996,0.8551899999999997,3657
2026-07-30T13:15:00+00:00,0.8551899999999997,0.8557299999999997,0.8551399999999996,0.8556799999999997,2938
2026-07-30T13:30:00+00:00,0.8556799999999997,0.8557999999999997,0.8544999999999996,0.8545199999999996,5516
2026-07-30T13:45:00+00:00,0.8545199999999996,0.8554699999999996,0.8543799999999996,0.8553399999999997,6222
2026-07-30T14:00:00+00:00,0.8553399999999997,0.8554699999999996,0.8544899999999996,0.8545899999999996,7045
2026-07-30T14:15:00+00:00,0.8545899999999996,0.8550099999999996,0.8544999999999996,0.8549599999999996,5865
2026-07-30T14:30:00+00:00,0.8549599999999996,0.8549799999999996,0.8542499999999996,0.8542599999999996,4147
2026-07-30T14:45:00+00:00,0.8542599999999996,0.8544999999999996,0.8537399999999996,0.8540199999999997,4409
2026-07-30T15:00:00+00:00,0.8540199999999997,0.8540399999999996,0.8536999999999996,0.8538899999999996,4234
2026-07-30T15:15:00+00:00,0.8538899999999996,0.8539799999999996,0.8536899999999996,0.8538099999999996,3096
2026-07-30T15:30:00+00:00,0.8538099999999996,0.8539699999999997,0.8533499999999996,0.8533499999999996,3144
2026-07-30T15:45:00+00:00,0.8533499999999996,0.8534599999999997,0.8530899999999996,0.8531799999999996,2746
2026-07-30T16:00:00+00:00,0.8531799999999996,0.8533499999999996,0.8530599999999996,0.8530899999999996,3340
2026-07-30T16:15:00+00:00,0.8530899999999996,0.8533599999999997,0.8529099999999996,0.8533399999999997,2516
2026-07-30T16:30:00+00:00,0.8533399999999997,0.8533899999999996,0.8530899999999996,0.8533799999999996,2255
2026-07-30T16:45:00+00:00,0.8533799999999996,0.8534699999999996,0.8532899999999997,0.8533699999999996,1755
2026-07-30T17:00:00+00:00,0.8533699999999996,0.8534099999999997,0.8529899999999996,0.8530499999999996,2076
2026-07-30T17:15:00+00:00,0.8530499999999996,0.8531399999999997,0.8529099999999996,0.8530999999999996,1492
2026-07-30T17:30:00+00:00,0.8530999999999996,0.8531999999999996,0.8528799999999996,0.8530899999999996,3258
2026-07-30T17:45:00+00:00,0.8530899999999996,0.8531899999999997,0.8528799999999996,0.8529799999999996,3043
2026-07-30T18:00:00+00:00,0.8529799999999996,0.8534199999999996,0.8529699999999997,0.8533399999999997,2239
2026-07-30T18:15:00+00:00,0.8533399999999997,0.8533599999999997,0.8531699999999997,0.8531799999999996,1710
2026-07-30T18:30:00+00:00,0.8531799999999996,0.8532899999999997,0.8531699999999997,0.8532399999999997,1791
2026-07-30T18:45:00+00:00,0.8532399999999997,0.8532499999999996,0.8530899999999996,0.8531599999999996,1509
2026-07-30T19:00:00+00:00,0.8531599999999996,0.8531999999999996,0.8530099999999996,0.8530899999999996,1871
2026-07-30T19:15:00+00:00,0.8530899999999996,0.8532099999999996,0.8530599999999996,0.8531899999999997,1455
2026-07-30T19:30:00+00:00,0.8531899999999997,0.8532299999999996,0.8530599999999996,0.8531099999999996,1546
2026-07-30T19:45:00+00:00,0.8531099999999996,0.8532599999999996,0.8530699999999997,0.8532399999999997,2484
2026-07-30T20:00:00+00:00,0.8532399999999997,0.8532999999999996,0.8531299999999996,0.8531499999999996,1428
2026-07-30T20:15:00+00:00,0.8531499999999996,0.8533099999999996,0.8530999999999996,0.8532599999999996,985
2026-07-30T20:30:00+00:00,0.8532599999999996,0.8532799999999996,0.8530799999999996,0.8530999999999996,894
2026-07-30T20:45:00+00:00,0.8530999999999996,0.8533399999999997,0.8529899999999996,0.8531599999999996,1178
2026-07-30T21:00:00+00:00,0.8531599999999996,0.8531599999999996,0.8521899999999997,0.8530099999999996,150
2026-07-30T21:15:00+00:00,0.8530099999999996,0.8531199999999997,0.8529699999999997,0.8529999999999996,196
2026-07-30T21:30:00+00:00,0.8529999999999996,0.8531199999999997,0.8529799999999996,0.8530099999999996,417
2026-07-30T21:45:00+00:00,0.8530099999999996,0.8531399999999997,0.8530099999999996,0.8531099999999996,235
2026-07-30T22:00:00+00:00,0.8531099999999996,0.8533299999999996,0.8530299999999996,0.8531299999999996,659
2026-07-30T22:15:00+00:00,0.8531299999999996,0.8531799999999996,0.8530899999999996,0.8531399999999997,338
2026-07-30T22:30:00+00:00,0.8531399999999997,0.8532599999999996,0.8531099999999996,0.8532299999999996,604
2026-07-30T22:45:00+00:00,0.8532299999999996,0.8532699999999996,0.8531699999999997,0.8532199999999996,564
2026-07-30T23:00:00+00:00,0.8532199999999996,0.8532899999999997,0.8530799999999996,0.8532299999999996,837
2026-07-30T23:15:00+00:00,0.8532299999999996,0.8532699999999996,0.8531599999999996,0.8532299999999996,663
2026-07-30T23:30:00+00:00,0.8532299999999996,0.8532899999999997,0.8531899999999997,0.8532699999999996,661
2026-07-30T23:45:00+00:00,0.8532699999999996,0.8532699999999996,0.8531599999999996,0.8532199999999996,620
2026-07-31T00:00:00+00:00,0.8532199999999996,0.8533199999999996,0.8531399999999997,0.8531699999999997,2664
2026-07-31T00:15:00+00:00,0.8531699999999997,0.8533199999999996,0.8531399999999997,0.8531499999999996,2538
2026-07-31T00:30:00+00:00,0.8531499999999996,0.8531599999999996,0.8530299999999996,0.8530799999999996,2825
2026-07-31T00:45:00+00:00,0.8530799999999996,0.8532099999999996,0.8528899999999996,0.8529899999999996,2939
2026-07-31T01:00:00+00:00,0.8529899999999996,0.8529899999999996,0.8528699999999996,0.8529199999999996,2848
2026-07-31T01:15:00+00:00,0.8529199999999996,0.8531399999999997,0.8529099999999996,0.8530599999999996,2496
2026-07-31T01:30:00+00:00,0.8530599999999996,0.8531599999999996,0.8530299999999996,0.8531399999999997,2897
2026-07-31T01:45:00+00:00,0.8531399999999997,0.8531499999999996,0.8528699999999996,0.8528899999999996,2579
2026-07-31T02:00:00+00:00,0.8528899999999996,0.8529499999999997,0.8527699999999996,0.8527899999999996,2634
2026-07-31T02:15:00+00:00,0.8527899999999996,0.8529099999999996,0.8527599999999996,0.8528199999999996,2382
2026-07-31T02:30:00+00:00,0.8528199999999996,0.8530199999999997,0.8527699999999996,0.8528999999999997,1902
2026-07-31T02:45:00+00:00,0.8528999999999997,0.8530499999999996,0.8528999999999997,0.8530199999999997,1634
2026-07-31T03:00:00+00:00,0.8530199999999997,0.8531999999999996,0.8529899999999996,0.8531499999999996,2244
2026-07-31T03:15:00+00:00,0.8531499999999996,0.8531699999999997,0.8529599999999996,0.8530799999999996,1661
2026-07-31T03:30:00+00:00,0.8530799999999996,0.8531099999999996,0.8528499999999997,0.8528799999999996,1259
2026-07-31T03:45:00+00:00,0.8528799999999996,0.8531399999999997,0.8528699999999996,0.8530899999999996,1353
2026-07-31T04:00:00+00:00,0.8530899999999996,0.8531799999999996,0.8530499999999996,0.8531399999999997,1710
2026-07-31T04:15:00+00:00,0.8531399999999997,0.8531999999999996,0.8530999999999996,0.8531099999999996,1557
2026-07-31T04:30:00+00:00,0.8531099999999996,0.8531099999999996,0.8528899999999996,0.8530299999999996,1282
2026-07-31T04:45:00+00:00,0.8530299999999996,0.8530799999999996,0.8529799999999996,0.8530699999999997,1397
2026-07-31T05:00:00+00:00,0.8530699999999997,0.8530799999999996,0.8528399999999996,0.8528899999999996,1649
2026-07-31T05:15:00+00:00,0.8528899999999996,0.8530099999999996,0.8528699999999996,0.8529799999999996,1510
2026-07-31T05:30:00+00:00,0.8529799999999996,0.8532399999999997,0.8529699999999997,0.8531799999999996,2035
2026-07-31T05:45:00+00:00,0.8531799999999996,0.8532099999999996,0.8530499999999996,0.8530999999999996,2107
2026-07-31T06:00:00+00:00,0.8530999999999996,0.8531599999999996,0.8529899999999996,0.8531599999999996,2119
2026-07-31T06:15:00+00:00,0.8531599999999996,0.8532699999999996,0.8530599999999996,0.8530899999999996,2091
2026-07-31T06:30:00+00:00,0.8530899999999996,0.8533899999999996,0.8530299999999996,0.8531799999999996,2580
2026-07-31T06:45:00+00:00,0.8531799999999996,0.8534399999999996,0.8528799999999996,0.8533699999999996,3273
2026-07-31T07:00:00+00:00,0.8533699999999996,0.8533999999999996,0.8529799999999996,0.8531399999999997,2311
2026-07-31T07:15:00+00:00,0.8531399999999997,0.8534799999999996,0.8530999999999996,0.8531599999999996,2328
2026-07-31T07:30:00+00:00,0.8531599999999996,0.8535499999999996,0.8531499999999996,0.8534999999999996,1855
2026-07-31T07:45:00+00:00,0.8534999999999996,0.8535099999999997,0.8529699999999997,0.8530999999999996,2502
2026-07-31T08:00:00+00:00,0.8530999999999996,0.8534999999999996,0.8530899999999996,0.8534299999999996,2275
2026-07-31T08:15:00+00:00,0.8534299999999996,0.8537499999999997,0.8532799999999996,0.8535499999999996,1890
2026-07-31T08:30:00+00:00,0.8535499999999996,0.8535499999999996,0.8531899999999997,0.8531999999999996,2088
2026-07-31T08:45:00+00:00,0.8531999999999996,0.8533199999999996,0.8530999999999996,0.8531699999999997,3214
2026-07-31T09:00:00+00:00,0.8531699999999997,0.8532399999999997,0.8526299999999997,0.8528999999999997,4114
2026-07-31T09:15:00+00:00,0.8528999999999997,0.8529099999999996,0.8524899999999996,0.8525999999999996,2813
2026-07-31T09:30:00+00:00,0.8525999999999996,0.8527299999999997,0.8524799999999996,0.8526699999999996,2482
2026-07-31T09:45:00+00:00,0.8526699999999996,0.8528099999999996,0.8525499999999996,0.8525799999999997,1940
2026-07-31T10:00:00+00:00,0.8525799999999997,0.8530299999999996,0.8525299999999997,0.8528199999999996,2026
2026-07-31T10:15:00+00:00,0.8528199999999996,0.8528499999999997,0.8524099999999997,0.8525899999999996,1852
2026-07-31T10:30:00+00:00,0.8525899999999996,0.8526899999999996,0.8524299999999996,0.8525499999999996,1660
2026-07-31T10:45:00+00:00,0.8525499999999996,0.8527699999999996,0.8524899999999996,0.8526899999999996,1740
2026-07-31T11:00:00+00:00,0.8526899999999996,0.8528699999999996,0.8525799999999997,0.8526499999999996,2291
2026-07-31T11:15:00+00:00,0.8526499999999996,0.8527499999999997,0.8525399999999996,0.8527099999999996,3037
2026-07-31T11:30:00+00:00,0.8527099999999996,0.8531699999999997,0.8526699999999996,0.8531299999999996,2536
2026-07-31T11:45:00+00:00,0.8531299999999996,0.8532899999999997,0.8530399999999996,0.8531299999999996,2721
2026-07-31T12:00:00+00:00,0.8531299999999996,0.8531599999999996,0.8528299999999996,0.8530599999999996,2646
2026-07-31T12:15:00+00:00,0.8530599999999996,0.8532099999999996,0.8529799999999996,0.8529799999999996,1726
2026-07-31T12:30:00+00:00,0.8529799999999996,0.8530999999999996,0.8529399999999996,0.8530099999999996,1695
2026-07-31T12:45:00+00:00,0.8530099999999996,0.8532199999999996,0.8526399999999996,0.8531899999999997,2437
2026-07-31T13:00:00+00:00,0.8531899999999997,0.8535599999999997,0.8530999999999996,0.8534999999999996,2246
2026-07-31T13:15:00+00:00,0.8534999999999996,0.8537399999999996,0.8534299999999996,0.8534499999999996,4050
2026-07-31T13:30:00+00:00,0.8534499999999996,0.8536199999999996,0.8519899999999996,0.8524299999999996,7584
2026-07-31T13:45:00+00:00,0.8524299999999996,0.8527499999999997,0.8520899999999996,0.8523199999999996,4803
2026-07-31T14:00:00+00:00,0.8523199999999996,0.8526699999999996,0.8520399999999996,0.8523899999999996,4720
2026-07-31T14:15:00+00:00,0.8523899999999996,0.8525599999999997,0.8521699999999996,0.8523999999999996,3892
2026-07-31T14:30:00+00:00,0.8523999999999996,0.8525299999999997,0.8517499999999997,0.8518999999999997,3604
2026-07-31T14:45:00+00:00,0.8518999999999997,0.8525099999999997,0.8514299999999996,0.8521099999999996,7381
2026-07-31T15:00:00+00:00,0.8521099999999996,0.8521299999999996,0.8515299999999997,0.8516099999999996,4747
2026-07-31T15:15:00+00:00,0.8516099999999996,0.8518299999999996,0.8515399999999996,0.8517299999999997,3148
2026-07-31T15:30:00+00:00,0.8517299999999997,0.8519199999999997,0.8515899999999996,0.8519099999999996,3083
2026-07-31T15:45:00+00:00,0.8519099999999996,0.8524099999999997,0.8518699999999996,0.8523999999999996,2768
2026-07-31T16:00:00+00:00,0.8523999999999996,0.8524299999999996,0.8521699999999996,0.8522999999999996,2635
2026-07-31T16:15:00+00:00,0.8522999999999996,0.8525199999999996,0.8522199999999996,0.8523599999999997,2853
2026-07-31T16:30:00+00:00,0.8523599999999997,0.8524999999999996,0.8523099999999996,0.8523299999999996,2126
2026-07-31T16:45:00+00:00,0.8523299999999996,0.8525499999999996,0.8522999999999996,0.8525299999999997,2240
2026-07-31T17:00:00+00:00,0.8525299999999997,0.8525599999999997,0.8523599999999997,0.8524499999999996,2354
2026-07-31T17:15:00+00:00,0.8524499999999996,0.8525499999999996,0.8524199999999996,0.8524799999999996,2946
2026-07-31T17:30:00+00:00,0.8524799999999996,0.8526699999999996,0.8524599999999997,0.8526699999999996,4512
2026-07-31T17:45:00+00:00,0.8526699999999996,0.8527399999999996,0.8524799999999996,0.8525299999999997,4208
2026-07-31T18:00:00+00:00,0.8525299999999997,0.8527899999999996,0.8524099999999997,0.8526199999999996,3676
2026-07-31T18:15:00+00:00,0.8526199999999996,0.8527099999999996,0.8525099999999997,0.8525599999999997,2350
2026-07-31T18:30:00+00:00,0.8525599999999997,0.8526399999999996,0.8524799999999996,0.8524899999999996,1727
2026-07-31T18:45:00+00:00,0.8524899999999996,0.8524899999999996,0.8522899999999997,0.8523899999999996,2503
2026-07-31T19:00:00+00:00,0.8523899999999996,0.8524899999999996,0.8523499999999996,0.8524699999999996,2211
2026-07-31T19:15:00+00:00,0.8524699999999996,0.8525099999999997,0.8523499999999996,0.8524099999999997,1364
2026-07-31T19:30:00+00:00,0.8524099999999997,0.8525199999999996,0.8523399999999997,0.8524099999999997,2102
2026-07-31T19:45:00+00:00,0.8524099999999997,0.8528199999999996,0.8523999999999996,0.8528099999999996,2979
2026-07-31T20:00:00+00:00,0.8528099999999996,0.8528399999999996,0.8524399999999996,0.8526199999999996,2920
2026-07-31T20:15:00+00:00,0.8526199999999996,0.8527099999999996,0.8524599999999997,0.8526599999999996,4438
2026-07-31T20:30:00+00:00,0.8526599999999996,0.8526899999999996,0.8523499999999996,0.8525199999999996,5510
2026-07-31T20:45:00+00:00,0.8525199999999996,0.8528999999999997,0.8514799999999996,0.8520099999999996,10248.501650165017
2026-08-02T21:00:00+00:00,0.8520099999999996,0.8528299999999996,0.8520099999999996,0.8525999999999996,307.2947162426615
2026-08-02T21:15:00+00:00,0.8525999999999996,0.8529399999999996,0.8525399999999996,0.8526699999999996,201
2026-08-02T21:30:00+00:00,0.8526699999999996,0.8527799999999996,0.8523399999999997,0.8525999999999996,344
2026-08-02T21:45:00+00:00,0.8525999999999996,0.8527499999999997,0.8523599999999997,0.8526799999999997,925
2026-08-02T22:00:00+00:00,0.8526799999999997,0.8529999999999996,0.8523899999999996,0.8527599999999996,2061
2026-08-02T22:15:00+00:00,0.8527599999999996,0.8528099999999996,0.8524699999999996,0.8525599999999997,1745
2026-08-02T22:30:00+00:00,0.8525599999999997,0.8527099999999996,0.8525199999999996,0.8526699999999996,1162
2026-08-02T22:45:00+00:00,0.8526699999999996,0.8527999999999997,0.8526199999999996,0.8526699999999996,632
2026-08-02T23:00:00+00:00,0.8526699999999996,0.8527699999999997,0.8525899999999996,0.8526499999999997,1069
2026-08-02T23:15:00+00:00,0.8526499999999997,0.8527199999999996,0.8525999999999997,0.8526399999999996,939
2026-08-02T23:30:00+00:00,0.8526399999999996,0.8527299999999997,0.8525499999999997,0.8526099999999996,950
2026-08-02T23:45:00+00:00,0.8526099999999996,0.8526799999999997,0.8525399999999996,0.8526399999999996,1092
2026-08-03T00:00:00+00:00,0.8526399999999996,0.8526399999999996,0.8523399999999997,0.8525299999999997,2169
2026-08-03T00:15:00+00:00,0.8525299999999997,0.8526599999999996,0.8524499999999996,0.8526599999999996,1986
2026-08-03T00:30:00+00:00,0.8526599999999996,0.8528099999999996,0.8525999999999997,0.8527199999999996,3835
2026-08-03T00:45:00+00:00,0.8527199999999996,0.8528699999999997,0.8526399999999996,0.8527799999999996,3843
2026-08-03T01:00:00+00:00,0.8527799999999996,0.8530899999999997,0.8526699999999996,0.8530199999999997,3582
2026-08-03T01:15:00+00:00,0.8530199999999997,0.8531899999999997,0.8528899999999996,0.8529099999999996,1540
2026-08-03T01:30:00+00:00,0.8529099999999996,0.8530199999999997,0.8527899999999996,0.8528499999999997,1683
2026-08-03T01:45:00+00:00,0.8528499999999997,0.8529799999999996,0.8528099999999996,0.8528699999999997,1445
2026-08-03T02:00:00+00:00,0.8528699999999997,0.8529299999999996,0.8527799999999996,0.8528799999999996,1436
2026-08-03T02:15:00+00:00,0.8528799999999996,0.8530699999999997,0.8527999999999997,0.8530299999999996,1601
2026-08-03T02:30:00+00:00,0.8530299999999996,0.8530599999999996,0.8529299999999996,0.8530099999999996,1227
2026-08-03T02:45:00+00:00,0.8530099999999996,0.8531099999999996,0.8529399999999997,0.8529899999999997,1189
2026-08-03T03:00:00+00:00,0.8529899999999997,0.8530599999999996,0.8528699999999997,0.8528999999999997,1276
2026-08-03T03:15:00+00:00,0.8528999999999997,0.8530799999999996,0.8528899999999996,0.8529999999999996,1275
2026-08-03T03:30:00+00:00,0.8529999999999996,0.8530999999999996,0.8529699999999997,0.8530099999999996,1102
2026-08-03T03:45:00+00:00,0.8530099999999996,0.8531099999999996,0.8529699999999997,0.8530799999999996,913
2026-08-03T04:00:00+00:00,0.8530799999999996,0.8531099999999996,0.8530199999999997,0.8530999999999996,1043
2026-08-03T04:15:00+00:00,0.8530999999999996,0.8532599999999997,0.8530899999999997,0.8532199999999996,895
2026-08-03T04:30:00+00:00,0.8532199999999996,0.8532199999999996,0.8531299999999996,0.8531499999999996,744
2026-08-03T04:45:00+00:00,0.8531499999999996,0.8531699999999997,0.8530899999999997,0.8531199999999997,577
2026-08-03T05:00:00+00:00,0.8531199999999997,0.8531399999999997,0.8530299999999996,0.8530599999999996,771
2026-08-03T05:15:00+00:00,0.8530599999999996,0.8531499999999996,0.8530299999999996,0.8530599999999996,823
2026-08-03T05:30:00+00:00,0.8530599999999996,0.8530899999999997,0.8529899999999997,0.8530199999999997,916
2026-08-03T05:45:00+00:00,0.8530199999999997,0.8531299999999996,0.8529899999999997,0.8530799999999996,1153
2026-08-03T06:00:00+00:00,0.8530799999999996,0.8531599999999997,0.8529099999999996,0.8529099999999996,1776
2026-08-03T06:15:00+00:00,0.8529099999999996,0.8531199999999997,0.8529099999999996,0.8530999999999996,1561
2026-08-03T06:30:00+00:00,0.8530999999999996,0.8533099999999997,0.8530799999999996,0.8532399999999997,1996
2026-08-03T06:45:00+00:00,0.8532399999999997,0.8533299999999996,0.8531599999999997,0.8533199999999996,1833
2026-08-03T07:00:00+00:00,0.8533199999999996,0.8533499999999996,0.8530999999999996,0.8532199999999996,1990
2026-08-03T07:15:00+00:00,0.8532199999999996,0.8534099999999997,0.8531599999999997,0.8532299999999996,2037
2026-08-03T07:30:00+00:00,0.8532299999999996,0.8532699999999996,0.8527999999999997,0.8529499999999997,1774
2026-08-03T07:45:00+00:00,0.8529499999999997,0.8532499999999996,0.8529199999999997,0.8531999999999996,1892
2026-08-03T08:00:00+00:00,0.8531999999999996,0.8534299999999997,0.8530499999999996,0.8532899999999997,1529
2026-08-03T08:15:00+00:00,0.8532899999999997,0.8533799999999997,0.8531499999999996,0.8533799999999997,1762
2026-08-03T08:30:00+00:00,0.8533799999999997,0.8533999999999996,0.8531999999999996,0.8532599999999997,1735
2026-08-03T08:45:00+00:00,0.8532599999999997,0.8533799999999997,0.8531699999999997,0.8533799999999997,1440
2026-08-03T09:00:00+00:00,0.8533799999999997,0.8536799999999997,0.8533299999999996,0.8535299999999997,1836
2026-08-03T09:15:00+00:00,0.8535299999999997,0.8536499999999997,0.8533299999999996,0.8534999999999996,1651
2026-08-03T09:30:00+00:00,0.8534999999999996,0.8537499999999997,0.8534599999999997,0.8536699999999996,1500
2026-08-03T09:45:00+00:00,0.8536699999999996,0.8537599999999996,0.8534999999999996,0.8536399999999996,1687
2026-08-03T10:00:00+00:00,0.8536399999999996,0.8537599999999996,0.8534499999999996,0.8534799999999997,1607
2026-08-03T10:15:00+00:00,0.8534799999999997,0.8535399999999996,0.8531999999999996,0.8532899999999997,1735
2026-08-03T10:30:00+00:00,0.8532899999999997,0.8533599999999997,0.8528799999999996,0.8528899999999996,1474
2026-08-03T10:45:00+00:00,0.8528899999999996,0.8531399999999997,0.8528899999999996,0.8530299999999996,1548
2026-08-03T11:00:00+00:00,0.8530299999999996,0.8531899999999997,0.8529199999999997,0.8529199999999997,1503
2026-08-03T11:15:00+00:00,0.8529199999999997,0.8532199999999996,0.8529199999999997,0.8530699999999997,1593
2026-08-03T11:30:00+00:00,0.8530699999999997,0.8531999999999996,0.8530399999999997,0.8530799999999996,1490
2026-08-03T11:45:00+00:00,0.8530799999999996,0.8532999999999996,0.8530799999999996,0.8532699999999996,2035
2026-08-03T12:00:00+00:00,0.8532699999999996,0.8533599999999997,0.8531699999999997,0.8532599999999997,2078
2026-08-03T12:15:00+00:00,0.8532599999999997,0.8534299999999997,0.8531999999999996,0.8533799999999997,1710
2026-08-03T12:30:00+00:00,0.8533799999999997,0.8534099999999997,0.8529199999999997,0.8530699999999997,1965
2026-08-03T12:45:00+00:00,0.8530699999999997,0.8532399999999997,0.8529699999999997,0.8531599999999997,2122
2026-08-03T13:00:00+00:00,0.8531599999999997,0.8535099999999997,0.8531499999999996,0.8534899999999996,2262
2026-08-03T13:15:00+00:00,0.8534899999999996,0.8534899999999996,0.8531599999999997,0.8533399999999997,2494
2026-08-03T13:30:00+00:00,0.8533399999999997,0.8537599999999996,0.8533299999999996,0.8536499999999997,2789
2026-08-03T13:45:00+00:00,0.8536499999999997,0.8540499999999996,0.8536399999999996,0.8537999999999997,2610
2026-08-03T14:00:00+00:00,0.8537999999999997,0.8538699999999997,0.8533099999999997,0.8534899999999996,2849
2026-08-03T14:15:00+00:00,0.8534899999999996,0.8535799999999997,0.8530299999999996,0.8531299999999996,2899
2026-08-03T14:30:00+00:00,0.8531299999999996,0.8534699999999996,0.8529999999999996,0.8531999999999996,2750
2026-08-03T14:45:00+00:00,0.8531999999999996,0.8538299999999996,0.8531799999999996,0.8538199999999997,3300
2026-08-03T15:00:00+00:00,0.8538199999999997,0.8538499999999997,0.8536599999999996,0.8537099999999996,3259
2026-08-03T15:15:00+00:00,0.8537099999999996,0.8539399999999997,0.8536399999999996,0.8538899999999996,1929
2026-08-03T15:30:00+00:00,0.8538899999999996,0.8539099999999996,0.8535599999999997,0.8537699999999997,2575
2026-08-03T15:45:00+00:00,0.8537699999999997,0.8538499999999997,0.8536699999999996,0.8537199999999996,2224
2026-08-03T16:00:00+00:00,0.8537199999999996,0.8538099999999996,0.8535899999999996,0.8537599999999996,1611
2026-08-03T16:15:00+00:00,0.8537599999999996,0.8539099999999996,0.8537099999999996,0.8538599999999996,1575
2026-08-03T16:30:00+00:00,0.8538599999999996,0.8539199999999997,0.8537999999999997,0.8538599999999996,1469
2026-08-03T16:45:00+00:00,0.8538599999999996,0.8540699999999997,0.8538499999999997,0.8540699999999997,1293
2026-08-03T17:00:00+00:00,0.8540699999999997,0.8540699999999997,0.8537599999999996,0.8537799999999997,1969
2026-08-03T17:15:00+00:00,0.8537799999999997,0.8539499999999997,0.8537799999999997,0.8538799999999996,1645
2026-08-03T17:30:00+00:00,0.8538799999999996,0.8540299999999996,0.8538399999999996,0.8539999999999996,1400
2026-08-03T17:45:00+00:00,0.8539999999999996,0.8541499999999996,0.8539899999999997,0.8540999999999996,1252
2026-08-03T18:00:00+00:00,0.8540999999999996,0.8542299999999996,0.8540799999999996,0.8542199999999996,1459
2026-08-03T18:15:00+00:00,0.8542199999999996,0.8542599999999997,0.8541699999999997,0.8542099999999997,1348
2026-08-03T18:30:00+00:00,0.8542099999999997,0.8542699999999996,0.8541199999999997,0.8541799999999996,1168
2026-08-03T18:45:00+00:00,0.8541799999999996,0.8543199999999996,0.8541399999999997,0.8541999999999996,1403
2026-08-03T19:00:00+00:00,0.8541999999999996,0.8542099999999997,0.8540499999999996,0.8540699999999997,1374
2026-08-03T19:15:00+00:00,0.8540699999999997,0.8540699999999997,0.8539499999999997,0.8539799999999996,1316
2026-08-03T19:30:00+00:00,0.8539799999999996,0.8540699999999997,0.8539699999999997,0.8540299999999996,1037
2026-08-03T19:45:00+00:00,0.8540299999999996,0.8540499999999996,0.8538999999999997,0.8539599999999996,811
2026-08-03T20:00:00+00:00,0.8539599999999996,0.8539599999999996,0.8537999999999997,0.8538499999999997,1050
2026-08-03T20:15:00+00:00,0.8538499999999997,0.8539099999999996,0.8538099999999996,0.8538599999999996,685
2026-08-03T20:30:00+00:00,0.8538599999999996,0.8539299999999996,0.8538199999999997,0.8538899999999996,556
2026-08-03T20:45:00+00:00,0.8538899999999996,0.8539299999999996,0.8535699999999996,0.8535699999999996,1083
2026-08-03T21:00:00+00:00,0.8535699999999996,0.8538499999999997,0.8532899999999997,0.8535599999999997,257
2026-08-03T21:15:00+00:00,0.8535599999999997,0.8537799999999997,0.8534999999999996,0.8537399999999996,558
2026-08-03T21:30:00+00:00,0.8537399999999996,0.8539699999999997,0.8537299999999997,0.8537499999999997,1586
2026-08-03T21:45:00+00:00,0.8537499999999997,0.8540199999999997,0.8537299999999997,0.8538999999999997,1738
2026-08-03T22:00:00+00:00,0.8538999999999997,0.8539599999999996,0.8536699999999996,0.8539099999999996,506
2026-08-03T22:15:00+00:00,0.8539099999999996,0.8539399999999997,0.8538699999999997,0.8538899999999996,308
2026-08-03T22:30:00+00:00,0.8538899999999996,0.8539399999999997,0.8538699999999997,0.8538999999999997,429
2026-08-03T22:45:00+00:00,0.8538999999999997,0.8539399999999997,0.8538699999999997,0.8539199999999997,297
2026-08-03T23:00:00+00:00,0.8539199999999997,0.8539999999999996,0.8539099999999996,0.8539999999999996,341
2026-08-03T23:15:00+00:00,0.8539999999999996,0.8540199999999997,0.8539199999999997,0.8540099999999996,253
2026-08-03T23:30:00+00:00,0.8540099999999996,0.8540799999999996,0.8539799999999996,0.8540699999999997,419
2026-08-03T23:45:00+00:00,0.8540699999999997,0.8540999999999996,0.8539299999999996,0.8539899999999997,825
2026-08-04T00:00:00+00:00,0.8539899999999997,0.8541899999999997,0.8539799999999996,0.8541399999999997,1894
2026-08-04T00:15:00+00:00,0.8541399999999997,0.8542199999999996,0.8541199999999997,0.8542099999999997,1177
2026-08-04T00:30:00+00:00,0.8542099999999997,0.8542299999999996,0.8540899999999997,0.8541099999999996,1459
2026-08-04T00:45:00+00:00,0.8541099999999996,0.8541399999999997,0.8539899999999997,0.8540299999999996,1786
2026-08-04T01:00:00+00:00,0.8540299999999996,0.8540899999999997,0.8539999999999996,0.8540299999999996,1538
2026-08-04T01:15:00+00:00,0.8540299999999996,0.8541999999999996,0.8540199999999997,0.8541899999999997,1064
2026-08-04T01:30:00+00:00,0.8541899999999997,0.8542599999999997,0.8541599999999997,0.8542599999999997,1316
2026-08-04T01:45:00+00:00,0.8542599999999997,0.8543299999999996,0.8542399999999997,0.8543099999999997,1208
2026-08-04T02:00:00+00:00,0.8543099999999997,0.8543299999999996,0.8541499999999996,0.8541499999999996,1365
2026-08-04T02:15:00+00:00,0.8541499999999996,0.8541499999999996,0.8540399999999997,0.8540899999999997,1090
2026-08-04T02:30:00+00:00,0.8540899999999997,0.8541499999999996,0.8540699999999997,0.8541099999999996,1085
2026-08-04T02:45:00+00:00,0.8541099999999996,0.8541199999999997,0.8539499999999997,0.8540199999999997,988
2026-08-04T03:00:00+00:00,0.8540199999999997,0.8540999999999996,0.8539699999999997,0.8540999999999996,1021
2026-08-04T03:15:00+00:00,0.8540999999999996,0.8541599999999997,0.8540699999999997,0.8540699999999997,1037
2026-08-04T03:30:00+00:00,0.8540699999999997,0.8541699999999997,0.8540299999999996,0.8541399999999997,1113
2026-08-04T03:45:00+00:00,0.8541399999999997,0.8541599999999997,0.8540699999999997,0.8540899999999997,855
2026-08-04T04:00:00+00:00,0.8540899999999997,0.8541299999999996,0.8540499999999996,0.8540799999999996,1120
2026-08-04T04:15:00+00:00,0.8540799999999996,0.8541899999999997,0.8540499999999996,0.8541899999999997,567
2026-08-04T04:30:00+00:00,0.8541899999999997,0.8542999999999996,0.8541799999999996,0.8542799999999996,706
2026-08-04T04:45:00+00:00,0.8542799999999996,0.8543099999999997,0.8542299999999996,0.8542799999999996,654
2026-08-04T05:00:00+00:00,0.8542799999999996,0.8543399999999997,0.8542299999999996,0.8543299999999996,910
2026-08-04T05:15:00+00:00,0.8543299999999996,0.8543899999999996,0.8542399999999997,0.8542699999999996,972
2026-08-04T05:30:00+00:00,0.8542699999999996,0.8542899999999997,0.8542099999999997,0.8542199999999996,1058
2026-08-04T05:45:00+00:00,0.8542199999999996,0.8542799999999996,0.8540199999999997,0.8541099999999996,1490
2026-08-04T06:00:00+00:00,0.8541099999999996,0.8541699999999997,0.8539499999999997,0.8539899999999997,1777
2026-08-04T06:15:00+00:00,0.8539899999999997,0.8540699999999997,0.8538399999999996,0.8538399999999996,1568
2026-08-04T06:30:00+00:00,0.8538399999999996,0.8539199999999997,0.8536599999999996,0.8537099999999996,1350
2026-08-04T06:45:00+00:00,0.8537099999999996,0.8539099999999996,0.8536999999999997,0.8538999999999997,1491
2026-08-04T07:00:00+00:00,0.8538999999999997,0.8539499999999997,0.8537299999999997,0.8538099999999996,2199
2026-08-04T07:15:00+00:00,0.8538099999999996,0.8540999999999996,0.8538099999999996,0.8539399999999997,1977
2026-08-04T07:30:00+00:00,0.8539399999999997,0.8539599999999996,0.8537099999999996,0.8537199999999996,2096
2026-08-04T07:45:00+00:00,0.8537199999999996,0.8537799999999997,0.8535999999999997,0.8536599999999996,1419
2026-08-04T08:00:00+00:00,0.8536599999999996,0.8538199999999997,0.8536399999999996,0.8536999999999997,1532
2026-08-04T08:15:00+00:00,0.8536999999999997,0.8537199999999996,0.8535299999999997,0.8535799999999997,1786
2026-08-04T08:30:00+00:00,0.8535799999999997,0.8535799999999997,0.8532799999999996,0.8532999999999996,1597
2026-08-04T08:45:00+00:00,0.8532999999999996,0.8533999999999996,0.8530399999999997,0.8530699999999997,1620
2026-08-04T09:00:00+00:00,0.8530699999999997,0.8531999999999996,0.8530299999999996,0.8531499999999996,1614
2026-08-04T09:15:00+00:00,0.8531499999999996,0.8532799999999996,0.8531199999999997,0.8532499999999996,1414
2026-08-04T09:30:00+00:00,0.8532499999999996,0.8533199999999996,0.8531999999999996,0.8532499999999996,1417
2026-08-04T09:45:00+00:00,0.8532499999999996,0.8532899999999997,0.8530599999999996,0.8531099999999996,1516
2026-08-04T10:00:00+00:00,0.8531099999999996,0.8532399999999997,0.8530399999999997,0.8531399999999997,1425
2026-08-04T10:15:00+00:00,0.8531399999999997,0.8533599999999997,0.8531399999999997,0.8533299999999996,1363
2026-08-04T10:30:00+00:00,0.8533299999999996,0.8534799999999997,0.8533099999999997,0.8534299999999997,1788
2026-08-04T10:45:00+00:00,0.8534299999999997,0.8535499999999997,0.8533499999999996,0.8534699999999996,2674
2026-08-04T11:00:00+00:00,0.8534699999999996,0.8536599999999996,0.8533699999999996,0.8535899999999996,1699
2026-08-04T11:15:00+00:00,0.8535899999999996,0.8536699999999996,0.8534099999999997,0.8534899999999996,1625
2026-08-04T11:30:00+00:00,0.8534899999999996,0.8535199999999996,0.8532699999999996,0.8535199999999996,2452
2026-08-04T11:45:00+00:00,0.8535199999999996,0.8535999999999997,0.8533899999999996,0.8533899999999996,2730
2026-08-04T12:00:00+00:00,0.8533899999999996,0.8535699999999996,0.8532399999999997,0.8532999999999996,2646
2026-08-04T12:15:00+00:00,0.8532999999999996,0.8534199999999996,0.8532599999999997,0.8533599999999997,1795
2026-08-04T12:30:00+00:00,0.8533599999999997,0.8534899999999996,0.8532599999999997,0.8534399999999996,1738
2026-08-04T12:45:00+00:00,0.8534399999999996,0.8535999999999997,0.8533399999999997,0.8535399999999996,1831
2026-08-04T13:00:00+00:00,0.8535399999999996,0.8536299999999997,0.8533899999999996,0.8534399999999996,1662
2026-08-04T13:15:00+00:00,0.8534399999999996,0.8536899999999996,0.8532899999999997,0.8535999999999997,3251
2026-08-04T13:30:00+00:00,0.8535999999999997,0.8539099999999996,0.8535099999999997,0.8537699999999997,2818
2026-08-04T13:45:00+00:00,0.8537699999999997,0.8540499999999996,0.8535699999999996,0.8539499999999997,2802
2026-08-04T14:00:00+00:00,0.8539499999999997,0.8541099999999996,0.8537499999999997,0.8540899999999997,2696
2026-08-04T14:15:00+00:00,0.8540899999999997,0.8540999999999996,0.8538599999999996,0.8538999999999997,2488
2026-08-04T14:30:00+00:00,0.8538999999999997,0.8539999999999996,0.8536199999999996,0.8536499999999997,2866
2026-08-04T14:45:00+00:00,0.8536499999999997,0.8539599999999996,0.8535799999999997,0.8538699999999997,2974
2026-08-04T15:00:00+00:00,0.8538699999999997,0.8540099999999996,0.8537199999999996,0.8537199999999996,2624
2026-08-04T15:15:00+00:00,0.8537199999999996,0.8537799999999997,0.8534899999999996,0.8535699999999996,2003
2026-08-04T15:30:00+00:00,0.8535699999999996,0.8536399999999996,0.8534799999999997,0.8535799999999997,2196
2026-08-04T15:45:00+00:00,0.8535799999999997,0.8537299999999997,0.8534799999999997,0.8536699999999996,1774
2026-08-04T16:00:00+00:00,0.8536699999999996,0.8537399999999996,0.8534299999999997,0.8534299999999997,1659
2026-08-04T16:15:00+00:00,0.8534299999999997,0.8535199999999996,0.8533199999999996,0.8533599999999997,1571
2026-08-04T16:30:00+00:00,0.8533599999999997,0.8534699999999996,0.8533099999999997,0.8534199999999996,1183
2026-08-04T16:45:00+00:00,0.8534199999999996,0.8536299999999997,0.8533699999999996,0.8536099999999996,1481
2026-08-04T17:00:00+00:00,0.8536099999999996,0.8539199999999997,0.8535999999999997,0.8538699999999997,1497
2026-08-04T17:15:00+00:00,0.8538699999999997,0.8541399999999997,0.8538399999999996,0.8540299999999996,1484
2026-08-04T17:30:00+00:00,0.8540299999999996,0.8542299999999996,0.8540199999999997,0.8541999999999996,1327
2026-08-04T17:45:00+00:00,0.8541999999999996,0.8542599999999997,0.8541599999999997,0.8541999999999996,1222
2026-08-04T18:00:00+00:00,0.8541999999999996,0.8543399999999997,0.8541499999999996,0.8543299999999996,1669
2026-08-04T18:15:00+00:00,0.8543299999999996,0.8543999999999996,0.8542599999999997,0.8543899999999996,1501
2026-08-04T18:30:00+00:00,0.8543899999999996,0.8544899999999996,0.8543799999999997,0.8544599999999997,1078
2026-08-04T18:45:00+00:00,0.8544599999999997,0.8545099999999997,0.8542699999999996,0.8543399999999997,1669
2026-08-04T19:00:00+00:00,0.8543399999999997,0.8543399999999997,0.8541799999999996,0.8542299999999996,1758
2026-08-04T19:15:00+00:00,0.8542299999999996,0.8543499999999996,0.8542299999999996,0.8543299999999996,1508
2026-08-04T19:30:00+00:00,0.8543299999999996,0.8543499999999996,0.8542399999999997,0.8542799999999996,1212
2026-08-04T19:45:00+00:00,0.8542799999999996,0.8543099999999997,0.8541799999999996,0.8542399999999997,1425
2026-08-04T20:00:00+00:00,0.8542399999999997,0.8542599999999997,0.8541799999999996,0.8542299999999996,1340
2026-08-04T20:15:00+00:00,0.8542299999999996,0.8542899999999997,0.8541999999999996,0.8542299999999996,811
2026-08-04T20:30:00+00:00,0.8542299999999996,0.8542999999999996,0.8541999999999996,0.8542099999999997,553
2026-08-04T20:45:00+00:00,0.8542099999999997,0.8542799999999996,0.8541599999999997,0.8541599999999997,1308
2026-08-04T21:00:00+00:00,0.8541599999999997,0.8542299999999996,0.8537299999999997,0.8540999999999996,262
2026-08-04T21:15:00+00:00,0.8540999999999996,0.8541299999999996,0.8538399999999996,0.8539899999999997,482.14520776836343
2026-08-04T21:30:00+00:00,0.8539899999999997,0.8542599999999997,0.8539399999999997,0.8541499999999997,797
2026-08-04T21:45:00+00:00,0.8541499999999997,0.8542199999999998,0.8539099999999997,0.8540799999999997,1432
2026-08-04T22:00:00+00:00,0.8540799999999997,0.8542599999999997,0.8540499999999998,0.8542099999999997,788
2026-08-04T22:15:00+00:00,0.8542099999999997,0.8542099999999997,0.8541599999999997,0.8541899999999997,276
2026-08-04T22:30:00+00:00,0.8541899999999997,0.8542499999999997,0.8541599999999997,0.8542199999999998,227
2026-08-04T22:45:00+00:00,0.8542199999999998,0.8543099999999997,0.8542199999999998,0.8542899999999997,262
2026-08-04T23:00:00+00:00,0.8542899999999997,0.8542999999999997,0.8542299999999997,0.8542599999999997,418
2026-08-04T23:15:00+00:00,0.8542599999999997,0.8542799999999997,0.8541999999999997,0.8542599999999997,310
2026-08-04T23:30:00+00:00,0.8542599999999997,0.8543299999999997,0.8542599999999997,0.8542999999999997,176
2026-08-04T23:45:00+00:00,0.8542999999999997,0.8543199999999997,0.8542399999999997,0.8542699999999998,248
2026-08-05T00:00:00+00:00,0.8542699999999998,0.8543899999999998,0.8542599999999997,0.8542899999999997,1431
2026-08-05T00:15:00+00:00,0.8542899999999997,0.8543199999999997,0.8541699999999998,0.8541899999999997,1128
2026-08-05T00:30:00+00:00,0.8541899999999997,0.8542699999999998,0.8541399999999997,0.8542399999999997,1327
2026-08-05T00:45:00+00:00,0.8542399999999997,0.8542899999999997,0.8541699999999998,0.8542299999999997,2011
2026-08-05T01:00:00+00:00,0.8542299999999997,0.8542699999999998,0.8541699999999998,0.8542199999999998,2117
2026-08-05T01:15:00+00:00,0.8542199999999998,0.8543099999999997,0.8542199999999998,0.8542699999999998,1630
2026-08-05T01:30:00+00:00,0.8542699999999998,0.8543399999999998,0.8542499999999997,0.8543099999999997,1564
2026-08-05T01:45:00+00:00,0.8543099999999997,0.8543199999999997,0.8542199999999998,0.8542499999999997,1210
2026-08-05T02:00:00+00:00,0.8542499999999997,0.8543099999999997,0.8541999999999997,0.8542499999999997,1975
2026-08-05T02:15:00+00:00,0.8542499999999997,0.8543599999999997,0.8542499999999997,0.8543499999999997,1352
2026-08-05T02:30:00+00:00,0.8543499999999997,0.8544799999999997,0.8542799999999997,0.8544399999999998,1935
2026-08-05T02:45:00+00:00,0.8544399999999998,0.8544399999999998,0.8542699999999998,0.8543299999999997,2005
2026-08-05T03:00:00+00:00,0.8543299999999997,0.8543499999999997,0.8542299999999997,0.8543199999999997,1477
2026-08-05T03:15:00+00:00,0.8543199999999997,0.8543699999999997,0.8542899999999997,0.8543399999999998,1253
2026-08-05T03:30:00+00:00,0.8543399999999998,0.8543499999999997,0.8542299999999997,0.8542499999999997,1128
2026-08-05T03:45:00+00:00,0.8542499999999997,0.8543399999999998,0.8542299999999997,0.8543399999999998,1028
2026-08-05T04:00:00+00:00,0.8543399999999998,0.8543599999999997,0.8542899999999997,0.8542999999999997,901
2026-08-05T04:15:00+00:00,0.8542999999999997,0.8543299999999997,0.8542599999999997,0.8542799999999997,690
2026-08-05T04:30:00+00:00,0.8542799999999997,0.8543299999999997,0.8542499999999997,0.8542699999999998,856
2026-08-05T04:45:00+00:00,0.8542699999999998,0.8543199999999997,0.8542499999999997,0.8543099999999997,961
2026-08-05T05:00:00+00:00,0.8543099999999997,0.8543299999999997,0.8541599999999997,0.8541999999999997,991
2026-08-05T05:15:00+00:00,0.8541999999999997,0.8542199999999998,0.8541299999999997,0.8542199999999998,983
2026-08-05T05:30:00+00:00,0.8542199999999998,0.8542799999999997,0.8541999999999997,0.8542399999999997,1172
2026-08-05T05:45:00+00:00,0.8542399999999997,0.8542999999999997,0.8541899999999997,0.8542099999999997,1815
2026-08-05T06:00:00+00:00,0.8542099999999997,0.8542499999999997,0.8541399999999997,0.8541599999999997,2230
2026-08-05T06:15:00+00:00,0.8541599999999997,0.8543399999999998,0.8541299999999997,0.8543199999999997,2612
2026-08-05T06:30:00+00:00,0.8543199999999997,0.8543399999999998,0.8541499999999997,0.8541899999999997,2519
2026-08-05T06:45:00+00:00,0.8541899999999997,0.8543899999999998,0.8541499999999997,0.8541799999999997,1695
2026-08-05T07:00:00+00:00,0.8541799999999997,0.8543199999999997,0.8541599999999997,0.8542699999999998,2239
2026-08-05T07:15:00+00:00,0.8542699999999998,0.8543199999999997,0.8539399999999997,0.8539499999999998,2343
2026-08-05T07:30:00+00:00,0.8539499999999998,0.8541199999999998,0.8538099999999997,0.8538199999999997,1735
2026-08-05T07:45:00+00:00,0.8538199999999997,0.8539999999999998,0.8536299999999997,0.8536599999999998,1856
2026-08-05T08:00:00+00:00,0.8536599999999998,0.8540099999999997,0.8535899999999997,0.8539499999999998,1807
2026-08-05T08:15:00+00:00,0.8539499999999998,0.8540799999999997,0.8538499999999997,0.8540399999999997,1987
2026-08-05T08:30:00+00:00,0.8540399999999997,0.8541499999999997,0.8539299999999997,0.8540099999999997,1679
2026-08-05T08:45:00+00:00,0.8540099999999997,0.8542899999999997,0.8539699999999997,0.8541799999999997,1824
2026-08-05T09:00:00+00:00,0.8541799999999997,0.8541899999999997,0.8540099999999997,0.8540999999999997,1821
2026-08-05T09:15:00+00:00,0.8540999999999997,0.8543199999999997,0.8540199999999997,0.8540399999999997,2052
2026-08-05T09:30:00+00:00,0.8540399999999997,0.8541099999999997,0.8539799999999997,0.8540199999999997,1557
2026-08-05T09:45:00+00:00,0.8540199999999997,0.8540499999999998,0.8538199999999997,0.8538199999999997,1210
2026-08-05T10:00:00+00:00,0.8538199999999997,0.8538399999999997,0.8535899999999997,0.8536799999999997,1624
2026-08-05T10:15:00+00:00,0.8536799999999997,0.8538199999999997,0.8536599999999998,0.8537999999999997,2072
2026-08-05T10:30:00+00:00,0.8537999999999997,0.8538999999999998,0.8537699999999997,0.8538099999999997,1804
2026-08-05T10:45:00+00:00,0.8538099999999997,0.8538799999999998,0.8537199999999997,0.8537899999999997,1529
2026-08-05T11:00:00+00:00,0.8537899999999997,0.8538399999999997,0.8536399999999997,0.8537299999999998,1667
2026-08-05T11:15:00+00:00,0.8537299999999998,0.8539199999999997,0.8536599999999998,0.8538899999999997,2315
2026-08-05T11:30:00+00:00,0.8538899999999997,0.8540999999999997,0.8538099999999997,0.8540099999999997,2188
2026-08-05T11:45:00+00:00,0.8540099999999997,0.8540499999999998,0.8537799999999998,0.8540099999999997,1958
2026-08-05T12:00:00+00:00,0.8540099999999997,0.8542699999999998,0.8539499999999998,0.8541199999999998,2325
2026-08-05T12:15:00+00:00,0.8541199999999998,0.8543199999999997,0.8538899999999997,0.8539199999999997,2548
2026-08-05T12:30:00+00:00,0.8539199999999997,0.8540299999999997,0.8538099999999997,0.8539199999999997,2415
2026-08-05T12:45:00+00:00,0.8539199999999997,0.8541799999999997,0.8539099999999997,0.8540599999999997,2216
2026-08-05T13:00:00+00:00,0.8540599999999997,0.8541199999999998,0.8538599999999997,0.8540899999999997,2417
2026-08-05T13:15:00+00:00,0.8540899999999997,0.8544599999999997,0.8540799999999997,0.8543099999999997,1992
2026-08-05T13:30:00+00:00,0.8543099999999997,0.8543999999999997,0.8541399999999997,0.8542599999999997,3247
2026-08-05T13:45:00+00:00,0.8542599999999997,0.8543699999999997,0.8540999999999997,0.8542099999999997,2603
2026-08-05T14:00:00+00:00,0.8542099999999997,0.8542699999999998,0.8539299999999997,0.8540799999999997,2852
2026-08-05T14:15:00+00:00,0.8540799999999997,0.8541499999999997,0.8537199999999997,0.8537199999999997,3166
2026-08-05T14:30:00+00:00,0.8537199999999997,0.8540599999999997,0.8536999999999997,0.8540399999999997,2673
2026-08-05T14:45:00+00:00,0.8540399999999997,0.8541499999999997,0.8538999999999998,0.8540999999999997,3753
2026-08-05T15:00:00+00:00,0.8540999999999997,0.8543799999999997,0.8539699999999997,0.8543699999999997,3532
2026-08-05T15:15:00+00:00,0.8543699999999997,0.8544299999999997,0.8542199999999998,0.8543399999999998,2726
2026-08-05T15:30:00+00:00,0.8543399999999998,0.8546199999999997,0.8542299999999997,0.8545899999999997,2532
2026-08-05T15:45:00+00:00,0.8545899999999997,0.8548099999999997,0.8544599999999997,0.8546199999999997,2811
2026-08-05T16:00:00+00:00,0.8546199999999997,0.8546899999999997,0.8544499999999997,0.8545399999999997,3744
2026-08-05T16:15:00+00:00,0.8545399999999997,0.8545799999999997,0.8543999999999997,0.8545599999999998,2224
2026-08-05T16:30:00+00:00,0.8545599999999998,0.8545999999999997,0.8543899999999998,0.8544799999999997,1837
2026-08-05T16:45:00+00:00,0.8544799999999997,0.8547299999999998,0.8544599999999997,0.8547199999999997,2266
2026-08-05T17:00:00+00:00,0.8547199999999997,0.8548099999999997,0.8546199999999997,0.8546899999999997,2235
2026-08-05T17:15:00+00:00,0.8546899999999997,0.8547499999999997,0.8546299999999997,0.8546399999999997,1544
2026-08-05T17:30:00+00:00,0.8546399999999997,0.8547499999999997,0.8546099999999998,0.8547099999999997,1274
2026-08-05T17:45:00+00:00,0.8547099999999997,0.8549099999999997,0.8547099999999997,0.8548499999999997,1625
2026-08-05T18:00:00+00:00,0.8548499999999997,0.8549499999999998,0.8548399999999997,0.8548599999999997,1667
2026-08-05T18:15:00+00:00,0.8548599999999997,0.8549699999999997,0.8548399999999997,0.8548799999999998,1357
2026-08-05T18:30:00+00:00,0.8548799999999998,0.8549099999999997,0.8548099999999997,0.8548699999999997,1523
2026-08-05T18:45:00+00:00,0.8548699999999997,0.8548699999999997,0.8546999999999997,0.8547399999999997,1519
2026-08-05T19:00:00+00:00,0.8547399999999997,0.8547599999999997,0.8546699999999997,0.8546899999999997,1326
2026-08-05T19:15:00+00:00,0.8546899999999997,0.8547099999999997,0.8545899999999997,0.8546099999999998,1262
2026-08-05T19:30:00+00:00,0.8546099999999998,0.8547399999999997,0.8546099999999998,0.8547199999999997,1018
2026-08-05T19:45:00+00:00,0.8547199999999997,0.8548799999999998,0.8546899999999997,0.8548699999999997,1259
2026-08-05T20:00:00+00:00,0.8548699999999997,0.8548699999999997,0.8547199999999997,0.8547899999999997,1130
2026-08-05T20:15:00+00:00,0.8547899999999997,0.8548999999999997,0.8547699999999997,0.8548199999999997,480
2026-08-05T20:30:00+00:00,0.8548199999999997,0.8549199999999997,0.8547699999999997,0.8548199999999997,658
2026-08-05T20:45:00+00:00,0.8548199999999997,0.8548299999999998,0.8546599999999998,0.8546599999999998,1710
2026-08-05T21:00:00+00:00,0.8546599999999998,0.8549299999999997,0.8542899999999997,0.8548699999999997,521
2026-08-05T21:15:00+00:00,0.8548699999999997,0.8549499999999998,0.8545699999999997,0.8546999999999997,816
2026-08-05T21:30:00+00:00,0.8546999999999997,0.8547799999999998,0.8545199999999997,0.8545999999999997,1841
2026-08-05T21:45:00+00:00,0.8545999999999997,0.8547999999999997,0.8544799999999997,0.8546499999999997,1913
2026-08-05T22:00:00+00:00,0.8546499999999997,0.8549599999999997,0.8546299999999997,0.8548599999999997,759
2026-08-05T22:15:00+00:00,0.8548599999999997,0.8548999999999997,0.8548199999999997,0.8548799999999998,598
2026-08-05T22:30:00+00:00,0.8548799999999998,0.8549399999999997,0.8548399999999997,0.8549099999999997,288
2026-08-05T22:45:00+00:00,0.8549099999999997,0.8549699999999997,0.8548799999999998,0.8549599999999997,331
2026-08-05T23:00:00+00:00,0.8549599999999997,0.8549599999999997,0.8548699999999997,0.8548999999999997,338
2026-08-05T23:15:00+00:00,0.8548999999999997,0.8549099999999997,0.8548499999999997,0.8549099999999997,224
2026-08-05T23:30:00+00:00,0.8549099999999997,0.8549299999999997,0.8548599999999997,0.8548699999999997,414
2026-08-05T23:45:00+00:00,0.8548699999999997,0.8549499999999998,0.8548599999999997,0.8549399999999997,457
2026-08-06T00:00:00+00:00,0.8549399999999997,0.8550099999999997,0.8549199999999997,0.8549999999999998,1286
2026-08-06T00:15:00+00:00,0.8549999999999998,0.8550699999999997,0.8549499999999998,0.8550599999999997,1196
2026-08-06T00:30:00+00:00,0.8550599999999997,0.8550699999999997,0.8549399999999997,0.8549899999999997,907
2026-08-06T00:45:00+00:00,0.8549899999999997,0.8551299999999997,0.8549599999999997,0.8550599999999997,1369
2026-08-06T01:00:00+00:00,0.8550599999999997,0.8551099999999997,0.8549699999999997,0.8549799999999997,2097
2026-08-06T01:15:00+00:00,0.8549799999999997,0.8549999999999998,0.8548499999999997,0.8548899999999997,1607
2026-08-06T01:30:00+00:00,0.8548899999999997,0.8548999999999997,0.8548299999999998,0.8548699999999997,1391
2026-08-06T01:45:00+00:00,0.8548699999999997,0.8548899999999997,0.8547999999999997,0.8548299999999998,866
2026-08-06T02:00:00+00:00,0.8548299999999998,0.8548699999999997,0.8547599999999997,0.8548599999999997,928
2026-08-06T02:15:00+00:00,0.8548599999999997,0.8548899999999997,0.8548099999999997,0.8548699999999997,872
2026-08-06T02:30:00+00:00,0.8548699999999997,0.8549199999999997,0.8548499999999997,0.8548899999999997,865
2026-08-06T02:45:00+00:00,0.8548899999999997,0.8549199999999997,0.8547699999999997,0.8548299999999998,859
2026-08-06T03:00:00+00:00,0.8548299999999998,0.8548999999999997,0.8548099999999997,0.8548899999999997,951
2026-08-06T03:15:00+00:00,0.8548899999999997,0.8549699999999997,0.8548799999999998,0.8549299999999997,951
2026-08-06T03:30:00+00:00,0.8549299999999997,0.8549299999999997,0.8548599999999997,0.8548999999999997,718
2026-08-06T03:45:00+00:00,0.8548999999999997,0.8549399999999997,0.8548599999999997,0.8549199999999997,751
2026-08-06T04:00:00+00:00,0.8549199999999997,0.8549199999999997,0.8548399999999997,0.8548699999999997,670
2026-08-06T04:15:00+00:00,0.8548699999999997,0.8549099999999997,0.8548499999999997,0.8548999999999997,446
2026-08-06T04:30:00+00:00,0.8548999999999997,0.8549499999999998,0.8548799999999998,0.8548899999999997,490
2026-08-06T04:45:00+00:00,0.8548899999999997,0.8549499999999998,0.8548699999999997,0.8549399999999997,763
2026-08-06T05:00:00+00:00,0.8549399999999997,0.8549499999999998,0.8548799999999998,0.8549099999999997,724
2026-08-06T05:15:00+00:00,0.8549099999999997,0.8549699999999997,0.8548899999999997,0.8549499999999998,474
2026-08-06T05:30:00+00:00,0.8549499999999998,0.8549899999999997,0.8548399999999997,0.8548399999999997,720
2026-08-06T05:45:00+00:00,0.8548399999999997,0.8548699999999997,0.8547799999999998,0.8547799999999998,1011
2026-08-06T06:00:00+00:00,0.8547799999999998,0.8548399999999997,0.8546399999999997,0.8546899999999997,1352
2026-08-06T06:15:00+00:00,0.8546899999999997,0.8547799999999998,0.8546499999999997,0.8546999999999997,1858
2026-08-06T06:30:00+00:00,0.8546999999999997,0.8548999999999997,0.8546599999999998,0.8547899999999997,1556
2026-08-06T06:45:00+00:00,0.8547899999999997,0.8548899999999997,0.8546099999999998,0.8546599999999998,1369
2026-08-06T07:00:00+00:00,0.8546599999999998,0.8547599999999997,0.8545799999999997,0.8545899999999997,1681
2026-08-06T07:15:00+00:00,0.8545899999999997,0.8546499999999997,0.8544499999999997,0.8545799999999997,1675
2026-08-06T07:30:00+00:00,0.8545799999999997,0.8548099999999997,0.8545799999999997,0.8547499999999997,1715
2026-08-06T07:45:00+00:00,0.8547499999999997,0.8547999999999997,0.8545399999999997,0.8546299999999997,1919
2026-08-06T08:00:00+00:00,0.8546299999999997,0.8546699999999997,0.8543299999999997,0.8543599999999997,1924
2026-08-06T08:15:00+00:00,0.8543599999999997,0.8543999999999997,0.8541699999999998,0.8542299999999997,1387
2026-08-06T08:30:00+00:00,0.8542299999999997,0.8543599999999997,0.8541299999999997,0.8542499999999997,1753
2026-08-06T08:45:00+00:00,0.8542499999999997,0.8543499999999997,0.8541599999999997,0.8542499999999997,1788
2026-08-06T09:00:00+00:00,0.8542499999999997,0.8543099999999997,0.8540999999999997,0.8542499999999997,1405
2026-08-06T09:15:00+00:00,0.8542499999999997,0.8542799999999997,0.8541099999999997,0.8542699999999998,1305
2026-08-06T09:30:00+00:00,0.8542699999999998,0.8545999999999997,0.8542299999999997,0.8545799999999997,1410
2026-08-06T09:45:00+00:00,0.8545799999999997,0.8545799999999997,0.8543499999999997,0.8543899999999998,1278
2026-08-06T10:00:00+00:00,0.8543899999999998,0.8545699999999997,0.8543499999999997,0.8543599999999997,1438
2026-08-06T10:15:00+00:00,0.8543599999999997,0.8544299999999997,0.8542699999999998,0.8543599999999997,1221
2026-08-06T10:30:00+00:00,0.8543599999999997,0.8544799999999997,0.8543499999999997,0.8543899999999998,1202
2026-08-06T10:45:00+00:00,0.8543899999999998,0.8543999999999997,0.8541899999999997,0.8542799999999997,1186
2026-08-06T11:00:00+00:00,0.8542799999999997,0.8543899999999998,0.8541999999999997,0.8542999999999997,1535
2026-08-06T11:15:00+00:00,0.8542999999999997,0.8544699999999997,0.8542299999999997,0.8544299999999997,1843
2026-08-06T11:30:00+00:00,0.8544299999999997,0.8544699999999997,0.8542299999999997,0.8542399999999997,1592
2026-08-06T11:45:00+00:00,0.8542399999999997,0.8542799999999997,0.8540799999999997,0.8540999999999997,2500
2026-08-06T12:00:00+00:00,0.8540999999999997,0.8541699999999998,0.8538699999999997,0.8540499999999998,2063
2026-08-06T12:15:00+00:00,0.8540499999999998,0.8540799999999997,0.8537999999999997,0.8538899999999997,1844
2026-08-06T12:30:00+00:00,0.8538899999999997,0.8540799999999997,0.8536399999999997,0.8537299999999998,1933
2026-08-06T12:45:00+00:00,0.8537299999999998,0.8538399999999997,0.8535599999999998,0.8535899999999997,2122
2026-08-06T13:00:00+00:00,0.8535899999999997,0.8537899999999997,0.8535399999999997,0.8537599999999997,2218
2026-08-06T13:15:00+00:00,0.8537599999999997,0.8538099999999997,0.8535999999999997,0.8536399999999997,1777
2026-08-06T13:30:00+00:00,0.8536399999999997,0.8536999999999997,0.8533999999999997,0.8535499999999997,2282
2026-08-06T13:45:00+00:00,0.8535499999999997,0.8535999999999997,0.8533099999999997,0.8533999999999997,2174
2026-08-06T14:00:00+00:00,0.8533999999999997,0.8534499999999997,0.8531499999999997,0.8534199999999997,2781
2026-08-06T14:15:00+00:00,0.8534199999999997,0.8536799999999997,0.8532699999999998,0.8533399999999998,3020
2026-08-06T14:30:00+00:00,0.8533399999999998,0.8535599999999998,0.8532299999999997,0.8532899999999997,2356
2026-08-06T14:45:00+00:00,0.8532899999999997,0.8535799999999997,0.8532199999999998,0.8535499999999997,3189
2026-08-06T15:00:00+00:00,0.8535499999999997,0.8537299999999998,0.8534899999999997,0.8535399999999997,2811
2026-08-06T15:15:00+00:00,0.8535399999999997,0.8535499999999997,0.8532999999999997,0.8534999999999997,3017
2026-08-06T15:30:00+00:00,0.8534999999999997,0.8535299999999997,0.8533399999999998,0.8534099999999997,2347
2026-08-06T15:45:00+00:00,0.8534099999999997,0.8534699999999997,0.8531499999999997,0.8532399999999997,2677
2026-08-06T16:00:00+00:00,0.8532399999999997,0.8532899999999997,0.8530099999999997,0.8531799999999997,2407
2026-08-06T16:15:00+00:00,0.8531799999999997,0.8532299999999997,0.8529699999999997,0.8530199999999997,2329
2026-08-06T16:30:00+00:00,0.8530199999999997,0.8531999999999997,0.8530199999999997,0.8531599999999997,1514
2026-08-06T16:45:00+00:00,0.8531599999999997,0.8532299999999997,0.8530899999999997,0.8530999999999997,1558
2026-08-06T17:00:00+00:00,0.8530999999999997,0.8531599999999997,0.8529799999999997,0.8530199999999997,1906
2026-08-06T17:15:00+00:00,0.8530199999999997,0.8531899999999997,0.8529999999999998,0.8530699999999997,1536
2026-08-06T17:30:00+00:00,0.8530699999999997,0.8531799999999997,0.8530299999999997,0.8531699999999998,1311
2026-08-06T17:45:00+00:00,0.8531699999999998,0.8532599999999997,0.8531499999999997,0.8532499999999997,1026
2026-08-06T18:00:00+00:00,0.8532499999999997,0.8532699999999998,0.8532099999999997,0.8532099999999997,900
2026-08-06T18:15:00+00:00,0.8532099999999997,0.8533299999999997,0.8531599999999997,0.8532599999999997,888
2026-08-06T18:30:00+00:00,0.8532599999999997,0.8533799999999997,0.8532299999999997,0.8533699999999997,957
2026-08-06T18:45:00+00:00,0.8533699999999997,0.8534699999999997,0.8532599999999997,0.8532999999999997,1080
2026-08-06T19:00:00+00:00,0.8532999999999997,0.8533299999999997,0.8532199999999998,0.8532399999999997,1129
2026-08-06T19:15:00+00:00,0.8532399999999997,0.8532899999999997,0.8531899999999997,0.8532399999999997,1586
2026-08-06T19:30:00+00:00,0.8532399999999997,0.8534099999999997,0.8532199999999998,0.8533999999999997,1612
2026-08-06T19:45:00+00:00,0.8533999999999997,0.8534699999999997,0.8533399999999998,0.8533499999999997,1679
2026-08-06T20:00:00+00:00,0.8533499999999997,0.8534599999999997,0.8533399999999998,0.8533599999999997,641
2026-08-06T20:15:00+00:00,0.8533599999999997,0.8535399999999997,0.8533599999999997,0.8535199999999997,568
2026-08-06T20:30:00+00:00,0.8535199999999997,0.8535799999999997,0.8534899999999997,0.8535399999999997,715
2026-08-06T20:45:00+00:00,0.8535399999999997,0.8535599999999998,0.8533799999999997,0.8534099999999997,1565
2026-08-06T21:00:00+00:00,0.8534099999999997,0.8534099999999997,0.8528299999999998,0.8529799999999997,3310
2026-08-06T21:15:00+00:00,0.8529799999999997,0.8534099999999997,0.8529499999999998,0.8531099999999997,512
2026-08-06T21:30:00+00:00,0.8531099999999997,0.8534899999999997,0.8529499999999998,0.8534799999999997,705
2026-08-06T21:45:00+00:00,0.8534799999999997,0.8535599999999998,0.8530199999999997,0.8530899999999997,1153
2026-08-06T22:00:00+00:00,0.8530899999999997,0.8535499999999997,0.8530899999999997,0.8534699999999997,561
2026-08-06T22:15:00+00:00,0.8534699999999997,0.8535299999999997,0.8534199999999997,0.8534699999999997,282
2026-08-06T22:30:00+00:00,0.8534699999999997,0.8535499999999997,0.8534699999999997,0.8535199999999997,234
2026-08-06T22:45:00+00:00,0.8535199999999997,0.8535199999999997,0.8534499999999997,0.8534699999999997,187
2026-08-06T23:00:00+00:00,0.8534699999999997,0.8534799999999997,0.8534399999999998,0.8534599999999997,268
2026-08-06T23:15:00+00:00,0.8534599999999997,0.8534599999999997,0.8533999999999997,0.8534199999999997,262
2026-08-06T23:30:00+00:00,0.8534199999999997,0.8534299999999997,0.8533899999999998,0.8534099999999997,265
2026-08-06T23:45:00+00:00,0.8534099999999997,0.8534599999999997,0.8533999999999997,0.8534199999999997,339
2026-08-07T00:00:00+00:00,0.8534199999999997,0.8534399999999998,0.8533599999999997,0.8534299999999997,909
2026-08-07T00:15:00+00:00,0.8534299999999997,0.8534899999999997,0.8533999999999997,0.8534899999999997,1099
2026-08-07T00:30:00+00:00,0.8534899999999997,0.8534899999999997,0.8534099999999997,0.8534499999999997,999
2026-08-07T00:45:00+00:00,0.8534499999999997,0.8535699999999997,0.8533699999999997,0.8533799999999997,1184
2026-08-07T01:00:00+00:00,0.8533799999999997,0.8534399999999998,0.8533699999999997,0.8534199999999997,1434
2026-08-07T01:15:00+00:00,0.8534199999999997,0.8534399999999998,0.8533799999999997,0.8533799999999997,775
2026-08-07T01:30:00+00:00,0.8533799999999997,0.8534499999999997,0.8533699999999997,0.8534399999999998,1044
2026-08-07T01:45:00+00:00,0.8534399999999998,0.8534399999999998,0.8533299999999997,0.8533599999999997,829
2026-08-07T02:00:00+00:00,0.8533599999999997,0.8534199999999997,0.8533199999999997,0.8533699999999997,700
2026-08-07T02:15:00+00:00,0.8533699999999997,0.8534099999999997,0.8533499999999997,0.8533899999999998,592
2026-08-07T02:30:00+00:00,0.8533899999999998,0.8534499999999997,0.8533499999999997,0.8534399999999998,629
2026-08-07T02:45:00+00:00,0.8534399999999998,0.8534699999999997,0.8533999999999997,0.8534199999999997,486
2026-08-07T03:00:00+00:00,0.8534199999999997,0.8534399999999998,0.8533699999999997,0.8533999999999997,678
2026-08-07T03:15:00+00:00,0.8533999999999997,0.8534799999999997,0.8533899999999998,0.8534699999999997,529
2026-08-07T03:30:00+00:00,0.8534699999999997,0.8534799999999997,0.8534299999999997,0.8534799999999997,553
2026-08-07T03:45:00+00:00,0.8534799999999997,0.8535199999999997,0.8534699999999997,0.8534799999999997,529
2026-08-07T04:00:00+00:00,0.8534799999999997,0.8534799999999997,0.8533999999999997,0.8534199999999997,616
2026-08-07T04:15:00+00:00,0.8534199999999997,0.8534399999999998,0.8533399999999998,0.8533799999999997,731
2026-08-07T04:30:00+00:00,0.8533799999999997,0.8534699999999997,0.8533499999999997,0.8534699999999997,684
2026-08-07T04:45:00+00:00,0.8534699999999997,0.8534899999999997,0.8534199999999997,0.8534499999999997,451
2026-08-07T05:00:00+00:00,0.8534499999999997,0.8534799999999997,0.8533899999999998,0.8534299999999997,492
2026-08-07T05:15:00+00:00,0.8534299999999997,0.8534699999999997,0.8534199999999997,0.8534299999999997,506
2026-08-07T05:30:00+00:00,0.8534299999999997,0.8535399999999997,0.8533799999999997,0.8535299999999997,786
2026-08-07T05:45:00+00:00,0.8535299999999997,0.8535399999999997,0.8533999999999997,0.8534399999999998,1097
2026-08-07T06:00:00+00:00,0.8534399999999998,0.8534499999999997,0.8533199999999997,0.8533199999999997,1451
2026-08-07T06:15:00+00:00,0.8533199999999997,0.8533999999999997,0.8532599999999997,0.8533499999999997,1396
2026-08-07T06:30:00+00:00,0.8533499999999997,0.8534499999999997,0.8533299999999997,0.8533399999999998,1495
2026-08-07T06:45:00+00:00,0.8533399999999998,0.8534599999999997,0.8532499999999997,0.8533599999999997,1402
2026-08-07T07:00:00+00:00,0.8533599999999997,0.8535899999999997,0.8532499999999997,0.8535699999999997,2036
2026-08-07T07:15:00+00:00,0.8535699999999997,0.8537299999999998,0.8535399999999997,0.8537299999999998,1361
2026-08-07T07:30:00+00:00,0.8537299999999998,0.8537299999999998,0.8535799999999997,0.8536499999999997,1616
2026-08-07T07:45:00+00:00,0.8536499999999997,0.8537499999999997,0.8535199999999997,0.8537299999999998,1271
2026-08-07T08:00:00+00:00,0.8537299999999998,0.8537499999999997,0.8536099999999998,0.8536299999999997,1787
2026-08-07T08:15:00+00:00,0.8536299999999997,0.8538199999999997,0.8535999999999997,0.8537399999999997,1520
2026-08-07T08:30:00+00:00,0.8537399999999997,0.8539199999999997,0.8536699999999997,0.8538599999999997,1477
2026-08-07T08:45:00+00:00,0.8538599999999997,0.8541599999999997,0.8538099999999997,0.8541399999999997,1583
2026-08-07T09:00:00+00:00,0.8541399999999997,0.8543599999999997,0.8541099999999997,0.8543299999999997,1777
2026-08-07T09:15:00+00:00,0.8543299999999997,0.8544499999999997,0.8543099999999997,0.8543299999999997,1606
2026-08-07T09:30:00+00:00,0.8543299999999997,0.8546799999999997,0.8543099999999997,0.8546299999999997,1428
2026-08-07T09:45:00+00:00,0.8546299999999997,0.8547299999999998,0.8545699999999997,0.8546299999999997,1532
2026-08-07T10:00:00+00:00,0.8546299999999997,0.8547499999999997,0.8545299999999997,0.8547499999999997,1276
2026-08-07T10:15:00+00:00,0.8547499999999997,0.8548299999999998,0.8546599999999998,0.8547699999999997,1272
2026-08-07T10:30:00+00:00,0.8547699999999997,0.8548699999999997,0.8547199999999997,0.8548499999999997,1268
2026-08-07T10:45:00+00:00,0.8548499999999997,0.8549099999999997,0.8547099999999997,0.8547399999999997,1303
2026-08-07T11:00:00+00:00,0.8547399999999997,0.8547699999999997,0.8545099999999998,0.8545599999999998,1645
2026-08-07T11:15:00+00:00,0.8545599999999998,0.8546199999999997,0.8544399999999998,0.8545899999999997,1197
2026-08-07T11:30:00+00:00,0.8545899999999997,0.8545899999999997,0.8544599999999997,0.8545199999999997,1357
2026-08-07T11:45:00+00:00,0.8545199999999997,0.8545999999999997,0.8544199999999997,0.8544499999999997,1805
2026-08-07T12:00:00+00:00,0.8544499999999997,0.8547099999999997,0.8544499999999997,0.8546499999999997,2020
2026-08-07T12:15:00+00:00,0.8546499999999997,0.8546999999999997,0.8540999999999997,0.8540999999999997,2669
2026-08-07T12:30:00+00:00,0.8540999999999997,0.8547099999999997,0.8536899999999997,0.8543199999999997,8396
2026-08-07T12:45:00+00:00,0.8543199999999997,0.8543799999999997,0.8541099999999997,0.8541899999999997,4130
2026-08-07T13:00:00+00:00,0.8541899999999997,0.8543199999999997,0.8540499999999998,0.8540899999999997,3324
2026-08-07T13:15:00+00:00,0.8540899999999997,0.8541499999999997,0.8536699999999997,0.8537199999999997,2902
2026-08-07T13:30:00+00:00,0.8537199999999997,0.8538899999999997,0.8535699999999997,0.8538599999999997,3310
2026-08-07T13:45:00+00:00,0.8538599999999997,0.8539899999999997,0.8536999999999997,0.8537099999999997,2945
2026-08-07T14:00:00+00:00,0.8537099999999997,0.8537699999999997,0.8534299999999997,0.8534499999999997,3431
2026-08-07T14:15:00+00:00,0.8534499999999997,0.8535199999999997,0.8532699999999998,0.8533699999999997,2543
2026-08-07T14:30:00+00:00,0.8533699999999997,0.8535599999999998,0.8532299999999997,0.8532799999999997,2899
2026-08-07T14:45:00+00:00,0.8532799999999997,0.8537099999999997,0.8532699999999998,0.8534399999999998,3988
2026-08-07T15:00:00+00:00,0.8534399999999998,0.8537399999999997,0.8534399999999998,0.8535599999999998,3490
2026-08-07T15:15:00+00:00,0.8535599999999998,0.8536099999999998,0.8532799999999997,0.8533299999999997,2360
2026-08-07T15:30:00+00:00,0.8533299999999997,0.8535199999999997,0.8532099999999997,0.8534399999999998,2694
2026-08-07T15:45:00+00:00,0.8534399999999998,0.8535299999999997,0.8533099999999997,0.8533799999999997,2553
2026-08-07T16:00:00+00:00,0.8533799999999997,0.8535399999999997,0.8533499999999997,0.8535199999999997,2847
2026-08-07T16:15:00+00:00,0.8535199999999997,0.8535999999999997,0.8532999999999997,0.8534499999999997,2558
2026-08-07T16:30:00+00:00,0.8534499999999997,0.8535599999999998,0.8534399999999998,0.8534999999999997,1892
2026-08-07T16:45:00+00:00,0.8534999999999997,0.8535699999999997,0.8533499999999997,0.8533999999999997,1817
2026-08-07T17:00:00+00:00,0.8533999999999997,0.8535599999999998,0.8533499999999997,0.8535099999999998,1585
2026-08-07T17:15:00+00:00,0.8535099999999998,0.8535999999999997,0.8534999999999997,0.8535399999999997,1236
2026-08-07T17:30:00+00:00,0.8535399999999997,0.8536199999999997,0.8534999999999997,0.8535599999999998,1173
2026-08-07T17:45:00+00:00,0.8535599999999998,0.8536299999999997,0.8535199999999997,0.8536099999999998,842
2026-08-07T18:00:00+00:00,0.8536099999999998,0.8537299999999998,0.8535799999999997,0.8536999999999997,1201
2026-08-07T18:15:00+00:00,0.8536999999999997,0.8537599999999997,0.8536599999999998,0.8536599999999998,919
2026-08-07T18:30:00+00:00,0.8536599999999998,0.8537299999999998,0.8535799999999997,0.8535999999999997,752
2026-08-07T18:45:00+00:00,0.8535999999999997,0.8537199999999997,0.8535899999999997,0.8536299999999997,1024
2026-08-07T19:00:00+00:00,0.8536299999999997,0.8536499999999997,0.8535799999999997,0.8536199999999997,1198
2026-08-07T19:15:00+00:00,0.8536199999999997,0.8537899999999997,0.8535699999999997,0.8537799999999998,1471
2026-08-07T19:30:00+00:00,0.8537799999999998,0.8537899999999997,0.8536899999999997,0.8537099999999997,1505
2026-08-07T19:45:00+00:00,0.8537099999999997,0.8537199999999997,0.8534699999999997,0.8534899999999997,1959
2026-08-07T20:00:00+00:00,0.8534899999999997,0.8535599999999998,0.8534299999999997,0.8535499999999997,1250
2026-08-07T20:15:00+00:00,0.8535499999999997,0.8536199999999997,0.8534199999999997,0.8535499999999997,945
2026-08-07T20:30:00+00:00,0.8535499999999997,0.8537199999999997,0.8535399999999997,0.8536599999999998,860
2026-08-07T20:45:00+00:00,0.8536599999999998,0.8536799999999997,0.8530199999999997,0.8534299999999996,2632.712111184646
2026-08-09T21:00:00+00:00,0.8534299999999996,0.8539999999999995,0.8534299999999996,0.8538699999999996,145.61301504135218
2026-08-09T21:15:00+00:00,0.8538699999999996,0.8539899999999996,0.8538299999999995,0.8538899999999995,475
2026-08-09T21:30:00+00:00,0.8538899999999995,0.8540999999999995,0.8537599999999995,0.8539099999999995,1135
2026-08-09T21:45:00+00:00,0.8539099999999995,0.8541699999999995,0.8538799999999995,0.8540299999999995,2567
2026-08-09T22:00:00+00:00,0.8540299999999995,0.8543399999999995,0.8540299999999995,0.8540799999999995,759
2026-08-09T22:15:00+00:00,0.8540799999999995,0.8541399999999996,0.8539899999999996,0.8541299999999995,1293
2026-08-09T22:30:00+00:00,0.8541299999999995,0.8541499999999995,0.8540599999999995,0.8540799999999995,183
2026-08-09T22:45:00+00:00,0.8540799999999995,0.8540899999999996,0.8540399999999996,0.8540799999999995,231.92614955875524
2026-08-09T23:00:00+00:00,0.8540799999999995,0.8540899999999996,0.8540199999999996,0.8540399999999996,667
2026-08-09T23:15:00+00:00,0.8540399999999996,0.8540399999999996,0.8539899999999995,0.8540299999999995,340.6452143128082
2026-08-09T23:30:00+00:00,0.8540299999999995,0.8540699999999994,0.8540099999999995,0.8540499999999994,408
2026-08-09T23:45:00+00:00,0.8540499999999994,0.8541399999999995,0.8540199999999994,0.8541099999999995,548
2026-08-10T00:00:00+00:00,0.8541099999999995,0.8541399999999995,0.8540099999999995,0.8540299999999995,2017
2026-08-10T00:15:00+00:00,0.8540299999999995,0.8540899999999995,0.8539899999999995,0.8540199999999994,1663
2026-08-10T00:30:00+00:00,0.8540199999999994,0.8540599999999995,0.8539499999999994,0.8540199999999994,1444
2026-08-10T00:45:00+00:00,0.8540199999999994,0.8541899999999994,0.8540099999999995,0.8541799999999995,1624
2026-08-10T01:00:00+00:00,0.8541799999999995,0.8542299999999995,0.8541199999999994,0.8541499999999995,2298
2026-08-10T01:15:00+00:00,0.8541499999999995,0.8541699999999994,0.8540499999999994,0.8540799999999995,1438
2026-08-10T01:30:00+00:00,0.8540799999999995,0.8541699999999994,0.8540699999999994,0.8540899999999995,1354
2026-08-10T01:45:00+00:00,0.8540899999999995,0.8540999999999995,0.8539399999999995,0.8539699999999995,1768
2026-08-10T02:00:00+00:00,0.8539699999999995,0.8540299999999995,0.8539499999999994,0.8539999999999994,997
2026-08-10T02:15:00+00:00,0.8539999999999994,0.8540699999999994,0.8539899999999995,0.8540399999999995,809
2026-08-10T02:30:00+00:00,0.8540399999999995,0.8540499999999994,0.8539699999999995,0.8539999999999994,690
2026-08-10T02:45:00+00:00,0.8539999999999994,0.8539999999999994,0.8539399999999995,0.8539799999999995,720
2026-08-10T03:00:00+00:00,0.8539799999999995,0.8540199999999994,0.8539299999999995,0.8539999999999994,718
2026-08-10T03:15:00+00:00,0.8539999999999994,0.8540599999999995,0.8539699999999995,0.8539999999999994,935
2026-08-10T03:30:00+00:00,0.8539999999999994,0.8540199999999994,0.8539299999999995,0.8539299999999995,611
2026-08-10T03:45:00+00:00,0.8539299999999995,0.8539399999999995,0.8538299999999994,0.8538399999999995,559
2026-08-10T04:00:00+00:00,0.8538399999999995,0.8538999999999994,0.8538299999999994,0.8538599999999995,592
2026-08-10T04:15:00+00:00,0.8538599999999995,0.8538799999999994,0.8538199999999995,0.8538399999999995,522
2026-08-10T04:30:00+00:00,0.8538399999999995,0.8538499999999994,0.8537899999999995,0.8538299999999994,496
2026-08-10T04:45:00+00:00,0.8538299999999994,0.8538499999999994,0.8537799999999994,0.8538099999999995,659
2026-08-10T05:00:00+00:00,0.8538099999999995,0.8538499999999994,0.8537099999999995,0.8537399999999995,861
2026-08-10T05:15:00+00:00,0.8537399999999995,0.8538299999999994,0.8537299999999994,0.8537999999999994,678
2026-08-10T05:30:00+00:00,0.8537999999999994,0.8538299999999994,0.8537299999999994,0.8537499999999995,1343
2026-08-10T05:45:00+00:00,0.8537499999999995,0.8538799999999994,0.8536999999999995,0.8537199999999995,1561
2026-08-10T06:00:00+00:00,0.8537199999999995,0.8537299999999994,0.8534899999999995,0.8536599999999994,1828
2026-08-10T06:15:00+00:00,0.8536599999999994,0.8537399999999995,0.8535499999999995,0.8536799999999994,2257
2026-08-10T06:30:00+00:00,0.8536799999999994,0.8537899999999995,0.8535999999999995,0.8537599999999995,2022
2026-08-10T06:45:00+00:00,0.8537599999999995,0.8537699999999995,0.8535599999999994,0.8536399999999995,1767
2026-08-10T07:00:00+00:00,0.8536399999999995,0.8537399999999995,0.8535199999999995,0.8536199999999995,2103
2026-08-10T07:15:00+00:00,0.8536199999999995,0.8539499999999994,0.8535999999999995,0.8539299999999995,2291
2026-08-10T07:30:00+00:00,0.8539299999999995,0.8540399999999995,0.8538499999999994,0.8540299999999995,2499
2026-08-10T07:45:00+00:00,0.8540299999999995,0.8540999999999995,0.8538899999999995,0.8540199999999994,2529
2026-08-10T08:00:00+00:00,0.8540199999999994,0.8540899999999995,0.8537799999999994,0.8538099999999995,2088
2026-08-10T08:15:00+00:00,0.8538099999999995,0.8539099999999995,0.8537499999999995,0.8538699999999995,1501
2026-08-10T08:30:00+00:00,0.8538699999999995,0.8538699999999995,0.8537199999999995,0.8537999999999994,1182
2026-08-10T08:45:00+00:00,0.8537999999999994,0.8538399999999995,0.8535599999999994,0.8535699999999995,1181
2026-08-10T09:00:00+00:00,0.8535699999999995,0.8536799999999994,0.8534599999999994,0.8535599999999994,1217
2026-08-10T09:15:00+00:00,0.8535599999999994,0.8536299999999994,0.8535099999999994,0.8535599999999994,1418
2026-08-10T09:30:00+00:00,0.8535599999999994,0.8539599999999995,0.8535099999999994,0.8539199999999995,2028
2026-08-10T09:45:00+00:00,0.8539199999999995,0.8539299999999995,0.8537499999999995,0.8537899999999995,1851
2026-08-10T10:00:00+00:00,0.8537899999999995,0.8539299999999995,0.8535699999999995,0.8536199999999995,1848
2026-08-10T10:15:00+00:00,0.8536199999999995,0.8536799999999994,0.8535699999999995,0.8536699999999995,1341
2026-08-10T10:30:00+00:00,0.8536699999999995,0.8537399999999995,0.8533899999999994,0.8534599999999994,1622
2026-08-10T10:45:00+00:00,0.8534599999999994,0.8534799999999995,0.8533099999999995,0.8533099999999995,1646
2026-08-10T11:00:00+00:00,0.8533099999999995,0.8533699999999995,0.8532099999999995,0.8532499999999995,1707
2026-08-10T11:15:00+00:00,0.8532499999999995,0.8533199999999995,0.8530399999999995,0.8531499999999995,1594
2026-08-10T11:30:00+00:00,0.8531499999999995,0.8532399999999994,0.8529499999999994,0.8529799999999995,1414
2026-08-10T11:45:00+00:00,0.8529799999999995,0.8531299999999995,0.8529799999999995,0.8530699999999994,1591
2026-08-10T12:00:00+00:00,0.8530699999999994,0.8532799999999995,0.8530599999999995,0.8531999999999995,2262
2026-08-10T12:15:00+00:00,0.8531999999999995,0.8533199999999995,0.8530899999999995,0.8532099999999995,2092
2026-08-10T12:30:00+00:00,0.8532099999999995,0.8533899999999994,0.8530899999999995,0.8531599999999995,2014
2026-08-10T12:45:00+00:00,0.8531599999999995,0.8532399999999994,0.8529999999999994,0.8530699999999994,1753
2026-08-10T13:00:00+00:00,0.8530699999999994,0.8530799999999995,0.8528799999999995,0.8528899999999995,2231
2026-08-10T13:15:00+00:00,0.8528899999999995,0.8529499999999994,0.8527599999999995,0.8529199999999995,2364
2026-08-10T13:30:00+00:00,0.8529199999999995,0.8529299999999995,0.8526099999999994,0.8526399999999995,2792
2026-08-10T13:45:00+00:00,0.8526399999999995,0.8527299999999994,0.8522799999999995,0.8523299999999995,3062
2026-08-10T14:00:00+00:00,0.8523299999999995,0.8523799999999995,0.8517799999999994,0.8518499999999994,2661
2026-08-10T14:15:00+00:00,0.8518499999999994,0.8522299999999995,0.8517999999999994,0.8520399999999995,2484
2026-08-10T14:30:00+00:00,0.8520399999999995,0.8521299999999995,0.8516299999999994,0.8516699999999995,2508
2026-08-10T14:45:00+00:00,0.8516699999999995,0.8519699999999994,0.8513999999999995,0.8517999999999994,3716
2026-08-10T15:00:00+00:00,0.8517999999999994,0.8518699999999995,0.8515899999999995,0.8516399999999995,2795
2026-08-10T15:15:00+00:00,0.8516399999999995,0.8517999999999994,0.8513999999999995,0.8514899999999995,2427
2026-08-10T15:30:00+00:00,0.8514899999999995,0.8515399999999995,0.8510699999999994,0.8511199999999994,2321
2026-08-10T15:45:00+00:00,0.8511199999999994,0.8516399999999995,0.8510999999999995,0.8514699999999995,2186
2026-08-10T16:00:00+00:00,0.8514699999999995,0.8517299999999994,0.8514499999999995,0.8516499999999995,1512
2026-08-10T16:15:00+00:00,0.8516499999999995,0.8517799999999994,0.8516299999999994,0.8516899999999995,1667
2026-08-10T16:30:00+00:00,0.8516899999999995,0.8518899999999995,0.8516399999999995,0.8516899999999995,2218
2026-08-10T16:45:00+00:00,0.8516899999999995,0.8518999999999994,0.8516599999999994,0.8518799999999995,1649
2026-08-10T17:00:00+00:00,0.8518799999999995,0.8519499999999994,0.8518199999999995,0.8518699999999995,1634
2026-08-10T17:15:00+00:00,0.8518699999999995,0.8519199999999995,0.8517999999999994,0.8519099999999995,1948
2026-08-10T17:30:00+00:00,0.8519099999999995,0.8520699999999994,0.8518999999999994,0.8520299999999995,1138
2026-08-10T17:45:00+00:00,0.8520299999999995,0.8521199999999994,0.8519599999999995,0.8520399999999995,1196
2026-08-10T18:00:00+00:00,0.8520399999999995,0.8521099999999995,0.8519999999999994,0.8520199999999994,934
2026-08-10T18:15:00+00:00,0.8520199999999994,0.8520199999999994,0.8518499999999994,0.8518899999999995,914
2026-08-10T18:30:00+00:00,0.8518899999999995,0.8519599999999995,0.8518399999999995,0.8518499999999994,1174
2026-08-10T18:45:00+00:00,0.8518499999999994,0.8518699999999995,0.8517499999999995,0.8518099999999995,1271
2026-08-10T19:00:00+00:00,0.8518099999999995,0.8518999999999994,0.8517899999999995,0.8518399999999995,1073
2026-08-10T19:15:00+00:00,0.8518399999999995,0.8519099999999995,0.8518299999999994,0.8518999999999994,960
2026-08-10T19:30:00+00:00,0.8518999999999994,0.8519999999999994,0.8518999999999994,0.8519499999999994,1084
2026-08-10T19:45:00+00:00,0.8519499999999994,0.8519899999999995,0.8517899999999995,0.8518199999999995,1342
2026-08-10T20:00:00+00:00,0.8518199999999995,0.8519099999999995,0.8517799999999994,0.8518999999999994,782
2026-08-10T20:15:00+00:00,0.8518999999999994,0.8519599999999995,0.8518799999999995,0.8519499999999994,483
2026-08-10T20:30:00+00:00,0.8519499999999994,0.8519799999999995,0.8518999999999994,0.8519099999999995,375
2026-08-10T20:45:00+00:00,0.8519099999999995,0.8520199999999994,0.8518599999999995,0.8518599999999995,907
2026-08-10T21:00:00+00:00,0.8518599999999995,0.8519699999999994,0.8515399999999995,0.8517199999999995,121
2026-08-10T21:15:00+00:00,0.8517199999999995,0.8518299999999994,0.8516799999999994,0.8517899999999995,195.237465395263
2026-08-10T21:30:00+00:00,0.8517899999999995,0.8520999999999994,0.8517899999999995,0.8519299999999994,363
2026-08-10T21:45:00+00:00,0.8519299999999994,0.8519699999999994,0.8517799999999994,0.8518699999999995,320
2026-08-10T22:00:00+00:00,0.8518699999999995,0.8521299999999995,0.8518699999999995,0.8520799999999995,720
2026-08-10T22:15:00+00:00,0.8520799999999995,0.8521199999999994,0.8520199999999994,0.8521199999999994,220
2026-08-10T22:30:00+00:00,0.8521199999999994,0.8521299999999995,0.8520299999999995,0.8520499999999994,188
2026-08-10T22:45:00+00:00,0.8520499999999994,0.8520499999999994,0.8519999999999994,0.8520299999999995,181
2026-08-10T23:00:00+00:00,0.8520299999999995,0.8520499999999994,0.8519999999999994,0.8520299999999995,398
2026-08-10T23:15:00+00:00,0.8520299999999995,0.8520599999999995,0.8520199999999994,0.8520499999999994,343
2026-08-10T23:30:00+00:00,0.8520499999999994,0.8521199999999994,0.8519999999999994,0.8520899999999995,457
2026-08-10T23:45:00+00:00,0.8520899999999995,0.8521299999999995,0.8520299999999995,0.8520699999999994,607
2026-08-11T00:00:00+00:00,0.8520699999999994,0.8521199999999994,0.8520099999999995,0.8520899999999995,1220
2026-08-11T00:15:00+00:00,0.8520899999999995,0.8521699999999994,0.8520799999999995,0.8521099999999995,945
2026-08-11T00:30:00+00:00,0.8521099999999995,0.8521199999999994,0.8520499999999994,0.8520599999999995,948
2026-08-11T00:45:00+00:00,0.8520599999999995,0.8521399999999995,0.8520599999999995,0.8520899999999995,1124
2026-08-11T01:00:00+00:00,0.8520899999999995,0.8521899999999994,0.8520799999999995,0.8521199999999994,1326
2026-08-11T01:15:00+00:00,0.8521199999999994,0.8521899999999994,0.8520899999999995,0.8521099999999995,1708
2026-08-11T01:30:00+00:00,0.8521099999999995,0.8521599999999995,0.8520599999999995,0.8521299999999995,1317
2026-08-11T01:45:00+00:00,0.8521299999999995,0.8521399999999995,0.8520599999999995,0.8521099999999995,1416
2026-08-11T02:00:00+00:00,0.8521099999999995,0.8521199999999994,0.8519999999999994,0.8520299999999995,1198
2026-08-11T02:15:00+00:00,0.8520299999999995,0.8520399999999995,0.8519699999999994,0.8519799999999995,1036
2026-08-11T02:30:00+00:00,0.8519799999999995,0.8520099999999995,0.8519599999999995,0.8519899999999995,901
2026-08-11T02:45:00+00:00,0.8519899999999995,0.8521199999999994,0.8519499999999994,0.8520099999999995,1116
2026-08-11T03:00:00+00:00,0.8520099999999995,0.8520499999999994,0.8519199999999995,0.8519399999999995,735
2026-08-11T03:15:00+00:00,0.8519399999999995,0.8519899999999995,0.8518399999999995,0.8518699999999995,816
2026-08-11T03:30:00+00:00,0.8518699999999995,0.8519199999999995,0.8518499999999994,0.8518899999999995,784
2026-08-11T03:45:00+00:00,0.8518899999999995,0.8519099999999995,0.8518499999999994,0.8518899999999995,620
2026-08-11T04:00:00+00:00,0.8518899999999995,0.8519299999999994,0.8518599999999995,0.8519099999999995,701
2026-08-11T04:15:00+00:00,0.8519099999999995,0.8519199999999995,0.8518699999999995,0.8518799999999994,642
2026-08-11T04:30:00+00:00,0.8518799999999994,0.8519599999999995,0.8518099999999995,0.8518499999999994,1490
2026-08-11T04:45:00+00:00,0.8518499999999994,0.8518799999999994,0.8517799999999994,0.8517999999999994,1285
2026-08-11T05:00:00+00:00,0.8517999999999994,0.8518699999999995,0.8517699999999995,0.8518399999999995,706
2026-08-11T05:15:00+00:00,0.8518399999999995,0.8518899999999995,0.8518099999999995,0.8518899999999995,718
2026-08-11T05:30:00+00:00,0.8518899999999995,0.8518899999999995,0.8516199999999995,0.8516499999999995,1438
2026-08-11T05:45:00+00:00,0.8516499999999995,0.8516899999999995,0.8515799999999994,0.8516299999999994,1718
2026-08-11T06:00:00+00:00,0.8516299999999994,0.8516299999999994,0.8514599999999994,0.8514899999999994,1334
2026-08-11T06:15:00+00:00,0.8514899999999994,0.8517299999999994,0.8514399999999994,0.8516399999999995,1884
2026-08-11T06:30:00+00:00,0.8516399999999995,0.8517699999999995,0.8515699999999995,0.8516599999999994,1833
2026-08-11T06:45:00+00:00,0.8516599999999994,0.8517999999999994,0.8516299999999994,0.8517499999999995,1243
2026-08-11T07:00:00+00:00,0.8517499999999995,0.8519199999999995,0.8516799999999994,0.8518399999999995,1565
2026-08-11T07:15:00+00:00,0.8518399999999995,0.8521499999999994,0.8518399999999995,0.8520999999999994,1387
2026-08-11T07:30:00+00:00,0.8520999999999994,0.8521799999999995,0.8519299999999994,0.8519999999999994,1354
2026-08-11T07:45:00+00:00,0.8519999999999994,0.8520799999999995,0.8519299999999994,0.8519499999999994,1744
2026-08-11T08:00:00+00:00,0.8519499999999994,0.8520099999999995,0.8518199999999995,0.8518399999999995,1370
2026-08-11T08:15:00+00:00,0.8518399999999995,0.8518599999999995,0.8517199999999995,0.8517999999999994,1388
2026-08-11T08:30:00+00:00,0.8517999999999994,0.8518099999999995,0.8516199999999995,0.8518099999999995,1237
2026-08-11T08:45:00+00:00,0.8518099999999995,0.8518599999999995,0.8516999999999995,0.8517899999999995,1334
2026-08-11T09:00:00+00:00,0.8517899999999995,0.8519599999999995,0.8517599999999994,0.8519399999999995,1048
2026-08-11T09:15:00+00:00,0.8519399999999995,0.8519999999999994,0.8517999999999994,0.8518599999999995,1071
2026-08-11T09:30:00+00:00,0.8518599999999995,0.8518599999999995,0.8517399999999995,0.8517499999999995,1038
2026-08-11T09:45:00+00:00,0.8517499999999995,0.8518699999999995,0.8517099999999994,0.8518399999999995,1024
2026-08-11T10:00:00+00:00,0.8518399999999995,0.8519699999999994,0.8517599999999994,0.8519499999999994,1170
2026-08-11T10:15:00+00:00,0.8519499999999994,0.8520699999999994,0.8519099999999995,0.8520599999999995,1533
2026-08-11T10:30:00+00:00,0.8520599999999995,0.8520699999999994,0.8519199999999995,0.8519699999999994,1266
2026-08-11T10:45:00+00:00,0.8519699999999994,0.8522099999999995,0.8519099999999995,0.8521799999999995,1303
2026-08-11T11:00:00+00:00,0.8521799999999995,0.8524999999999995,0.8519899999999995,0.8524899999999994,3020
2026-08-11T11:15:00+00:00,0.8524899999999994,0.8524899999999994,0.8521799999999995,0.8522399999999994,2118
2026-08-11T11:30:00+00:00,0.8522399999999994,0.8523399999999994,0.8521699999999994,0.8522499999999995,1704
2026-08-11T11:45:00+00:00,0.8522499999999995,0.8525099999999994,0.8521999999999995,0.8524799999999995,1580
2026-08-11T12:00:00+00:00,0.8524799999999995,0.8525099999999994,0.8523199999999994,0.8524199999999995,1718
2026-08-11T12:15:00+00:00,0.8524199999999995,0.8524399999999994,0.8522499999999995,0.8523299999999995,2086
2026-08-11T12:30:00+00:00,0.8523299999999995,0.8525399999999994,0.8522599999999995,0.8524999999999995,1769
2026-08-11T12:45:00+00:00,0.8524999999999995,0.8525999999999995,0.8524199999999995,0.8524899999999994,1566
2026-08-11T13:00:00+00:00,0.8524899999999994,0.8525899999999995,0.8523699999999995,0.8525199999999995,1833
2026-08-11T13:15:00+00:00,0.8525199999999995,0.8526099999999994,0.8523999999999995,0.8524199999999995,1916
2026-08-11T13:30:00+00:00,0.8524199999999995,0.8525199999999995,0.8523199999999994,0.8524099999999994,1894
2026-08-11T13:45:00+00:00,0.8524099999999994,0.8526199999999995,0.8523899999999994,0.8525499999999995,2029
2026-08-11T14:00:00+00:00,0.8525499999999995,0.8525699999999995,0.8522899999999994,0.8523399999999994,1949
2026-08-11T14:15:00+00:00,0.8523399999999994,0.8523399999999994,0.8520399999999995,0.8520699999999994,2062
2026-08-11T14:30:00+00:00,0.8520699999999994,0.8521399999999995,0.8519399999999995,0.8519499999999994,1593
2026-08-11T14:45:00+00:00,0.8519499999999994,0.8520399999999995,0.8518799999999994,0.8519899999999995,2142
2026-08-11T15:00:00+00:00,0.8519899999999995,0.8520799999999995,0.8518499999999994,0.8519599999999995,2052
2026-08-11T15:15:00+00:00,0.8519599999999995,0.8520099999999995,0.8517199999999995,0.8517999999999994,1978
2026-08-11T15:30:00+00:00,0.8517999999999994,0.8519199999999995,0.8516099999999994,0.8518499999999994,2241
2026-08-11T15:45:00+00:00,0.8518499999999994,0.8519999999999994,0.8516199999999995,0.8516299999999994,2106
2026-08-11T16:00:00+00:00,0.8516299999999994,0.8519299999999994,0.8516299999999994,0.8519099999999995,1445
2026-08-11T16:15:00+00:00,0.8519099999999995,0.8520299999999995,0.8518799999999994,0.8519899999999995,1232
2026-08-11T16:30:00+00:00,0.8519899999999995,0.8521899999999994,0.8519899999999995,0.8521299999999995,1033
2026-08-11T16:45:00+00:00,0.8521299999999995,0.8521399999999995,0.8518899999999995,0.8519299999999994,1347
2026-08-11T17:00:00+00:00,0.8519299999999994,0.8521499999999994,0.8518699999999995,0.8521399999999995,1325
2026-08-11T17:15:00+00:00,0.8521399999999995,0.8521699999999994,0.8520399999999995,0.8520499999999994,960
2026-08-11T17:30:00+00:00,0.8520499999999994,0.8521299999999995,0.8519999999999994,0.8520099999999995,884
2026-08-11T17:45:00+00:00,0.8520099999999995,0.8521099999999995,0.8519799999999995,0.8520399999999995,849
2026-08-11T18:00:00+00:00,0.8520399999999995,0.8521599999999995,0.8520299999999995,0.8521099999999995,1088
2026-08-11T18:15:00+00:00,0.8521099999999995,0.8522799999999995,0.8520999999999994,0.8522699999999994,1166
2026-08-11T18:30:00+00:00,0.8522699999999994,0.8523099999999995,0.8522199999999994,0.8522399999999994,1373
2026-08-11T18:45:00+00:00,0.8522399999999994,0.8522799999999995,0.8521399999999995,0.8521899999999994,1331
2026-08-11T19:00:00+00:00,0.8521899999999994,0.8522499999999995,0.8521199999999994,0.8521599999999995,1200
2026-08-11T19:15:00+00:00,0.8521599999999995,0.8522099999999995,0.8520899999999995,0.8521499999999994,1040
2026-08-11T19:30:00+00:00,0.8521499999999994,0.8521899999999994,0.8520899999999995,0.8521299999999995,1065
2026-08-11T19:45:00+00:00,0.8521299999999995,0.8521499999999994,0.8519999999999994,0.8520299999999995,1320
2026-08-11T20:00:00+00:00,0.8520299999999995,0.8520999999999994,0.8519699999999994,0.8520499999999994,1009
2026-08-11T20:15:00+00:00,0.8520499999999994,0.8521299999999995,0.8520199999999994,0.8521199999999994,479
2026-08-11T20:30:00+00:00,0.8521199999999994,0.8521799999999995,0.8520199999999994,0.8520399999999995,623
2026-08-11T20:45:00+00:00,0.8520399999999995,0.8520999999999994,0.8518799999999994,0.8519399999999995,1897
2026-08-11T21:00:00+00:00,0.8519399999999995,0.8522199999999994,0.8516899999999995,0.8519699999999993,197.10726256983241
2026-08-11T21:15:00+00:00,0.8519699999999993,0.8520199999999993,0.8518799999999994,0.8519299999999994,193
2026-08-11T21:30:00+00:00,0.8519299999999994,0.8520299999999994,0.8519199999999993,0.8519899999999994,143.82859761686527
2026-08-11T21:45:00+00:00,0.8519899999999994,0.8519999999999994,0.8517899999999994,0.8518099999999994,124.66885964912281
2026-08-11T22:00:00+00:00,0.8518099999999994,0.8521099999999994,0.8518099999999994,0.8518899999999994,712
2026-08-11T22:15:00+00:00,0.8518899999999994,0.8518999999999993,0.8518399999999994,0.8518699999999993,175
2026-08-11T22:30:00+00:00,0.8518699999999993,0.8518999999999993,0.8517999999999993,0.8518899999999994,264
2026-08-11T22:45:00+00:00,0.8518899999999994,0.8519399999999994,0.8518699999999993,0.8519199999999993,194
2026-08-11T23:00:00+00:00,0.8519199999999993,0.8519399999999994,0.8518799999999993,0.8518999999999993,331
2026-08-11T23:15:00+00:00,0.8518999999999993,0.8519799999999994,0.8518799999999993,0.8518799999999993,369
2026-08-11T23:30:00+00:00,0.8518799999999993,0.8520399999999994,0.8518799999999993,0.8520299999999994,318
2026-08-11T23:45:00+00:00,0.8520299999999994,0.8520299999999994,0.8519599999999994,0.8519799999999994,486
2026-08-12T00:00:00+00:00,0.8519799999999994,0.8520299999999994,0.8519299999999993,0.8519599999999994,968
2026-08-12T00:15:00+00:00,0.8519599999999994,0.8519899999999994,0.8519499999999993,0.8519599999999994,679
2026-08-12T00:30:00+00:00,0.8519599999999994,0.8519699999999993,0.8518899999999994,0.8519099999999994,693
2026-08-12T00:45:00+00:00,0.8519099999999994,0.8519399999999994,0.8518599999999994,0.8518899999999994,915
2026-08-12T01:00:00+00:00,0.8518899999999994,0.8519399999999994,0.8518399999999994,0.8519199999999993,1237
2026-08-12T01:15:00+00:00,0.8519199999999993,0.8519599999999994,0.8518299999999993,0.8518999999999993,957
2026-08-12T01:30:00+00:00,0.8518999999999993,0.8519199999999993,0.8518699999999993,0.8519099999999994,566
2026-08-12T01:45:00+00:00,0.8519099999999994,0.8519099999999994,0.8517499999999993,0.8518099999999994,906
2026-08-12T02:00:00+00:00,0.8518099999999994,0.8519199999999993,0.8517799999999993,0.8518899999999994,829
2026-08-12T02:15:00+00:00,0.8518899999999994,0.8519099999999994,0.8517999999999993,0.8518099999999994,1004
2026-08-12T02:30:00+00:00,0.8518099999999994,0.8518699999999993,0.8517899999999994,0.8518199999999994,802
2026-08-12T02:45:00+00:00,0.8518199999999994,0.8518299999999993,0.8517399999999994,0.8517799999999993,688
2026-08-12T03:00:00+00:00,0.8517799999999993,0.8517899999999994,0.8516799999999993,0.8516999999999993,593
2026-08-12T03:15:00+00:00,0.8516999999999993,0.8517199999999994,0.8516299999999993,0.8516399999999994,451
2026-08-12T03:30:00+00:00,0.8516399999999994,0.8517099999999993,0.8516299999999993,0.8516799999999993,497
2026-08-12T03:45:00+00:00,0.8516799999999993,0.8516899999999994,0.8516199999999994,0.8516399999999994,460
2026-08-12T04:00:00+00:00,0.8516399999999994,0.8516599999999993,0.8515999999999994,0.8516099999999993,398
2026-08-12T04:15:00+00:00,0.8516099999999993,0.8516299999999993,0.8515499999999994,0.8515699999999994,538
2026-08-12T04:30:00+00:00,0.8515699999999994,0.8516199999999994,0.8515599999999993,0.8515899999999994,556
2026-08-12T04:45:00+00:00,0.8515899999999994,0.8515999999999994,0.8515299999999993,0.8515599999999993,456
2026-08-12T05:00:00+00:00,0.8515599999999993,0.8515699999999994,0.8514899999999993,0.8515099999999993,602
2026-08-12T05:15:00+00:00,0.8515099999999993,0.8516399999999994,0.8514499999999994,0.8515999999999994,797
2026-08-12T05:30:00+00:00,0.8515999999999994,0.8516599999999993,0.8515799999999993,0.8516299999999993,505
2026-08-12T05:45:00+00:00,0.8516299999999993,0.8516299999999993,0.8514999999999994,0.8515099999999993,892
2026-08-12T06:00:00+00:00,0.8515099999999993,0.8516299999999993,0.8514499999999994,0.8515899999999994,1035
2026-08-12T06:15:00+00:00,0.8515899999999994,0.8517099999999993,0.8515599999999993,0.8516899999999994,1894
2026-08-12T06:30:00+00:00,0.8516899999999994,0.8517599999999993,0.8515199999999994,0.8515299999999993,1534
2026-08-12T06:45:00+00:00,0.8515299999999993,0.8516899999999994,0.8514999999999994,0.8515599999999993,1647
2026-08-12T07:00:00+00:00,0.8515599999999993,0.8515999999999994,0.8514699999999994,0.8515399999999993,1642
2026-08-12T07:15:00+00:00,0.8515399999999993,0.8515999999999994,0.8514799999999993,0.8514899999999993,1260
2026-08-12T07:30:00+00:00,0.8514899999999993,0.8516899999999994,0.8514799999999993,0.8516299999999993,1609
2026-08-12T07:45:00+00:00,0.8516299999999993,0.8516599999999993,0.8515299999999993,0.8515999999999994,1223
2026-08-12T08:00:00+00:00,0.8515999999999994,0.8516199999999994,0.8514599999999993,0.8515299999999993,1509
2026-08-12T08:15:00+00:00,0.8515299999999993,0.8515999999999994,0.8514299999999994,0.8515299999999993,1763
2026-08-12T08:30:00+00:00,0.8515299999999993,0.8516199999999994,0.8514899999999993,0.8515999999999994,1542
2026-08-12T08:45:00+00:00,0.8515999999999994,0.8516199999999994,0.8514299999999994,0.8514299999999994,1395
2026-08-12T09:00:00+00:00,0.8514299999999994,0.8514699999999994,0.8511199999999993,0.8512299999999994,1921
2026-08-12T09:15:00+00:00,0.8512299999999994,0.8514399999999993,0.8511099999999994,0.8513799999999994,3133
2026-08-12T09:30:00+00:00,0.8513799999999994,0.8514999999999994,0.8512399999999993,0.8512499999999994,1727
2026-08-12T09:45:00+00:00,0.8512499999999994,0.8513199999999993,0.8511799999999994,0.8512299999999994,1796
2026-08-12T10:00:00+00:00,0.8512299999999994,0.8512299999999994,0.8508099999999994,0.8508099999999994,1679
2026-08-12T10:15:00+00:00,0.8508099999999994,0.8510099999999994,0.8507499999999993,0.8508399999999994,1389
2026-08-12T10:30:00+00:00,0.8508399999999994,0.8508599999999994,0.8507099999999993,0.8507199999999994,1314
2026-08-12T10:45:00+00:00,0.8507199999999994,0.8509799999999994,0.8507199999999994,0.8509799999999994,1803
2026-08-12T11:00:00+00:00,0.8509799999999994,0.8510499999999993,0.8507999999999993,0.8508899999999994,1755
2026-08-12T11:15:00+00:00,0.8508899999999994,0.8510699999999993,0.8508399999999994,0.8509999999999993,1332
2026-08-12T11:30:00+00:00,0.8509999999999993,0.8510699999999993,0.8508799999999993,0.8509999999999993,1613
2026-08-12T11:45:00+00:00,0.8509999999999993,0.8511299999999994,0.8508499999999993,0.8509099999999994,1978
2026-08-12T12:00:00+00:00,0.8509099999999994,0.8511899999999993,0.8508299999999993,0.8510099999999994,1969
2026-08-12T12:15:00+00:00,0.8510099999999994,0.8512899999999993,0.8508899999999994,0.8508999999999993,2237
2026-08-12T12:30:00+00:00,0.8508999999999993,0.8513599999999993,0.8506699999999994,0.8512599999999994,9034
2026-08-12T12:45:00+00:00,0.8512599999999994,0.8515299999999993,0.8512399999999993,0.8513799999999994,4156
2026-08-12T13:00:00+00:00,0.8513799999999994,0.8515899999999994,0.8512899999999993,0.8514499999999994,4066
2026-08-12T13:15:00+00:00,0.8514499999999994,0.8516399999999994,0.8513699999999994,0.8514499999999994,3360
2026-08-12T13:30:00+00:00,0.8514499999999994,0.8517199999999994,0.8513899999999993,0.8516599999999993,3352
2026-08-12T13:45:00+00:00,0.8516599999999993,0.8517399999999994,0.8515199999999994,0.8516399999999994,3168
2026-08-12T14:00:00+00:00,0.8516399999999994,0.8517599999999993,0.8514699999999994,0.8516899999999994,2520
2026-08-12T14:15:00+00:00,0.8516899999999994,0.8519499999999993,0.8516499999999994,0.8518899999999994,2636
2026-08-12T14:30:00+00:00,0.8518899999999994,0.8521199999999993,0.8518499999999993,0.8518999999999993,2627
2026-08-12T14:45:00+00:00,0.8518999999999993,0.8520099999999994,0.8517399999999994,0.8519799999999994,3177
2026-08-12T15:00:00+00:00,0.8519799999999994,0.8521499999999993,0.8518999999999993,0.8519799999999994,2646
2026-08-12T15:15:00+00:00,0.8519799999999994,0.8520499999999993,0.8518499999999993,0.8518899999999994,1757
2026-08-12T15:30:00+00:00,0.8518899999999994,0.8519299999999993,0.8517799999999993,0.8517899999999994,1688
2026-08-12T15:45:00+00:00,0.8517899999999994,0.8518199999999994,0.8515499999999994,0.8516799999999993,1826
2026-08-12T16:00:00+00:00,0.8516799999999993,0.8517099999999993,0.8514299999999994,0.8514499999999994,2005
2026-08-12T16:15:00+00:00,0.8514499999999994,0.8515999999999994,0.8514099999999993,0.8515399999999993,1864
2026-08-12T16:30:00+00:00,0.8515399999999993,0.8515999999999994,0.8514699999999994,0.8515299999999993,1975
2026-08-12T16:45:00+00:00,0.8515299999999993,0.8516899999999994,0.8514799999999993,0.8516299999999993,1977
2026-08-12T17:00:00+00:00,0.8516299999999993,0.8516999999999993,0.8514899999999993,0.8516699999999994,1935
2026-08-12T17:15:00+00:00,0.8516699999999994,0.8517099999999993,0.8515899999999994,0.8516899999999994,1343
2026-08-12T17:30:00+00:00,0.8516899999999994,0.8516899999999994,0.8514899999999993,0.8515199999999994,1308
2026-08-12T17:45:00+00:00,0.8515199999999994,0.8516199999999994,0.8514099999999993,0.8514399999999993,1342
2026-08-12T18:00:00+00:00,0.8514399999999993,0.8515499999999994,0.8513799999999994,0.8515299999999993,1386
2026-08-12T18:15:00+00:00,0.8515299999999993,0.8515699999999994,0.8514899999999993,0.8515199999999994,1034
2026-08-12T18:30:00+00:00,0.8515199999999994,0.8516799999999993,0.8514799999999993,0.8516599999999993,857
2026-08-12T18:45:00+00:00,0.8516599999999993,0.8517099999999993,0.8515599999999993,0.8516899999999994,1050
2026-08-12T19:00:00+00:00,0.8516899999999994,0.8517299999999993,0.8516099999999993,0.8516499999999994,1245
2026-08-12T19:15:00+00:00,0.8516499999999994,0.8516699999999994,0.8515599999999993,0.8515699999999994,987
2026-08-12T19:30:00+00:00,0.8515699999999994,0.8516599999999993,0.8515099999999993,0.8515999999999994,1117
2026-08-12T19:45:00+00:00,0.8515999999999994,0.8516299999999993,0.8514799999999993,0.8515299999999993,1323
2026-08-12T20:00:00+00:00,0.8515299999999993,0.8516499999999994,0.8514999999999994,0.8516199999999994,956
2026-08-12T20:15:00+00:00,0.8516199999999994,0.8516499999999994,0.8515599999999993,0.8515999999999994,495
2026-08-12T20:30:00+00:00,0.8515999999999994,0.8516199999999994,0.8515399999999993,0.8515899999999994,553
2026-08-12T20:45:00+00:00,0.8515899999999994,0.8515999999999994,0.8514599999999993,0.8515199999999994,1609
2026-08-12T21:00:00+00:00,0.8515199999999994,0.8515199999999994,0.8510799999999994,0.8511799999999994,128.8773708683217
2026-08-12T21:15:00+00:00,0.8511799999999994,0.8515399999999993,0.8511299999999994,0.8512799999999994,696
2026-08-12T21:30:00+00:00,0.8512799999999994,0.8515099999999993,0.8511699999999993,0.8511999999999994,550
2026-08-12T21:45:00+00:00,0.8511999999999994,0.8513499999999994,0.8510899999999993,0.8512199999999993,550
2026-08-12T22:00:00+00:00,0.8512199999999993,0.8517399999999994,0.8512199999999993,0.8516499999999994,449.5431115276476
2026-08-12T22:15:00+00:00,0.8516499999999994,0.8516599999999994,0.8515799999999994,0.8516499999999994,199
2026-08-12T22:30:00+00:00,0.8516499999999994,0.8516599999999993,0.8515699999999995,0.8516099999999994,317.00825058973123
2026-08-12T22:45:00+00:00,0.8516099999999994,0.8516299999999994,0.8515399999999994,0.8515699999999994,224.99906830003601
2026-08-12T23:00:00+00:00,0.8515699999999994,0.8515899999999994,0.8515499999999994,0.8515599999999993,295.47899556395595
2026-08-12T23:15:00+00:00,0.8515599999999993,0.8515699999999994,0.8514999999999994,0.8515399999999994,300.64723827110373
2026-08-12T23:30:00+00:00,0.8515399999999994,0.8516199999999994,0.8515299999999995,0.8516099999999994,346.3459704110011
2026-08-12T23:45:00+00:00,0.8516099999999994,0.8516199999999994,0.8515599999999994,0.8515999999999994,435
2026-08-13T00:00:00+00:00,0.8515999999999994,0.8516499999999994,0.8515799999999994,0.8516399999999994,1144
2026-08-13T00:15:00+00:00,0.8516399999999994,0.8516599999999994,0.8515799999999994,0.8516399999999994,1002
2026-08-13T00:30:00+00:00,0.8516399999999994,0.8516999999999993,0.8515999999999994,0.8516799999999994,1194
2026-08-13T00:45:00+00:00,0.8516799999999994,0.8517099999999994,0.8516199999999994,0.8516499999999994,1041
2026-08-13T01:00:00+00:00,0.8516499999999994,0.8516999999999993,0.8516199999999994,0.8516999999999993,1375
2026-08-13T01:15:00+00:00,0.8516999999999993,0.8517299999999994,0.8516399999999994,0.8516899999999994,1331
2026-08-13T01:30:00+00:00,0.8516899999999994,0.8517499999999993,0.8516499999999994,0.8517299999999994,907
2026-08-13T01:45:00+00:00,0.8517299999999994,0.8517599999999994,0.8516499999999994,0.8516799999999994,1102
2026-08-13T02:00:00+00:00,0.8516799999999994,0.8517499999999993,0.8516799999999994,0.8516999999999993,828
2026-08-13T02:15:00+00:00,0.8516999999999993,0.8517299999999994,0.8516799999999994,0.8516999999999993,566
2026-08-13T02:30:00+00:00,0.8516999999999993,0.8517299999999994,0.8516599999999994,0.8516999999999993,843.8504964539007
2026-08-13T02:45:00+00:00,0.8516999999999993,0.8517399999999994,0.8516899999999994,0.8517299999999994,528
2026-08-13T03:00:00+00:00,0.8517299999999994,0.8518299999999994,0.8516099999999994,0.8516799999999994,1181
2026-08-13T03:15:00+00:00,0.8516799999999994,0.8517199999999994,0.8516299999999994,0.8516699999999994,967
2026-08-13T03:30:00+00:00,0.8516699999999994,0.8517099999999994,0.8516299999999994,0.8516299999999994,922
2026-08-13T03:45:00+00:00,0.8516299999999994,0.8516399999999994,0.8515799999999994,0.8516399999999994,643
2026-08-13T04:00:00+00:00,0.8516399999999994,0.8516799999999994,0.8515999999999994,0.8516799999999994,568
2026-08-13T04:15:00+00:00,0.8516799999999994,0.8517099999999994,0.8516599999999994,0.8517099999999994,469
2026-08-13T04:30:00+00:00,0.8517099999999994,0.8517099999999994,0.8516099999999994,0.8516399999999994,588
2026-08-13T04:45:00+00:00,0.8516399999999994,0.8516499999999994,0.8514999999999994,0.8515599999999994,1639
2026-08-13T05:00:00+00:00,0.8515599999999994,0.8516099999999994,0.8515299999999993,0.8515699999999994,1156
2026-08-13T05:15:00+00:00,0.8515699999999994,0.8515999999999994,0.8514999999999994,0.8515499999999994,1126
2026-08-13T05:30:00+00:00,0.8515499999999994,0.8516099999999994,0.8515299999999993,0.8515899999999994,860
2026-08-13T05:45:00+00:00,0.8515899999999994,0.8516199999999994,0.8514799999999993,0.8515399999999994,1150
2026-08-13T06:00:00+00:00,0.8515399999999994,0.8515799999999994,0.8513699999999994,0.8514999999999994,1469
2026-08-13T06:15:00+00:00,0.8514999999999994,0.8515999999999994,0.8513599999999995,0.8515499999999994,1609
2026-08-13T06:30:00+00:00,0.8515499999999994,0.8519499999999994,0.8515299999999993,0.8518699999999993,1784
2026-08-13T06:45:00+00:00,0.8518699999999993,0.8518799999999994,0.8517199999999994,0.8517999999999994,1457
2026-08-13T07:00:00+00:00,0.8517999999999994,0.8521999999999994,0.8517499999999993,0.8520799999999994,1556
2026-08-13T07:15:00+00:00,0.8520799999999994,0.8520899999999993,0.8519299999999994,0.8519499999999994,1283
2026-08-13T07:30:00+00:00,0.8519499999999994,0.8521899999999994,0.8519399999999994,0.8521499999999994,1543
2026-08-13T07:45:00+00:00,0.8521499999999994,0.8524099999999994,0.8520399999999994,0.8523799999999994,1477
2026-08-13T08:00:00+00:00,0.8523799999999994,0.8525299999999993,0.8522499999999994,0.8524799999999993,1866
2026-08-13T08:15:00+00:00,0.8524799999999993,0.8525499999999994,0.8524099999999994,0.8525199999999994,1078
2026-08-13T08:30:00+00:00,0.8525199999999994,0.8525699999999994,0.8523599999999995,0.8524999999999994,1192
2026-08-13T08:45:00+00:00,0.8524999999999994,0.8526399999999994,0.8524499999999994,0.8524799999999993,1115
2026-08-13T09:00:00+00:00,0.8524799999999993,0.8526999999999993,0.8524699999999994,0.8526399999999994,1232
2026-08-13T09:15:00+00:00,0.8526399999999994,0.8526999999999993,0.8524499999999994,0.8524499999999994,1355
2026-08-13T09:30:00+00:00,0.8524499999999994,0.8524999999999994,0.8523799999999994,0.8524599999999994,947
2026-08-13T09:45:00+00:00,0.8524599999999994,0.8525199999999994,0.8523499999999994,0.8524499999999994,1226
2026-08-13T10:00:00+00:00,0.8524499999999994,0.8524999999999994,0.8521699999999994,0.8521899999999994,1621
2026-08-13T10:15:00+00:00,0.8521899999999994,0.8522799999999994,0.8520699999999994,0.8522199999999994,1227
2026-08-13T10:30:00+00:00,0.8522199999999994,0.8523099999999993,0.8521099999999994,0.8522699999999994,1323
2026-08-13T10:45:00+00:00,0.8522699999999994,0.8527299999999994,0.8522599999999994,0.8526699999999994,1147
2026-08-13T11:00:00+00:00,0.8526699999999994,0.8527999999999994,0.8525599999999994,0.8526299999999994,1185
2026-08-13T11:15:00+00:00,0.8526299999999994,0.8526499999999994,0.8524599999999994,0.8524599999999994,1247
2026-08-13T11:30:00+00:00,0.8524599999999994,0.8524999999999994,0.8522999999999994,0.8524199999999994,1390
2026-08-13T11:45:00+00:00,0.8524199999999994,0.8524299999999994,0.8522799999999994,0.8523899999999994,1613
2026-08-13T12:00:00+00:00,0.8523899999999994,0.8524799999999993,0.8523399999999994,0.8523699999999994,1570
2026-08-13T12:15:00+00:00,0.8523699999999994,0.8524499999999994,0.8521699999999994,0.8522099999999994,1466
2026-08-13T12:30:00+00:00,0.8522099999999994,0.8523299999999994,0.8517799999999994,0.8519299999999994,3430
2026-08-13T12:45:00+00:00,0.8519299999999994,0.8522199999999994,0.8519099999999994,0.8520499999999994,2757
2026-08-13T13:00:00+00:00,0.8520499999999994,0.8521499999999994,0.8519099999999994,0.8519199999999993,2665
2026-08-13T13:15:00+00:00,0.8519199999999993,0.8519899999999994,0.8517799999999994,0.8518099999999994,2128
2026-08-13T13:30:00+00:00,0.8518099999999994,0.8519899999999994,0.8517099999999994,0.8518299999999994,2643
2026-08-13T13:45:00+00:00,0.8518299999999994,0.8520699999999994,0.8517999999999994,0.8519899999999994,2754
2026-08-13T14:00:00+00:00,0.8519899999999994,0.8520799999999994,0.8516999999999993,0.8520499999999994,2848
2026-08-13T14:15:00+00:00,0.8520499999999994,0.8520799999999994,0.8518199999999994,0.8519699999999994,2974
2026-08-13T14:30:00+00:00,0.8519699999999994,0.8522199999999994,0.8519599999999994,0.8521899999999994,2410
2026-08-13T14:45:00+00:00,0.8521899999999994,0.8523399999999994,0.8518999999999994,0.8521299999999994,3092
2026-08-13T15:00:00+00:00,0.8521299999999994,0.8522299999999994,0.8519899999999994,0.8519999999999994,2477
2026-08-13T15:15:00+00:00,0.8519999999999994,0.8521799999999994,0.8519599999999994,0.8520799999999994,2513
2026-08-13T15:30:00+00:00,0.8520799999999994,0.8521699999999994,0.8520099999999994,0.8520999999999994,2314
2026-08-13T15:45:00+00:00,0.8520999999999994,0.8521499999999994,0.8518599999999994,0.8519099999999994,1775
2026-08-13T16:00:00+00:00,0.8519099999999994,0.8522699999999994,0.8518799999999994,0.8521999999999994,1849
2026-08-13T16:15:00+00:00,0.8521999999999994,0.8523199999999994,0.8521399999999993,0.8522499999999994,2038
2026-08-13T16:30:00+00:00,0.8522499999999994,0.8525299999999993,0.8521799999999994,0.8525299999999993,1459
2026-08-13T16:45:00+00:00,0.8525299999999993,0.8525299999999993,0.8523799999999994,0.8524399999999994,1180
2026-08-13T17:00:00+00:00,0.8524399999999994,0.8526199999999994,0.8523499999999994,0.8525899999999994,1846
2026-08-13T17:15:00+00:00,0.8525899999999994,0.8526199999999994,0.8524399999999994,0.8524599999999994,1015
2026-08-13T17:30:00+00:00,0.8524599999999994,0.8526099999999994,0.8524599999999994,0.8525499999999994,1224
2026-08-13T17:45:00+00:00,0.8525499999999994,0.8526099999999994,0.8524699999999994,0.8525599999999994,1452
2026-08-13T18:00:00+00:00,0.8525599999999994,0.8526199999999994,0.8525299999999993,0.8525899999999994,1447
2026-08-13T18:15:00+00:00,0.8525899999999994,0.8526099999999994,0.8524299999999994,0.8524499999999994,944
2026-08-13T18:30:00+00:00,0.8524499999999994,0.8525199999999994,0.8524099999999994,0.8524499999999994,1155
2026-08-13T18:45:00+00:00,0.8524499999999994,0.8526099999999994,0.8524499999999994,0.8525499999999994,1210
2026-08-13T19:00:00+00:00,0.8525499999999994,0.8525799999999994,0.8524299999999994,0.8525599999999994,1178
2026-08-13T19:15:00+00:00,0.8525599999999994,0.8526099999999994,0.8524399999999994,0.8524899999999994,744
2026-08-13T19:30:00+00:00,0.8524899999999994,0.8524899999999994,0.8523899999999994,0.8524099999999994,1218
2026-08-13T19:45:00+00:00,0.8524099999999994,0.8524699999999994,0.8522799999999994,0.8522999999999994,1365
2026-08-13T20:00:00+00:00,0.8522999999999994,0.8524199999999994,0.8522299999999994,0.8522599999999994,791
2026-08-13T20:15:00+00:00,0.8522599999999994,0.8523199999999994,0.8522399999999994,0.8523099999999993,629
2026-08-13T20:30:00+00:00,0.8523099999999993,0.8523799999999994,0.8522899999999994,0.8523499999999994,684
2026-08-13T20:45:00+00:00,0.8523499999999994,0.8523899999999994,0.8522199999999994,0.8522299999999994,2285
2026-08-13T21:00:00+00:00,0.8522299999999994,0.8523399999999994,0.8518999999999994,0.8521899999999994,836
2026-08-13T21:15:00+00:00,0.8521899999999994,0.8523299999999994,0.8520899999999993,0.8522799999999994,135
2026-08-13T21:30:00+00:00,0.8522799999999994,0.8523299999999994,0.8519199999999993,0.8520699999999994,1013
2026-08-13T21:45:00+00:00,0.8520699999999994,0.8523499999999994,0.8520699999999994,0.8522299999999994,464
2026-08-13T22:00:00+00:00,0.8522299999999994,0.8525199999999994,0.8522299999999994,0.8524799999999993,409
2026-08-13T22:15:00+00:00,0.8524799999999993,0.8524999999999994,0.8523899999999994,0.8524599999999994,239
2026-08-13T22:30:00+00:00,0.8524599999999994,0.8524799999999993,0.8524099999999994,0.8524499999999994,181
2026-08-13T22:45:00+00:00,0.8524499999999994,0.8524899999999994,0.8524199999999994,0.8524499999999994,342
2026-08-13T23:00:00+00:00,0.8524499999999994,0.8525299999999993,0.8524099999999994,0.8524599999999994,598
2026-08-13T23:15:00+00:00,0.8524599999999994,0.8525499999999994,0.8524499999999994,0.8525299999999993,346
2026-08-13T23:30:00+00:00,0.8525299999999993,0.8525399999999994,0.8524699999999994,0.8524999999999994,609
2026-08-13T23:45:00+00:00,0.8524999999999994,0.8525199999999994,0.8524399999999994,0.8524699999999994,544
2026-08-14T00:00:00+00:00,0.8524699999999994,0.8524999999999994,0.8524399999999994,0.8524999999999994,1409
2026-08-14T00:15:00+00:00,0.8524999999999994,0.8525199999999994,0.8523999999999994,0.8524399999999994,1059
2026-08-14T00:30:00+00:00,0.8524399999999994,0.8524499999999994,0.8523899999999994,0.8524299999999994,1173
2026-08-14T00:45:00+00:00,0.8524299999999994,0.8524399999999994,0.8523199999999994,0.8523399999999994,1318
2026-08-14T01:00:00+00:00,0.8523399999999994,0.8523999999999994,0.8522999999999994,0.8523899999999994,1598
2026-08-14T01:15:00+00:00,0.8523899999999994,0.8524399999999994,0.8523499999999994,0.8524099999999994,1224
2026-08-14T01:30:00+00:00,0.8524099999999994,0.8524999999999994,0.8524099999999994,0.8524499999999994,991
2026-08-14T01:45:00+00:00,0.8524499999999994,0.8525799999999994,0.8524299999999994,0.8525599999999994,895
2026-08-14T02:00:00+00:00,0.8525599999999994,0.8526299999999994,0.8525499999999994,0.8525999999999994,1032
2026-08-14T02:15:00+00:00,0.8525999999999994,0.8525999999999994,0.8524999999999994,0.8525599999999994,717
2026-08-14T02:30:00+00:00,0.8525599999999994,0.8525799999999994,0.8524799999999993,0.8525099999999994,900
2026-08-14T02:45:00+00:00,0.8525099999999994,0.8525899999999994,0.8524799999999993,0.8525499999999994,1035
2026-08-14T03:00:00+00:00,0.8525499999999994,0.8525899999999994,0.8524599999999994,0.8524699999999994,789
2026-08-14T03:15:00+00:00,0.8524699999999994,0.8525099999999994,0.8523799999999994,0.8523999999999994,1032
2026-08-14T03:30:00+00:00,0.8523999999999994,0.8524399999999994,0.8523799999999994,0.8524099999999994,851
2026-08-14T03:45:00+00:00,0.8524099999999994,0.8524899999999994,0.8523999999999994,0.8524399999999994,800
2026-08-14T04:00:00+00:00,0.8524399999999994,0.8525099999999994,0.8524099999999994,0.8524799999999993,937
2026-08-14T04:15:00+00:00,0.8524799999999993,0.8524899999999994,0.8523699999999994,0.8523999999999994,623
2026-08-14T04:30:00+00:00,0.8523999999999994,0.8524499999999994,0.8522599999999994,0.8524499999999994,853
2026-08-14T04:45:00+00:00,0.8524499999999994,0.8524899999999994,0.8523999999999994,0.8523999999999994,671
2026-08-14T05:00:00+00:00,0.8523999999999994,0.8524499999999994,0.8523399999999994,0.8524299999999994,657
2026-08-14T05:15:00+00:00,0.8524299999999994,0.8524799999999993,0.8523899999999994,0.8523899999999994,632
2026-08-14T05:30:00+00:00,0.8523899999999994,0.8524599999999994,0.8523699999999994,0.8524399999999994,1049
2026-08-14T05:45:00+00:00,0.8524399999999994,0.8525099999999994,0.8523899999999994,0.8523999999999994,735
2026-08-14T06:00:00+00:00,0.8523999999999994,0.8524999999999994,0.8523099999999993,0.8523199999999994,1474
2026-08-14T06:15:00+00:00,0.8523199999999994,0.8523999999999994,0.8522599999999994,0.8523399999999994,1206
2026-08-14T06:30:00+00:00,0.8523399999999994,0.8524299999999994,0.8522899999999994,0.8523299999999994,1178
2026-08-14T06:45:00+00:00,0.8523299999999994,0.8524399999999994,0.8522799999999994,0.8523399999999994,1049
2026-08-14T07:00:00+00:00,0.8523399999999994,0.8524199999999994,0.8522299999999994,0.8523399999999994,1425
2026-08-14T07:15:00+00:00,0.8523399999999994,0.8525599999999994,0.8523399999999994,0.8525099999999994,1284
2026-08-14T07:30:00+00:00,0.8525099999999994,0.8525499999999994,0.8523499999999994,0.8524699999999994,1393
2026-08-14T07:45:00+00:00,0.8524699999999994,0.8524999999999994,0.8522599999999994,0.8523499999999994,1922
2026-08-14T08:00:00+00:00,0.8523499999999994,0.8523699999999994,0.8521399999999993,0.8522899999999994,1726
2026-08-14T08:15:00+00:00,0.8522899999999994,0.8522899999999994,0.8518399999999994,0.8518699999999993,1353
2026-08-14T08:30:00+00:00,0.8518699999999993,0.8519999999999994,0.8517899999999994,0.8519899999999994,1526
2026-08-14T08:45:00+00:00,0.8519899999999994,0.8521199999999994,0.8519099999999994,0.8520599999999994,1559
2026-08-14T09:00:00+00:00,0.8520599999999994,0.8521599999999994,0.8519299999999994,0.8520299999999994,1393
2026-08-14T09:15:00+00:00,0.8520299999999994,0.8520999999999994,0.8518999999999994,0.8519099999999994,984
2026-08-14T09:30:00+00:00,0.8519099999999994,0.8519599999999994,0.8518099999999994,0.8518299999999994,954
2026-08-14T09:45:00+00:00,0.8518299999999994,0.8518899999999994,0.8517299999999994,0.8518199999999994,1162
2026-08-14T10:00:00+00:00,0.8518199999999994,0.8518299999999994,0.8516199999999994,0.8517099999999994,1042
2026-08-14T10:15:00+00:00,0.8517099999999994,0.8517499999999993,0.8515999999999994,0.8516199999999994,943
2026-08-14T10:30:00+00:00,0.8516199999999994,0.8516499999999994,0.8515299999999993,0.8516199999999994,1046
2026-08-14T10:45:00+00:00,0.8516199999999994,0.8517499999999993,0.8515699999999994,0.8517299999999994,1061
2026-08-14T11:00:00+00:00,0.8517299999999994,0.8518099999999994,0.8516499999999994,0.8517599999999994,1374
2026-08-14T11:15:00+00:00,0.8517599999999994,0.8518699999999993,0.8517199999999994,0.8518099999999994,1410
2026-08-14T11:30:00+00:00,0.8518099999999994,0.8519999999999994,0.8517299999999994,0.8519299999999994,1630
2026-08-14T11:45:00+00:00,0.8519299999999994,0.8520899999999993,0.8519099999999994,0.8519999999999994,1642
2026-08-14T12:00:00+00:00,0.8519999999999994,0.8521299999999994,0.8518399999999994,0.8518599999999994,2092
2026-08-14T12:15:00+00:00,0.8518599999999994,0.8520299999999994,0.8516799999999994,0.8517599999999994,1955
2026-08-14T12:30:00+00:00,0.8517599999999994,0.8520399999999994,0.8515399999999994,0.8519899999999994,2975
2026-08-14T12:45:00+00:00,0.8519899999999994,0.8520399999999994,0.8518099999999994,0.8518399999999994,2006
2026-08-14T13:00:00+00:00,0.8518399999999994,0.8519199999999993,0.8516199999999994,0.8517099999999994,2029
2026-08-14T13:15:00+00:00,0.8517099999999994,0.8518199999999994,0.8516099999999994,0.8516399999999994,2034
2026-08-14T13:30:00+00:00,0.8516399999999994,0.8519499999999994,0.8516099999999994,0.8518999999999994,3210
2026-08-14T13:45:00+00:00,0.8518999999999994,0.8520299999999994,0.8515799999999994,0.8520099999999994,3374
2026-08-14T14:00:00+00:00,0.8520099999999994,0.8520599999999994,0.8517599999999994,0.8519999999999994,2494
2026-08-14T14:15:00+00:00,0.8519999999999994,0.8520099999999994,0.8517899999999994,0.8518499999999994,2302
2026-08-14T14:30:00+00:00,0.8518499999999994,0.8521899999999994,0.8518399999999994,0.8521899999999994,2180
2026-08-14T14:45:00+00:00,0.8521899999999994,0.8523399999999994,0.8520599999999994,0.8522799999999994,2773
2026-08-14T15:00:00+00:00,0.8522799999999994,0.8523899999999994,0.8521899999999994,0.8522699999999994,2140
2026-08-14T15:15:00+00:00,0.8522699999999994,0.8525699999999994,0.8522499999999994,0.8522999999999994,2267
2026-08-14T15:30:00+00:00,0.8522999999999994,0.8523199999999994,0.8521199999999994,0.8521599999999994,1836
2026-08-14T15:45:00+00:00,0.8521599999999994,0.8521799999999994,0.8518299999999994,0.8518899999999994,2198
2026-08-14T16:00:00+00:00,0.8518899999999994,0.8519299999999994,0.8517899999999994,0.8518899999999994,1878
2026-08-14T16:15:00+00:00,0.8518899999999994,0.8519499999999994,0.8518099999999994,0.8518699999999993,1678
2026-08-14T16:30:00+00:00,0.8518699999999993,0.8519199999999993,0.8517799999999994,0.8518899999999994,1635
2026-08-14T16:45:00+00:00,0.8518899999999994,0.8521699999999994,0.8518799999999994,0.8521399999999993,1528
2026-08-14T17:00:00+00:00,0.8521399999999993,0.8523299999999994,0.8521199999999994,0.8522899999999994,1663
2026-08-14T17:15:00+00:00,0.8522899999999994,0.8523899999999994,0.8522399999999994,0.8522699999999994,1596
2026-08-14T17:30:00+00:00,0.8522699999999994,0.8522799999999994,0.8521499999999994,0.8522299999999994,1291
2026-08-14T17:45:00+00:00,0.8522299999999994,0.8522499999999994,0.8520499999999994,0.8521099999999994,1177
2026-08-14T18:00:00+00:00,0.8521099999999994,0.8521999999999994,0.8520999999999994,0.8521299999999994,1424
2026-08-14T18:15:00+00:00,0.8521299999999994,0.8521599999999994,0.8519699999999994,0.8520699999999994,1145
2026-08-14T18:30:00+00:00,0.8520699999999994,0.8520899999999993,0.8520199999999994,0.8520399999999994,802
2026-08-14T18:45:00+00:00,0.8520399999999994,0.8521399999999993,0.8520099999999994,0.8520999999999994,928
2026-08-14T19:00:00+00:00,0.8520999999999994,0.8521799999999994,0.8520699999999994,0.8521099999999994,1131
2026-08-14T19:15:00+00:00,0.8521099999999994,0.8521399999999993,0.8520499999999994,0.8520899999999993,1190
2026-08-14T19:30:00+00:00,0.8520899999999993,0.8521599999999994,0.8520499999999994,0.8520599999999994,1273
2026-08-14T19:45:00+00:00,0.8520599999999994,0.8522499999999994,0.8520399999999994,0.8522099999999994,1496
2026-08-14T20:00:00+00:00,0.8522099999999994,0.8522899999999994,0.8521699999999994,0.8522099999999994,928
2026-08-14T20:15:00+00:00,0.8522099999999994,0.8522099999999994,0.8521099999999994,0.8521799999999994,1277
2026-08-14T20:30:00+00:00,0.8521799999999994,0.8522899999999994,0.8521399999999993,0.8521599999999994,773
2026-08-14T20:45:00+00:00,0.8521599999999994,0.8523899999999994,0.8518799999999994,0.8520399999999994,4173.203641050427
2026-08-16T21:00:00+00:00,0.8520399999999994,0.8523799999999992,0.8520399999999994,0.8523499999999993,178.22192156366089
2026-08-16T21:15:00+00:00,0.8523499999999993,0.8525299999999992,0.8523399999999993,0.8525299999999992,455.09288881327507
2026-08-16T21:30:00+00:00,0.8525299999999992,0.8526899999999993,0.8524599999999992,0.8526099999999993,561
2026-08-16T21:45:00+00:00,0.8526099999999993,0.8529599999999993,0.8525599999999993,0.8528099999999993,443
2026-08-16T22:00:00+00:00,0.8528099999999993,0.8535199999999993,0.8528099999999993,0.8534299999999992,485
2026-08-16T22:15:00+00:00,0.8534299999999992,0.8534299999999992,0.8532699999999993,0.8533099999999992,478
2026-08-16T22:30:00+00:00,0.8533099999999992,0.8533399999999993,0.8532399999999992,0.8533099999999992,436
2026-08-16T22:45:00+00:00,0.8533099999999992,0.8533399999999993,0.8532399999999992,0.8532899999999992,340
2026-08-16T23:00:00+00:00,0.8532899999999992,0.8532999999999992,0.8531699999999992,0.8532399999999992,453
2026-08-16T23:15:00+00:00,0.8532399999999992,0.8533099999999991,0.8532099999999991,0.8532499999999992,348
2026-08-16T23:30:00+00:00,0.8532499999999992,0.8532899999999992,0.8531799999999992,0.8531899999999991,440
2026-08-16T23:45:00+00:00,0.8531899999999991,0.8532199999999992,0.8530199999999992,0.8530399999999991,431
2026-08-17T00:00:00+00:00,0.8530399999999991,0.8531699999999992,0.8529099999999992,0.8531199999999992,2113
2026-08-17T00:15:00+00:00,0.8531199999999992,0.8531399999999991,0.8530099999999992,0.8530599999999992,2187
2026-08-17T00:30:00+00:00,0.8530599999999992,0.8530799999999992,0.8529499999999992,0.8529999999999992,1906
2026-08-17T00:45:00+00:00,0.8529999999999992,0.8530399999999991,0.8529299999999992,0.8529499999999992,2712
2026-08-17T01:00:00+00:00,0.8529499999999992,0.8530699999999992,0.8529399999999991,0.8530499999999992,2746
2026-08-17T01:15:00+00:00,0.8530499999999992,0.8531899999999991,0.8530199999999992,0.8531699999999992,2239
2026-08-17T01:30:00+00:00,0.8531699999999992,0.8531999999999992,0.8530899999999991,0.8531899999999991,2332
2026-08-17T01:45:00+00:00,0.8531899999999991,0.8532199999999992,0.8531399999999991,0.8532099999999991,1688
2026-08-17T02:00:00+00:00,0.8532099999999991,0.8533199999999992,0.8531799999999992,0.8532599999999991,1715
2026-08-17T02:15:00+00:00,0.8532599999999991,0.8532899999999992,0.8532299999999992,0.8532599999999991,1343
2026-08-17T02:30:00+00:00,0.8532599999999991,0.8533499999999992,0.8531899999999991,0.8532999999999992,1710
2026-08-17T02:45:00+00:00,0.8532999999999992,0.8532999999999992,0.8532199999999992,0.8532799999999992,1106
2026-08-17T03:00:00+00:00,0.8532799999999992,0.8533299999999991,0.8532399999999992,0.8532399999999992,1469
2026-08-17T03:15:00+00:00,0.8532399999999992,0.8533299999999991,0.8532199999999992,0.8532999999999992,880
2026-08-17T03:30:00+00:00,0.8532999999999992,0.8533999999999992,0.8532899999999992,0.8533699999999992,848
2026-08-17T03:45:00+00:00,0.8533699999999992,0.8534299999999991,0.8533599999999991,0.8534099999999992,939
2026-08-17T04:00:00+00:00,0.8534099999999992,0.8534799999999991,0.8534099999999992,0.8534399999999992,1456
2026-08-17T04:15:00+00:00,0.8534399999999992,0.8534799999999991,0.8534299999999991,0.8534699999999992,1306
2026-08-17T04:30:00+00:00,0.8534699999999992,0.8534699999999992,0.8534199999999992,0.8534399999999992,1095
2026-08-17T04:45:00+00:00,0.8534399999999992,0.8535499999999991,0.8534199999999992,0.8535499999999991,784
2026-08-17T05:00:00+00:00,0.8535499999999991,0.8535699999999992,0.8534799999999991,0.8534899999999992,982
2026-08-17T05:15:00+00:00,0.8534899999999992,0.8535799999999991,0.8534799999999991,0.8535199999999992,1086
2026-08-17T05:30:00+00:00,0.8535199999999992,0.8535799999999991,0.8534399999999992,0.8535799999999991,1336
2026-08-17T05:45:00+00:00,0.8535799999999991,0.8536099999999992,0.8533799999999991,0.8535699999999992,1815
2026-08-17T06:00:00+00:00,0.8535699999999992,0.8536299999999992,0.8534399999999992,0.8535199999999992,1942
2026-08-17T06:15:00+00:00,0.8535199999999992,0.8538199999999991,0.8534999999999991,0.8538199999999991,1677
2026-08-17T06:30:00+00:00,0.8538199999999991,0.8539199999999991,0.8536699999999992,0.8538399999999992,1137
2026-08-17T06:45:00+00:00,0.8538399999999992,0.8539699999999991,0.8537799999999992,0.8538999999999992,2278
2026-08-17T07:00:00+00:00,0.8538999999999992,0.8540799999999992,0.8538199999999991,0.8540199999999992,1830
2026-08-17T07:15:00+00:00,0.8540199999999992,0.8543299999999991,0.8539699999999991,0.8542499999999992,1820
2026-08-17T07:30:00+00:00,0.8542499999999992,0.8544199999999992,0.8541699999999992,0.8542799999999992,2494
2026-08-17T07:45:00+00:00,0.8542799999999992,0.8545499999999991,0.8542799999999992,0.8544099999999991,1860
2026-08-17T08:00:00+00:00,0.8544099999999991,0.8545599999999992,0.8541799999999992,0.8542799999999992,1821
2026-08-17T08:15:00+00:00,0.8542799999999992,0.8545599999999992,0.8542199999999992,0.8544799999999991,1573
2026-08-17T08:30:00+00:00,0.8544799999999991,0.8545399999999992,0.8543399999999992,0.8544899999999992,1981
2026-08-17T08:45:00+00:00,0.8544899999999992,0.8546199999999992,0.8543799999999991,0.8544299999999991,2552
2026-08-17T09:00:00+00:00,0.8544299999999991,0.8545199999999992,0.8542199999999992,0.8542799999999992,1771
2026-08-17T09:15:00+00:00,0.8542799999999992,0.8544399999999992,0.8542699999999992,0.8543699999999992,1429
2026-08-17T09:30:00+00:00,0.8543699999999992,0.8543799999999991,0.8540299999999992,0.8540299999999992,1245
2026-08-17T09:45:00+00:00,0.8540299999999992,0.8541399999999991,0.8539099999999992,0.8539699999999991,1584
2026-08-17T10:00:00+00:00,0.8539699999999991,0.8539899999999991,0.8537299999999992,0.8537799999999992,1652
2026-08-17T10:15:00+00:00,0.8537799999999992,0.8538899999999991,0.8536699999999992,0.8537099999999992,1472
2026-08-17T10:30:00+00:00,0.8537099999999992,0.8537399999999992,0.8535099999999992,0.8535899999999992,1621
2026-08-17T10:45:00+00:00,0.8535899999999992,0.8537699999999991,0.8535499999999991,0.8536299999999992,1335
2026-08-17T11:00:00+00:00,0.8536299999999992,0.8537799999999992,0.8535899999999992,0.8536899999999992,1579
2026-08-17T11:15:00+00:00,0.8536899999999992,0.8537599999999992,0.8534199999999992,0.8534699999999992,1707
2026-08-17T11:30:00+00:00,0.8534699999999992,0.8537199999999991,0.8534699999999992,0.8536399999999992,1791
2026-08-17T11:45:00+00:00,0.8536399999999992,0.8538099999999992,0.8536399999999992,0.8537799999999992,1594
2026-08-17T12:00:00+00:00,0.8537799999999992,0.8538299999999992,0.8535499999999991,0.8535899999999992,1769
2026-08-17T12:15:00+00:00,0.8535899999999992,0.8537999999999991,0.8534999999999991,0.8536799999999992,2512
2026-08-17T12:30:00+00:00,0.8536799999999992,0.8538399999999992,0.8536199999999992,0.8537799999999992,2144
2026-08-17T12:45:00+00:00,0.8537799999999992,0.8540499999999992,0.8537599999999992,0.8538899999999991,2103
2026-08-17T13:00:00+00:00,0.8538899999999991,0.8539199999999991,0.8536799999999992,0.8537099999999992,2925
2026-08-17T13:15:00+00:00,0.8537099999999992,0.8537599999999992,0.8536099999999992,0.8537099999999992,2392
2026-08-17T13:30:00+00:00,0.8537099999999992,0.8537999999999991,0.8535699999999992,0.8537099999999992,2678
2026-08-17T13:45:00+00:00,0.8537099999999992,0.8539499999999992,0.8536199999999992,0.8537299999999992,2610
2026-08-17T14:00:00+00:00,0.8537299999999992,0.8537499999999991,0.8534499999999992,0.8535199999999992,2540
2026-08-17T14:15:00+00:00,0.8535199999999992,0.8536299999999992,0.8534099999999992,0.8535599999999992,2563
2026-08-17T14:30:00+00:00,0.8535599999999992,0.8536099999999992,0.8534099999999992,0.8535699999999992,1804
2026-08-17T14:45:00+00:00,0.8535699999999992,0.8537999999999991,0.8534799999999991,0.8535999999999991,2751
2026-08-17T15:00:00+00:00,0.8535999999999991,0.8536999999999991,0.8533299999999991,0.8534199999999992,2745
2026-08-17T15:15:00+00:00,0.8534199999999992,0.8534299999999991,0.8532099999999991,0.8532399999999992,1855
2026-08-17T15:30:00+00:00,0.8532399999999992,0.8532999999999992,0.8530999999999992,0.8532799999999992,1964
2026-08-17T15:45:00+00:00,0.8532799999999992,0.8533499999999992,0.8531999999999992,0.8532599999999991,1909
2026-08-17T16:00:00+00:00,0.8532599999999991,0.8532699999999992,0.8531499999999992,0.8532399999999992,1601
2026-08-17T16:15:00+00:00,0.8532399999999992,0.8532799999999992,0.8531399999999991,0.8532099999999991,1716
2026-08-17T16:30:00+00:00,0.8532099999999991,0.8533399999999992,0.8531299999999992,0.8533199999999992,1251
2026-08-17T16:45:00+00:00,0.8533199999999992,0.8533899999999992,0.8532399999999992,0.8533299999999991,1169
2026-08-17T17:00:00+00:00,0.8533299999999991,0.8533699999999992,0.8532399999999992,0.8532599999999991,1603
2026-08-17T17:15:00+00:00,0.8532599999999991,0.8533699999999992,0.8531999999999992,0.8533199999999992,1585
2026-08-17T17:30:00+00:00,0.8533199999999992,0.8534999999999991,0.8532399999999992,0.8533899999999992,2378
2026-08-17T17:45:00+00:00,0.8533899999999992,0.8534499999999992,0.8533599999999991,0.8534199999999992,1663
2026-08-17T18:00:00+00:00,0.8534199999999992,0.8534899999999992,0.8533699999999992,0.8534599999999992,1588
2026-08-17T18:15:00+00:00,0.8534599999999992,0.8535299999999991,0.8533999999999992,0.8534899999999992,1306
2026-08-17T18:30:00+00:00,0.8534899999999992,0.8534899999999992,0.8533999999999992,0.8534599999999992,1721
2026-08-17T18:45:00+00:00,0.8534599999999992,0.8535499999999991,0.8534599999999992,0.8534899999999992,1306
2026-08-17T19:00:00+00:00,0.8534899999999992,0.8536399999999992,0.8534499999999992,0.8536199999999992,1484
2026-08-17T19:15:00+00:00,0.8536199999999992,0.8536699999999992,0.8535899999999992,0.8536399999999992,1188
2026-08-17T19:30:00+00:00,0.8536399999999992,0.8536599999999992,0.8535899999999992,0.8536399999999992,1236
2026-08-17T19:45:00+00:00,0.8536399999999992,0.8536799999999992,0.8535599999999992,0.8535999999999991,977
2026-08-17T20:00:00+00:00,0.8535999999999991,0.8536499999999991,0.8535699999999992,0.8536499999999991,600
2026-08-17T20:15:00+00:00,0.8536499999999991,0.8536499999999991,0.8534599999999992,0.8534799999999991,398
2026-08-17T20:30:00+00:00,0.8534799999999991,0.8536099999999992,0.8534699999999992,0.8535999999999991,604
2026-08-17T20:45:00+00:00,0.8535999999999991,0.8537499999999991,0.8535499999999991,0.8535899999999992,1443
2026-08-17T21:00:00+00:00,0.8535899999999992,0.8535899999999992,0.8529799999999992,0.8531599999999991,325
2026-08-17T21:15:00+00:00,0.8531599999999991,0.8534199999999992,0.8531499999999992,0.8533599999999991,1290
2026-08-17T21:30:00+00:00,0.8533599999999991,0.8535099999999992,0.8533599999999991,0.8533999999999992,404
2026-08-17T21:45:00+00:00,0.8533999999999992,0.8535299999999991,0.8533699999999992,0.8534399999999992,1282
2026-08-17T22:00:00+00:00,0.8534399999999992,0.8536599999999992,0.8534399999999992,0.8535799999999991,450
2026-08-17T22:15:00+00:00,0.8535799999999991,0.8536099999999992,0.8534999999999991,0.8535899999999992,226
2026-08-17T22:30:00+00:00,0.8535899999999992,0.8536299999999992,0.8535299999999991,0.8535399999999992,222
2026-08-17T22:45:00+00:00,0.8535399999999992,0.8535899999999992,0.8535299999999991,0.8535299999999991,191
2026-08-17T23:00:00+00:00,0.8535299999999991,0.8535499999999991,0.8534899999999992,0.8535199999999992,298
2026-08-17T23:15:00+00:00,0.8535199999999992,0.8535299999999991,0.8534699999999992,0.8534799999999991,278
2026-08-17T23:30:00+00:00,0.8534799999999991,0.8535099999999992,0.8533699999999992,0.8533799999999991,365
2026-08-17T23:45:00+00:00,0.8533799999999991,0.8534799999999991,0.8533799999999991,0.8534399999999992,415
2026-08-18T00:00:00+00:00,0.8534399999999992,0.8534699999999992,0.8533499999999992,0.8533799999999991,1729
2026-08-18T00:15:00+00:00,0.8533799999999991,0.8534099999999992,0.8533399999999992,0.8533899999999992,1048
2026-08-18T00:30:00+00:00,0.8533899999999992,0.8534499999999992,0.8533699999999992,0.8534099999999992,1186
2026-08-18T00:45:00+00:00,0.8534099999999992,0.8534699999999992,0.8534099999999992,0.8534399999999992,1231
2026-08-18T01:00:00+00:00,0.8534399999999992,0.8535299999999991,0.8534199999999992,0.8534799999999991,1518
2026-08-18T01:15:00+00:00,0.8534799999999991,0.8535199999999992,0.8534399999999992,0.8534899999999992,1323
2026-08-18T01:30:00+00:00,0.8534899999999992,0.8535199999999992,0.8534099999999992,0.8534499999999992,1104
2026-08-18T01:45:00+00:00,0.8534499999999992,0.8534899999999992,0.8533999999999992,0.8534799999999991,1284
2026-08-18T02:00:00+00:00,0.8534799999999991,0.8534999999999991,0.8533899999999992,0.8534399999999992,1278
2026-08-18T02:15:00+00:00,0.8534399999999992,0.8535699999999992,0.8533999999999992,0.8535299999999991,1181
2026-08-18T02:30:00+00:00,0.8535299999999991,0.8535799999999991,0.8534899999999992,0.8535099999999992,1174
2026-08-18T02:45:00+00:00,0.8535099999999992,0.8535599999999992,0.8534799999999991,0.8535399999999992,861
2026-08-18T03:00:00+00:00,0.8535399999999992,0.8536399999999992,0.8535099999999992,0.8535899999999992,902
2026-08-18T03:15:00+00:00,0.8535899999999992,0.8537199999999991,0.8535799999999991,0.8537099999999992,930
2026-08-18T03:30:00+00:00,0.8537099999999992,0.8537199999999991,0.8535799999999991,0.8536099999999992,969
2026-08-18T03:45:00+00:00,0.8536099999999992,0.8537099999999992,0.8535799999999991,0.8536899999999992,849
2026-08-18T04:00:00+00:00,0.8536899999999992,0.8537499999999991,0.8536799999999992,0.8537199999999991,883
2026-08-18T04:15:00+00:00,0.8537199999999991,0.8537599999999992,0.8534899999999992,0.8535699999999992,1052
2026-08-18T04:30:00+00:00,0.8535699999999992,0.8536299999999992,0.8535499999999991,0.8536099999999992,869
2026-08-18T04:45:00+00:00,0.8536099999999992,0.8536499999999991,0.8535599999999992,0.8535599999999992,734
2026-08-18T05:00:00+00:00,0.8535599999999992,0.8535999999999991,0.8535099999999992,0.8535399999999992,1036
2026-08-18T05:15:00+00:00,0.8535399999999992,0.8535599999999992,0.8534399999999992,0.8534799999999991,1070
2026-08-18T05:30:00+00:00,0.8534799999999991,0.8535399999999992,0.8534399999999992,0.8535199999999992,935
2026-08-18T05:45:00+00:00,0.8535199999999992,0.8536399999999992,0.8534999999999991,0.8536099999999992,1109
2026-08-18T06:00:00+00:00,0.8536099999999992,0.8541299999999992,0.8532799999999992,0.8539099999999992,2458
2026-08-18T06:15:00+00:00,0.8539099999999992,0.8540199999999992,0.8537699999999991,0.8538099999999992,1554
2026-08-18T06:30:00+00:00,0.8538099999999992,0.8539699999999991,0.8537699999999991,0.8539499999999992,1696
2026-08-18T06:45:00+00:00,0.8539499999999992,0.8542699999999992,0.8538999999999992,0.8541299999999992,1666
2026-08-18T07:00:00+00:00,0.8541299999999992,0.8544599999999992,0.8541199999999992,0.8543799999999991,1958
2026-08-18T07:15:00+00:00,0.8543799999999991,0.8544599999999992,0.8542699999999992,0.8544499999999992,1465
2026-08-18T07:30:00+00:00,0.8544499999999992,0.8544599999999992,0.8541999999999992,0.8542599999999991,1362
2026-08-18T07:45:00+00:00,0.8542599999999991,0.8543999999999992,0.8541499999999992,0.8541599999999991,1471
2026-08-18T08:00:00+00:00,0.8541599999999991,0.8542599999999991,0.8540999999999992,0.8542099999999991,1625
2026-08-18T08:15:00+00:00,0.8542099999999991,0.8542199999999992,0.8540099999999992,0.8540199999999992,1654
2026-08-18T08:30:00+00:00,0.8540199999999992,0.8542099999999991,0.8539699999999991,0.8541799999999992,1435
2026-08-18T08:45:00+00:00,0.8541799999999992,0.8542599999999991,0.8540899999999991,0.8541199999999992,1225
2026-08-18T09:00:00+00:00,0.8541199999999992,0.8542099999999991,0.8540799999999992,0.8541799999999992,1223
2026-08-18T09:15:00+00:00,0.8541799999999992,0.8542499999999992,0.8541599999999991,0.8542099999999991,1269
2026-08-18T09:30:00+00:00,0.8542099999999991,0.8543199999999992,0.8541399999999991,0.8542499999999992,1373
2026-08-18T09:45:00+00:00,0.8542499999999992,0.8543599999999991,0.8541699999999992,0.8543399999999992,1479
2026-08-18T10:00:00+00:00,0.8543399999999992,0.8544499999999992,0.8542999999999992,0.8543999999999992,1320
2026-08-18T10:15:00+00:00,0.8543999999999992,0.8544799999999991,0.8543299999999991,0.8543599999999991,1279
2026-08-18T10:30:00+00:00,0.8543599999999991,0.8543699999999992,0.8542299999999992,0.8543599999999991,1085
2026-08-18T10:45:00+00:00,0.8543599999999991,0.8545799999999991,0.8542299999999992,0.8544999999999991,1794
2026-08-18T11:00:00+00:00,0.8544999999999991,0.8546299999999992,0.8544199999999992,0.8544799999999991,1258
2026-08-18T11:15:00+00:00,0.8544799999999991,0.8546499999999991,0.8544799999999991,0.8546199999999992,1140
2026-08-18T11:30:00+00:00,0.8546199999999992,0.8546499999999991,0.8545099999999992,0.8546399999999992,1452
2026-08-18T11:45:00+00:00,0.8546399999999992,0.8546399999999992,0.8543899999999992,0.8544599999999992,1337
2026-08-18T12:00:00+00:00,0.8544599999999992,0.8545899999999992,0.8543499999999992,0.8544799999999991,1675
2026-08-18T12:15:00+00:00,0.8544799999999991,0.8544899999999992,0.8542499999999992,0.8542599999999991,1813
2026-08-18T12:30:00+00:00,0.8542599999999991,0.8543499999999992,0.8541899999999991,0.8542199999999992,1641
2026-08-18T12:45:00+00:00,0.8542199999999992,0.8542399999999992,0.8540299999999992,0.8540399999999991,1365
2026-08-18T13:00:00+00:00,0.8540399999999991,0.8540399999999991,0.8539099999999992,0.8539899999999991,1886
2026-08-18T13:15:00+00:00,0.8539899999999991,0.8540399999999991,0.8538799999999992,0.8539399999999991,1606
2026-08-18T13:30:00+00:00,0.8539399999999991,0.8540699999999992,0.8538699999999991,0.8539899999999991,2720
2026-08-18T13:45:00+00:00,0.8539899999999991,0.8542699999999992,0.8538699999999991,0.8538899999999991,2263
2026-08-18T14:00:00+00:00,0.8538899999999991,0.8541799999999992,0.8537999999999991,0.8540199999999992,2638
2026-08-18T14:15:00+00:00,0.8540199999999992,0.8541599999999991,0.8539299999999992,0.8540399999999991,2413
2026-08-18T14:30:00+00:00,0.8540399999999991,0.8541099999999991,0.8538299999999992,0.8538499999999992,2117
2026-08-18T14:45:00+00:00,0.8538499999999992,0.8539899999999991,0.8537599999999992,0.8537999999999991,3456
2026-08-18T15:00:00+00:00,0.8537999999999991,0.8539699999999991,0.8537799999999992,0.8538999999999992,3321
2026-08-18T15:15:00+00:00,0.8538999999999992,0.8539499999999992,0.8537399999999992,0.8537899999999992,2321
2026-08-18T15:30:00+00:00,0.8537899999999992,0.8539599999999992,0.8537699999999991,0.8539299999999992,2011
2026-08-18T15:45:00+00:00,0.8539299999999992,0.8539399999999991,0.8536399999999992,0.8536699999999992,1629
2026-08-18T16:00:00+00:00,0.8536699999999992,0.8539799999999992,0.8536699999999992,0.8538999999999992,1520
2026-08-18T16:15:00+00:00,0.8538999999999992,0.8540199999999992,0.8537999999999991,0.8538399999999992,1694
2026-08-18T16:30:00+00:00,0.8538399999999992,0.8538499999999992,0.8536699999999992,0.8537799999999992,1445
2026-08-18T16:45:00+00:00,0.8537799999999992,0.8538799999999992,0.8537399999999992,0.8538299999999992,1268
2026-08-18T17:00:00+00:00,0.8538299999999992,0.8539899999999991,0.8538099999999992,0.8539699999999991,1695
2026-08-18T17:15:00+00:00,0.8539699999999991,0.8539699999999991,0.8538599999999992,0.8539499999999992,1303
2026-08-18T17:30:00+00:00,0.8539499999999992,0.8540099999999992,0.8538999999999992,0.8539699999999991,1336
2026-08-18T17:45:00+00:00,0.8539699999999991,0.8540199999999992,0.8539199999999991,0.8539699999999991,1235
2026-08-18T18:00:00+00:00,0.8539699999999991,0.8540499999999992,0.8539599999999992,0.8540399999999991,1046
2026-08-18T18:15:00+00:00,0.8540399999999991,0.8540499999999992,0.8538499999999992,0.8538699999999991,1350
2026-08-18T18:30:00+00:00,0.8538699999999991,0.8539399999999991,0.8538599999999992,0.8539099999999992,892
2026-08-18T18:45:00+00:00,0.8539099999999992,0.8540299999999992,0.8538599999999992,0.8539599999999992,1041
2026-08-18T19:00:00+00:00,0.8539599999999992,0.8539999999999992,0.8539299999999992,0.8539299999999992,1519
2026-08-18T19:15:00+00:00,0.8539299999999992,0.8539799999999992,0.8539099999999992,0.8539499999999992,1226
2026-08-18T19:30:00+00:00,0.8539499999999992,0.8540399999999991,0.8539399999999991,0.8540099999999992,1230
2026-08-18T19:45:00+00:00,0.8540099999999992,0.8540399999999991,0.8539299999999992,0.8539799999999992,1499
2026-08-18T20:00:00+00:00,0.8539799999999992,0.8540099999999992,0.8539199999999991,0.8539699999999991,984
2026-08-18T20:15:00+00:00,0.8539699999999991,0.8540999999999992,0.8539599999999992,0.8540399999999991,734
2026-08-18T20:30:00+00:00,0.8540399999999991,0.8540599999999992,0.8539599999999992,0.8539799999999992,783
2026-08-18T20:45:00+00:00,0.8539799999999992,0.8541399999999991,0.8539299999999992,0.8539799999999992,1683
2026-08-18T21:00:00+00:00,0.8539799999999992,0.8540199999999991,0.8532499999999992,0.8538199999999991,311.5419587816187
2026-08-18T21:15:00+00:00,0.8538199999999991,0.8539999999999992,0.8537899999999992,0.8539199999999991,230
2026-08-18T21:30:00+00:00,0.8539199999999991,0.8540399999999991,0.8538499999999991,0.8538899999999991,475
2026-08-18T21:45:00+00:00,0.8538899999999991,0.8540299999999992,0.8536699999999992,0.8537199999999991,3803
2026-08-18T22:00:00+00:00,0.8537199999999991,0.8541199999999991,0.8537199999999991,0.8540299999999992,817
2026-08-18T22:15:00+00:00,0.8540299999999992,0.8540999999999992,0.8540199999999991,0.8540599999999992,275
2026-08-18T22:30:00+00:00,0.8540599999999992,0.8540899999999991,0.8540099999999992,0.8540399999999991,295
2026-08-18T22:45:00+00:00,0.8540399999999991,0.8540599999999992,0.8539799999999992,0.8540299999999992,223
2026-08-18T23:00:00+00:00,0.8540299999999992,0.8540399999999991,0.8539299999999992,0.8539399999999991,349
2026-08-18T23:15:00+00:00,0.8539399999999991,0.8539899999999991,0.8539099999999992,0.8539699999999991,250
2026-08-18T23:30:00+00:00,0.8539699999999991,0.8539699999999991,0.8538599999999992,0.8538999999999991,435
2026-08-18T23:45:00+00:00,0.8538999999999991,0.8539099999999992,0.8538099999999992,0.8538299999999992,484
2026-08-19T00:00:00+00:00,0.8538299999999992,0.8539299999999992,0.8537499999999991,0.8538799999999992,1538
2026-08-19T00:15:00+00:00,0.8538799999999992,0.8540199999999991,0.8538799999999992,0.8539299999999992,1088
2026-08-19T00:30:00+00:00,0.8539299999999992,0.8539699999999991,0.8538799999999992,0.8538799999999992,1125
2026-08-19T00:45:00+00:00,0.8538799999999992,0.8541799999999992,0.8538799999999992,0.8541399999999991,1430
2026-08-19T01:00:00+00:00,0.8541399999999991,0.8541899999999991,0.8540299999999992,0.8541699999999991,1654
2026-08-19T01:15:00+00:00,0.8541699999999991,0.8542699999999992,0.8541599999999991,0.8541799999999992,1377
2026-08-19T01:30:00+00:00,0.8541799999999992,0.8543999999999992,0.8541699999999991,0.8543499999999992,1358
2026-08-19T01:45:00+00:00,0.8543499999999992,0.8543599999999991,0.8542399999999991,0.8542699999999992,1225
2026-08-19T02:00:00+00:00,0.8542699999999992,0.8542899999999991,0.8541699999999991,0.8541799999999992,1111
2026-08-19T02:15:00+00:00,0.8541799999999992,0.8543199999999992,0.8541599999999991,0.8542699999999992,1754
2026-08-19T02:30:00+00:00,0.8542699999999992,0.8542799999999992,0.8541199999999991,0.8541799999999992,1339
2026-08-19T02:45:00+00:00,0.8541799999999992,0.8542499999999992,0.8540399999999991,0.8540799999999992,1543
2026-08-19T03:00:00+00:00,0.8540799999999992,0.8542799999999992,0.8540799999999992,0.8542599999999991,1335
2026-08-19T03:15:00+00:00,0.8542599999999991,0.8542699999999992,0.8540999999999992,0.8541399999999991,988
2026-08-19T03:30:00+00:00,0.8541399999999991,0.8541899999999991,0.8541099999999991,0.8541499999999992,897
2026-08-19T03:45:00+00:00,0.8541499999999992,0.8541899999999991,0.8541099999999991,0.8541499999999992,857
2026-08-19T04:00:00+00:00,0.8541499999999992,0.8541999999999992,0.8541299999999992,0.8541499999999992,733
2026-08-19T04:15:00+00:00,0.8541499999999992,0.8542299999999992,0.8541399999999991,0.8542099999999991,772
2026-08-19T04:30:00+00:00,0.8542099999999991,0.8542999999999992,0.8541999999999992,0.8542199999999992,1014
2026-08-19T04:45:00+00:00,0.8542199999999992,0.8542399999999991,0.8541699999999991,0.8541899999999991,643
2026-08-19T05:00:00+00:00,0.8541899999999991,0.8542599999999991,0.8541799999999992,0.8542399999999991,722
2026-08-19T05:15:00+00:00,0.8542399999999991,0.8543099999999991,0.8542299999999992,0.8542499999999992,896
2026-08-19T05:30:00+00:00,0.8542499999999992,0.8542799999999992,0.8541799999999992,0.8541999999999992,979
2026-08-19T05:45:00+00:00,0.8541999999999992,0.8543099999999991,0.8541699999999991,0.8541999999999992,1212
2026-08-19T06:00:00+00:00,0.8541999999999992,0.8544499999999992,0.8539499999999991,0.8543599999999991,2130
2026-08-19T06:15:00+00:00,0.8543599999999991,0.8543899999999991,0.8540699999999991,0.8543099999999991,2147
2026-08-19T06:30:00+00:00,0.8543099999999991,0.8544099999999991,0.8542599999999991,0.8543099999999991,1428
2026-08-19T06:45:00+00:00,0.8543099999999991,0.8544199999999992,0.8542199999999992,0.8542699999999992,1184
2026-08-19T07:00:00+00:00,0.8542699999999992,0.8543499999999992,0.8540699999999991,0.8543499999999992,1904
2026-08-19T07:15:00+00:00,0.8543499999999992,0.8544899999999992,0.8542099999999991,0.8543499999999992,1425
2026-08-19T07:30:00+00:00,0.8543499999999992,0.8544199999999992,0.8541299999999992,0.8541899999999991,1552
2026-08-19T07:45:00+00:00,0.8541899999999991,0.8542099999999991,0.854059999999999,0.8540799999999991,1314
2026-08-19T08:00:00+00:00,0.8540799999999991,0.854279999999999,0.8540299999999991,0.8541699999999991,1759
2026-08-19T08:15:00+00:00,0.8541699999999991,0.8541999999999991,0.8540499999999991,0.8541899999999991,1653
2026-08-19T08:30:00+00:00,0.8541899999999991,0.854309999999999,0.854159999999999,0.854179999999999,1462
2026-08-19T08:45:00+00:00,0.854179999999999,0.8543699999999991,0.8540499999999991,0.854329999999999,1750
2026-08-19T09:00:00+00:00,0.854329999999999,0.854529999999999,0.8542999999999991,0.8544399999999991,1636
2026-08-19T09:15:00+00:00,0.8544399999999991,0.854749999999999,0.8544199999999991,0.854669999999999,1250
2026-08-19T09:30:00+00:00,0.854669999999999,0.854869999999999,0.854649999999999,0.8548099999999991,1217
2026-08-19T09:45:00+00:00,0.8548099999999991,0.8548299999999991,0.854599999999999,0.8546599999999991,1443
2026-08-19T10:00:00+00:00,0.8546599999999991,0.854819999999999,0.854649999999999,0.8546599999999991,1078
2026-08-19T10:15:00+00:00,0.8546599999999991,0.8547599999999991,0.854599999999999,0.8546899999999991,1368
2026-08-19T10:30:00+00:00,0.8546899999999991,0.854719999999999,0.8546099999999991,0.8546899999999991,1039
2026-08-19T10:45:00+00:00,0.8546899999999991,0.8548499999999991,0.8546099999999991,0.8547799999999991,1187
2026-08-19T11:00:00+00:00,0.8547799999999991,0.8548299999999991,0.8546399999999991,0.8547599999999991,1506
2026-08-19T11:15:00+00:00,0.8547599999999991,0.8548299999999991,0.8546799999999991,0.8547999999999991,1626
2026-08-19T11:30:00+00:00,0.8547999999999991,0.8548599999999991,0.8547299999999991,0.8547599999999991,1674
2026-08-19T11:45:00+00:00,0.8547599999999991,0.854819999999999,0.854699999999999,0.854719999999999,1601
2026-08-19T12:00:00+00:00,0.854719999999999,0.8547399999999991,0.8545599999999991,0.854619999999999,1578
2026-08-19T12:15:00+00:00,0.854619999999999,0.8546399999999991,0.854479999999999,0.8545099999999991,1797
2026-08-19T12:30:00+00:00,0.8545099999999991,0.854769999999999,0.854209999999999,0.854359999999999,5505
2026-08-19T12:45:00+00:00,0.854359999999999,0.854599999999999,0.8541199999999991,0.854479999999999,4242
2026-08-19T13:00:00+00:00,0.854479999999999,0.8546299999999991,0.854139999999999,0.854179999999999,3956
2026-08-19T13:15:00+00:00,0.854179999999999,0.854209999999999,0.853719999999999,0.8540299999999991,3893
2026-08-19T13:30:00+00:00,0.8540299999999991,0.854449999999999,0.8540199999999991,0.854449999999999,4653
2026-08-19T13:45:00+00:00,0.854449999999999,0.8547099999999991,0.8543399999999991,0.8545899999999991,3845
2026-08-19T14:00:00+00:00,0.8545899999999991,0.855039999999999,0.8545399999999991,0.855009999999999,3680
2026-08-19T14:15:00+00:00,0.855009999999999,0.855359999999999,0.854919999999999,0.855349999999999,3135
2026-08-19T14:30:00+00:00,0.855349999999999,0.8556299999999991,0.8552499999999991,0.8555899999999991,3181
2026-08-19T14:45:00+00:00,0.8555899999999991,0.8557999999999991,0.855499999999999,0.8556599999999991,4032
2026-08-19T15:00:00+00:00,0.8556599999999991,0.855769999999999,0.855359999999999,0.8554099999999991,2976
2026-08-19T15:15:00+00:00,0.8554099999999991,0.8557399999999991,0.8553699999999991,0.8555099999999991,2558
2026-08-19T15:30:00+00:00,0.8555099999999991,0.855919999999999,0.855399999999999,0.8558799999999991,2138
2026-08-19T15:45:00+00:00,0.8558799999999991,0.8559999999999991,0.8557299999999991,0.855839999999999,1973
2026-08-19T16:00:00+00:00,0.855839999999999,0.856109999999999,0.8558299999999991,0.8560799999999991,2037
2026-08-19T16:15:00+00:00,0.8560799999999991,0.856109999999999,0.855919999999999,0.856009999999999,2144
2026-08-19T16:30:00+00:00,0.856009999999999,0.856089999999999,0.855959999999999,0.8560199999999991,1716
2026-08-19T16:45:00+00:00,0.8560199999999991,0.856059999999999,0.8558299999999991,0.855939999999999,1898
2026-08-19T17:00:00+00:00,0.855939999999999,0.856159999999999,0.855839999999999,0.8561199999999991,2465
2026-08-19T17:15:00+00:00,0.8561199999999991,0.856399999999999,0.8561199999999991,0.8563699999999991,1636
2026-08-19T17:30:00+00:00,0.8563699999999991,0.8564699999999991,0.8562899999999991,0.856399999999999,1493
2026-08-19T17:45:00+00:00,0.856399999999999,0.856549999999999,0.856259999999999,0.856429999999999,1495
2026-08-19T18:00:00+00:00,0.856429999999999,0.8566599999999991,0.856379999999999,0.856649999999999,2535
2026-08-19T18:15:00+00:00,0.856649999999999,0.856649999999999,0.8564899999999991,0.856579999999999,1915
2026-08-19T18:30:00+00:00,0.856579999999999,0.856669999999999,0.8564699999999991,0.856499999999999,2238
2026-08-19T18:45:00+00:00,0.856499999999999,0.856549999999999,0.856309999999999,0.8564899999999991,1680
2026-08-19T19:00:00+00:00,0.8564899999999991,0.856599999999999,0.8564399999999991,0.8565399999999991,2198
2026-08-19T19:15:00+00:00,0.8565399999999991,0.8566099999999991,0.8565199999999991,0.856579999999999,1744
2026-08-19T19:30:00+00:00,0.856579999999999,0.8566899999999991,0.856499999999999,0.8565199999999991,2179
2026-08-19T19:45:00+00:00,0.8565199999999991,0.856749999999999,0.8564599999999991,0.8567299999999991,1953
2026-08-19T20:00:00+00:00,0.8567299999999991,0.8568799999999991,0.856619999999999,0.8568599999999991,1027
2026-08-19T20:15:00+00:00,0.8568599999999991,0.857059999999999,0.8568499999999991,0.856919999999999,640
2026-08-19T20:30:00+00:00,0.856919999999999,0.857039999999999,0.8568599999999991,0.8569099999999991,732
2026-08-19T20:45:00+00:00,0.8569099999999991,0.856939999999999,0.856719999999999,0.8567399999999991,757
2026-08-19T21:00:00+00:00,0.8567399999999991,0.8567399999999991,0.856359999999999,0.8564699999999991,66.49983354817239
2026-08-19T21:15:00+00:00,0.8564699999999991,0.856649999999999,0.8562899999999991,0.8563899999999991,1900
2026-08-19T21:30:00+00:00,0.8563899999999991,0.8565899999999991,0.8563899999999991,0.8564899999999991,1200
2026-08-19T21:45:00+00:00,0.8564899999999991,0.8568799999999991,0.8564599999999991,0.856529999999999,680
2026-08-19T22:00:00+00:00,0.856529999999999,0.856939999999999,0.856529999999999,0.856869999999999,543
2026-08-19T22:15:00+00:00,0.856869999999999,0.856869999999999,0.856749999999999,0.8567999999999991,313
2026-08-19T22:30:00+00:00,0.8567999999999991,0.856839999999999,0.856749999999999,0.856839999999999,298
2026-08-19T22:45:00+00:00,0.856839999999999,0.856869999999999,0.8567399999999991,0.8568499999999991,505
2026-08-19T23:00:00+00:00,0.8568499999999991,0.856889999999999,0.8567999999999991,0.8568799999999991,589
2026-08-19T23:15:00+00:00,0.8568799999999991,0.8569099999999991,0.8568099999999991,0.856889999999999,417
2026-08-19T23:30:00+00:00,0.856889999999999,0.8569799999999991,0.856889999999999,0.8569299999999991,392
2026-08-19T23:45:00+00:00,0.8569299999999991,0.857009999999999,0.8568799999999991,0.857009999999999,436
2026-08-20T00:00:00+00:00,0.857009999999999,0.857089999999999,0.856919999999999,0.857039999999999,1887
2026-08-20T00:15:00+00:00,0.857039999999999,0.857059999999999,0.8569599999999991,0.857009999999999,1766
2026-08-20T00:30:00+00:00,0.857009999999999,0.857039999999999,0.8569099999999991,0.857009999999999,1570
2026-08-20T00:45:00+00:00,0.857009999999999,0.857089999999999,0.8569599999999991,0.857039999999999,1770
2026-08-20T01:00:00+00:00,0.857039999999999,0.857089999999999,0.856989999999999,0.857009999999999,2137
2026-08-20T01:15:00+00:00,0.857009999999999,0.8570799999999991,0.856939999999999,0.8570199999999991,1970
2026-08-20T01:30:00+00:00,0.8570199999999991,0.8571199999999991,0.856939999999999,0.8569499999999991,2312
2026-08-20T01:45:00+00:00,0.8569499999999991,0.856969999999999,0.8566599999999991,0.8566899999999991,1756
2026-08-20T02:00:00+00:00,0.8566899999999991,0.856789999999999,0.8566299999999991,0.8567099999999991,2226
2026-08-20T02:15:00+00:00,0.8567099999999991,0.856839999999999,0.8566599999999991,0.856789999999999,1684
2026-08-20T02:30:00+00:00,0.856789999999999,0.8568499999999991,0.856769999999999,0.8568499999999991,1532
2026-08-20T02:45:00+00:00,0.8568499999999991,0.8568499999999991,0.8567099999999991,0.856749999999999,1221
2026-08-20T03:00:00+00:00,0.856749999999999,0.856749999999999,0.8566299999999991,0.856649999999999,1285
2026-08-20T03:15:00+00:00,0.856649999999999,0.8566899999999991,0.856479999999999,0.8565399999999991,1378
2026-08-20T03:30:00+00:00,0.8565399999999991,0.856569999999999,0.856449999999999,0.8564899999999991,1099
2026-08-20T03:45:00+00:00,0.8564899999999991,0.8565199999999991,0.856449999999999,0.856499999999999,831
2026-08-20T04:00:00+00:00,0.856499999999999,0.856549999999999,0.856399999999999,0.8564099999999991,878
2026-08-20T04:15:00+00:00,0.8564099999999991,0.8564699999999991,0.8563899999999991,0.8564199999999991,965
2026-08-20T04:30:00+00:00,0.8564199999999991,0.856479999999999,0.856399999999999,0.8564599999999991,1055
2026-08-20T04:45:00+00:00,0.8564599999999991,0.8565599999999991,0.8564399999999991,0.856449999999999,1214
2026-08-20T05:00:00+00:00,0.856449999999999,0.856499999999999,0.8564199999999991,0.8564699999999991,1251
2026-08-20T05:15:00+00:00,0.8564699999999991,0.856549999999999,0.8564599999999991,0.8565199999999991,1079
2026-08-20T05:30:00+00:00,0.8565199999999991,0.856649999999999,0.8565099999999991,0.8566299999999991,1691
2026-08-20T05:45:00+00:00,0.8566299999999991,0.8568599999999991,0.856599999999999,0.8568499999999991,1652
2026-08-20T06:00:00+00:00,0.8568499999999991,0.856919999999999,0.8566599999999991,0.856719999999999,2166
2026-08-20T06:15:00+00:00,0.856719999999999,0.856869999999999,0.8566599999999991,0.8567599999999991,1922
2026-08-20T06:30:00+00:00,0.8567599999999991,0.8569499999999991,0.8567299999999991,0.856869999999999,1568
2026-08-20T06:45:00+00:00,0.856869999999999,0.8570499999999991,0.856839999999999,0.8569599999999991,2323
2026-08-20T07:00:00+00:00,0.8569599999999991,0.857059999999999,0.856719999999999,0.8567599999999991,2206
2026-08-20T07:15:00+00:00,0.8567599999999991,0.8567999999999991,0.8565599999999991,0.856569999999999,1758
2026-08-20T07:30:00+00:00,0.856569999999999,0.8566899999999991,0.856329999999999,0.8564599999999991,2602
2026-08-20T07:45:00+00:00,0.8564599999999991,0.8568099999999991,0.856379999999999,0.8567999999999991,2310
2026-08-20T08:00:00+00:00,0.8567999999999991,0.8568299999999991,0.8565599999999991,0.856599999999999,2144
2026-08-20T08:15:00+00:00,0.856599999999999,0.856599999999999,0.856089999999999,0.8561499999999991,1898
2026-08-20T08:30:00+00:00,0.8561499999999991,0.8566599999999991,0.8561299999999991,0.8566599999999991,2140
2026-08-20T08:45:00+00:00,0.8566599999999991,0.8566799999999991,0.856449999999999,0.8565599999999991,1804
2026-08-20T09:00:00+00:00,0.8565599999999991,0.8567399999999991,0.8565099999999991,0.856669999999999,1680
2026-08-20T09:15:00+00:00,0.856669999999999,0.8567999999999991,0.8565599999999991,0.8565899999999991,2191
2026-08-20T09:30:00+00:00,0.8565899999999991,0.856619999999999,0.856379999999999,0.856399999999999,1731
2026-08-20T09:45:00+00:00,0.856399999999999,0.856569999999999,0.856279999999999,0.8564099999999991,1581
2026-08-20T10:00:00+00:00,0.8564099999999991,0.856549999999999,0.8559099999999991,0.8560999999999991,2201
2026-08-20T10:15:00+00:00,0.8560999999999991,0.856179999999999,0.855889999999999,0.856009999999999,1779
2026-08-20T10:30:00+00:00,0.856009999999999,0.8561299999999991,0.855889999999999,0.8560699999999991,1854
2026-08-20T10:45:00+00:00,0.8560699999999991,0.8560999999999991,0.855839999999999,0.8558799999999991,2091
2026-08-20T11:00:00+00:00,0.8558799999999991,0.8562499999999991,0.8558099999999991,0.8560499999999991,2277
2026-08-20T11:15:00+00:00,0.8560499999999991,0.8561699999999991,0.855959999999999,0.8560199999999991,2123
2026-08-20T11:30:00+00:00,0.8560199999999991,0.8560699999999991,0.8558599999999991,0.855959999999999,2617
2026-08-20T11:45:00+00:00,0.855959999999999,0.8559799999999991,0.855599999999999,0.8557599999999991,2902
2026-08-20T12:00:00+00:00,0.8557599999999991,0.8560499999999991,0.855619999999999,0.8556399999999991,3349
2026-08-20T12:15:00+00:00,0.8556399999999991,0.8557599999999991,0.8554699999999991,0.855649999999999,2569
2026-08-20T12:30:00+00:00,0.855649999999999,0.855869999999999,0.8553899999999991,0.8556399999999991,3192
2026-08-20T12:45:00+00:00,0.8556399999999991,0.855699999999999,0.8552899999999991,0.8554099999999991,3081
2026-08-20T13:00:00+00:00,0.8554099999999991,0.855449999999999,0.855109999999999,0.8552499999999991,3174
2026-08-20T13:15:00+00:00,0.8552499999999991,0.855379999999999,0.8550699999999991,0.855279999999999,2746
2026-08-20T13:30:00+00:00,0.855279999999999,0.855429999999999,0.855139999999999,0.8551899999999991,3285
2026-08-20T13:45:00+00:00,0.8551899999999991,0.8551999999999991,0.8549099999999991,0.8549499999999991,3225
2026-08-20T14:00:00+00:00,0.8549499999999991,0.855229999999999,0.8548499999999991,0.855039999999999,2773
2026-08-20T14:15:00+00:00,0.855039999999999,0.8552899999999991,0.855009999999999,0.855139999999999,3127
2026-08-20T14:30:00+00:00,0.855139999999999,0.8555099999999991,0.8550699999999991,0.8554899999999991,2371
2026-08-20T14:45:00+00:00,0.8554899999999991,0.8557399999999991,0.8554099999999991,0.8556399999999991,3364
2026-08-20T15:00:00+00:00,0.8556399999999991,0.855649999999999,0.8552199999999991,0.8553199999999991,5024
2026-08-20T15:15:00+00:00,0.8553199999999991,0.855399999999999,0.8550499999999991,0.8550999999999991,3431
2026-08-20T15:30:00+00:00,0.8550999999999991,0.8552499999999991,0.854989999999999,0.855059999999999,3554
2026-08-20T15:45:00+00:00,0.855059999999999,0.8551299999999991,0.854919999999999,0.8550299999999991,3342
2026-08-20T16:00:00+00:00,0.8550299999999991,0.8551999999999991,0.8550299999999991,0.8550799999999991,2472
2026-08-20T16:15:00+00:00,0.8550799999999991,0.855209999999999,0.8549999999999991,0.8551699999999991,2616
2026-08-20T16:30:00+00:00,0.8551699999999991,0.855229999999999,0.854989999999999,0.854989999999999,2404
2026-08-20T16:45:00+00:00,0.854989999999999,0.8550999999999991,0.854869999999999,0.8549999999999991,2233
2026-08-20T17:00:00+00:00,0.8549999999999991,0.8552199999999991,0.854959999999999,0.8552199999999991,2208
2026-08-20T17:15:00+00:00,0.8552199999999991,0.8552999999999991,0.855159999999999,0.855259999999999,1529
2026-08-20T17:30:00+00:00,0.855259999999999,0.855359999999999,0.8552499999999991,0.8552999999999991,1324
2026-08-20T17:45:00+00:00,0.8552999999999991,0.855309999999999,0.855229999999999,0.8552999999999991,1423
2026-08-20T18:00:00+00:00,0.8552999999999991,0.8554699999999991,0.855279999999999,0.855449999999999,1600
2026-08-20T18:15:00+00:00,0.855449999999999,0.855499999999999,0.855379999999999,0.8554099999999991,1405
2026-08-20T18:30:00+00:00,0.8554099999999991,0.8554899999999991,0.855379999999999,0.8554699999999991,1476
2026-08-20T18:45:00+00:00,0.8554699999999991,0.855499999999999,0.855359999999999,0.8554099999999991,1577
2026-08-20T19:00:00+00:00,0.8554099999999991,0.8554099999999991,0.8552399999999991,0.8552999999999991,1637
2026-08-20T19:15:00+00:00,0.8552999999999991,0.8553899999999991,0.855279999999999,0.8553199999999991,1417
2026-08-20T19:30:00+00:00,0.8553199999999991,0.8554199999999991,0.855309999999999,0.8553399999999991,1388
2026-08-20T19:45:00+00:00,0.8553399999999991,0.8554899999999991,0.8552899999999991,0.8554699999999991,1600
2026-08-20T20:00:00+00:00,0.8554699999999991,0.855499999999999,0.855349999999999,0.855379999999999,873
2026-08-20T20:15:00+00:00,0.855379999999999,0.8554599999999991,0.855329999999999,0.855399999999999,443
2026-08-20T20:30:00+00:00,0.855399999999999,0.8554399999999991,0.8552999999999991,0.8553199999999991,647
2026-08-20T20:45:00+00:00,0.8553199999999991,0.8554099999999991,0.855279999999999,0.855329999999999,1692
2026-08-20T21:00:00+00:00,0.855329999999999,0.855549999999999,0.8550199999999991,0.8552899999999991,143.7776254455717
2026-08-20T21:15:00+00:00,0.8552899999999991,0.8553699999999991,0.8551199999999991,0.8552499999999991,249
2026-08-20T21:30:00+00:00,0.8552499999999991,0.855379999999999,0.8551699999999991,0.855329999999999,832
2026-08-20T21:45:00+00:00,0.855329999999999,0.8553699999999991,0.854989999999999,0.8551999999999991,1568
2026-08-20T22:00:00+00:00,0.8551999999999991,0.855429999999999,0.8551999999999991,0.8554199999999991,456
2026-08-20T22:15:00+00:00,0.8554199999999991,0.855479999999999,0.855379999999999,0.8554599999999991,367
2026-08-20T22:30:00+00:00,0.8554599999999991,0.8554599999999991,0.855379999999999,0.855379999999999,241
2026-08-20T22:45:00+00:00,0.855379999999999,0.855429999999999,0.8553699999999991,0.8553899999999991,212
2026-08-20T23:00:00+00:00,0.8553899999999991,0.855399999999999,0.8553199999999991,0.8553899999999991,529
2026-08-20T23:15:00+00:00,0.8553899999999991,0.8554199999999991,0.8552899999999991,0.855349999999999,374
2026-08-20T23:30:00+00:00,0.855349999999999,0.8554099999999991,0.8552999999999991,0.8553399999999991,567
2026-08-20T23:45:00+00:00,0.8553399999999991,0.855359999999999,0.8552499999999991,0.8552899999999991,640
2026-08-21T00:00:00+00:00,0.8552899999999991,0.8553199999999991,0.855229999999999,0.8552499999999991,2187
2026-08-21T00:15:00+00:00,0.8552499999999991,0.855349999999999,0.8551899999999991,0.855349999999999,1500
2026-08-21T00:30:00+00:00,0.855349999999999,0.855379999999999,0.855259999999999,0.8553199999999991,2079
2026-08-21T00:45:00+00:00,0.8553199999999991,0.855329999999999,0.8552699999999991,0.8552699999999991,2080
2026-08-21T01:00:00+00:00,0.8552699999999991,0.8554199999999991,0.8552499999999991,0.8553699999999991,2702
2026-08-21T01:15:00+00:00,0.8553699999999991,0.8554199999999991,0.855309999999999,0.855349999999999,2518
2026-08-21T01:30:00+00:00,0.855349999999999,0.855359999999999,0.8552399999999991,0.855309999999999,2383
2026-08-21T01:45:00+00:00,0.855309999999999,0.855399999999999,0.8552899999999991,0.855379999999999,2717
2026-08-21T02:00:00+00:00,0.855379999999999,0.8554899999999991,0.8553699999999991,0.8554699999999991,2097
2026-08-21T02:15:00+00:00,0.8554699999999991,0.8555099999999991,0.8554099999999991,0.855479999999999,1804
2026-08-21T02:30:00+00:00,0.855479999999999,0.8554899999999991,0.855379999999999,0.855479999999999,2060
2026-08-21T02:45:00+00:00,0.855479999999999,0.855599999999999,0.855429999999999,0.8555399999999991,2267
2026-08-21T03:00:00+00:00,0.8555399999999991,0.8556399999999991,0.8555399999999991,0.8555799999999991,1713
2026-08-21T03:15:00+00:00,0.8555799999999991,0.8556099999999991,0.855529999999999,0.855599999999999,1522
2026-08-21T03:30:00+00:00,0.855599999999999,0.8556399999999991,0.855529999999999,0.8555599999999991,1825
2026-08-21T03:45:00+00:00,0.8555599999999991,0.855599999999999,0.8555099999999991,0.8555899999999991,1015
2026-08-21T04:00:00+00:00,0.8555899999999991,0.855699999999999,0.8555599999999991,0.8556599999999991,930
2026-08-21T04:15:00+00:00,0.8556599999999991,0.8557799999999991,0.8556599999999991,0.855769999999999,671
2026-08-21T04:30:00+00:00,0.855769999999999,0.8558299999999991,0.8556599999999991,0.8556799999999991,660
2026-08-21T04:45:00+00:00,0.8556799999999991,0.8557299999999991,0.8556099999999991,0.8556599999999991,987
2026-08-21T05:00:00+00:00,0.8556599999999991,0.855699999999999,0.8556099999999991,0.855669999999999,1120
2026-08-21T05:15:00+00:00,0.855669999999999,0.8556799999999991,0.8555799999999991,0.855619999999999,1270
2026-08-21T05:30:00+00:00,0.855619999999999,0.8556799999999991,0.855549999999999,0.855619999999999,1599
2026-08-21T05:45:00+00:00,0.855619999999999,0.855699999999999,0.8554099999999991,0.8554899999999991,2078
2026-08-21T06:00:00+00:00,0.8554899999999991,0.855669999999999,0.8554099999999991,0.8555599999999991,1925
2026-08-21T06:15:00+00:00,0.8555599999999991,0.8557099999999991,0.8554899999999991,0.855499999999999,1691
2026-08-21T06:30:00+00:00,0.855499999999999,0.8556399999999991,0.855429999999999,0.855569999999999,1361
2026-08-21T06:45:00+00:00,0.855569999999999,0.855699999999999,0.855499999999999,0.8556399999999991,1553
2026-08-21T07:00:00+00:00,0.8556399999999991,0.855769999999999,0.855499999999999,0.8555899999999991,1732
2026-08-21T07:15:00+00:00,0.8555899999999991,0.8556299999999991,0.855279999999999,0.8552899999999991,1701
2026-08-21T07:30:00+00:00,0.8552899999999991,0.855429999999999,0.8551299999999991,0.855379999999999,2369
2026-08-21T07:45:00+00:00,0.855379999999999,0.8556899999999991,0.8553399999999991,0.855619999999999,2405
2026-08-21T08:00:00+00:00,0.855619999999999,0.855969999999999,0.855619999999999,0.855919999999999,2090
2026-08-21T08:15:00+00:00,0.855919999999999,0.855969999999999,0.8556399999999991,0.8556399999999991,2070
2026-08-21T08:30:00+00:00,0.8556399999999991,0.8556799999999991,0.8553899999999991,0.855599999999999,2688
2026-08-21T08:45:00+00:00,0.855599999999999,0.8557299999999991,0.855209999999999,0.8552199999999991,2082
2026-08-21T09:00:00+00:00,0.8552199999999991,0.8552899999999991,0.8548799999999991,0.855059999999999,2702
2026-08-21T09:15:00+00:00,0.855059999999999,0.855429999999999,0.855009999999999,0.855379999999999,2157
2026-08-21T09:30:00+00:00,0.855379999999999,0.8555599999999991,0.855349999999999,0.8555399999999991,1830
2026-08-21T09:45:00+00:00,0.8555399999999991,0.855599999999999,0.8553899999999991,0.855429999999999,1863
2026-08-21T10:00:00+00:00,0.855429999999999,0.855479999999999,0.8552999999999991,0.855479999999999,1883
2026-08-21T10:15:00+00:00,0.855479999999999,0.8554899999999991,0.8553399999999991,0.855479999999999,1558
2026-08-21T10:30:00+00:00,0.855479999999999,0.8556299999999991,0.855449999999999,0.855599999999999,1550
2026-08-21T10:45:00+00:00,0.855599999999999,0.8562499999999991,0.8555899999999991,0.855969999999999,2350
2026-08-21T11:00:00+00:00,0.855969999999999,0.8560699999999991,0.8557399999999991,0.855769999999999,2029
2026-08-21T11:15:00+00:00,0.855769999999999,0.8558099999999991,0.855479999999999,0.8555899999999991,2692
2026-08-21T11:30:00+00:00,0.8555899999999991,0.8556099999999991,0.855089999999999,0.855359999999999,3194
2026-08-21T11:45:00+00:00,0.855359999999999,0.8555099999999991,0.8552999999999991,0.855349999999999,2277
2026-08-21T12:00:00+00:00,0.855349999999999,0.855449999999999,0.855279999999999,0.855359999999999,2494
2026-08-21T12:15:00+00:00,0.855359999999999,0.855359999999999,0.854939999999999,0.855109999999999,2444
2026-08-21T12:30:00+00:00,0.855109999999999,0.8556899999999991,0.855109999999999,0.8553399999999991,2971
2026-08-21T12:45:00+00:00,0.8553399999999991,0.855569999999999,0.855259999999999,0.855479999999999,2333
2026-08-21T13:00:00+00:00,0.855479999999999,0.8556799999999991,0.855309999999999,0.8555899999999991,2708
2026-08-21T13:15:00+00:00,0.8555899999999991,0.855649999999999,0.8553199999999991,0.855449999999999,2537
2026-08-21T13:30:00+00:00,0.855449999999999,0.855449999999999,0.855109999999999,0.8551299999999991,2746
2026-08-21T13:45:00+00:00,0.8551299999999991,0.8551699999999991,0.8548099999999991,0.854889999999999,2222
2026-08-21T14:00:00+00:00,0.854889999999999,0.854939999999999,0.8547399999999991,0.8547999999999991,2347
2026-08-21T14:15:00+00:00,0.8547999999999991,0.854889999999999,0.8546799999999991,0.8548599999999991,2294
2026-08-21T14:30:00+00:00,0.8548599999999991,0.8555099999999991,0.8548599999999991,0.8553899999999991,3652
2026-08-21T14:45:00+00:00,0.8553899999999991,0.8554699999999991,0.8551699999999991,0.8554099999999991,3747
2026-08-21T15:00:00+00:00,0.8554099999999991,0.8554199999999991,0.8551899999999991,0.855349999999999,3486
2026-08-21T15:15:00+00:00,0.855349999999999,0.8554599999999991,0.8551999999999991,0.8552899999999991,2541
2026-08-21T15:30:00+00:00,0.8552899999999991,0.8553199999999991,0.855009999999999,0.855089999999999,2119
2026-08-21T15:45:00+00:00,0.855089999999999,0.8551999999999991,0.8550199999999991,0.8550199999999991,2207
2026-08-21T16:00:00+00:00,0.8550199999999991,0.855139999999999,0.8549299999999991,0.8551299999999991,2083
2026-08-21T16:15:00+00:00,0.8551299999999991,0.8551899999999991,0.854989999999999,0.8550499999999991,2496
2026-08-21T16:30:00+00:00,0.8550499999999991,0.8550499999999991,0.854889999999999,0.8549499999999991,1912
2026-08-21T16:45:00+00:00,0.8549499999999991,0.855059999999999,0.8548799999999991,0.854919999999999,1766
2026-08-21T17:00:00+00:00,0.854919999999999,0.854939999999999,0.8546899999999991,0.854769999999999,1854
2026-08-21T17:15:00+00:00,0.854769999999999,0.8547999999999991,0.8546599999999991,0.854699999999999,1574
2026-08-21T17:30:00+00:00,0.854699999999999,0.8547099999999991,0.8545099999999991,0.854619999999999,1891
2026-08-21T17:45:00+00:00,0.854619999999999,0.8546299999999991,0.8543699999999991,0.854399999999999,948
2026-08-21T18:00:00+00:00,0.854399999999999,0.8544099999999991,0.854279999999999,0.8543699999999991,1148
2026-08-21T18:15:00+00:00,0.8543699999999991,0.8544199999999991,0.854279999999999,0.854359999999999,1268
2026-08-21T18:30:00+00:00,0.854359999999999,0.854429999999999,0.8543199999999991,0.8544199999999991,1148
2026-08-21T18:45:00+00:00,0.8544199999999991,0.8544199999999991,0.8543199999999991,0.854399999999999,1059
2026-08-21T19:00:00+00:00,0.854399999999999,0.854429999999999,0.8542899999999991,0.8544099999999991,1352
2026-08-21T19:15:00+00:00,0.8544099999999991,0.8544199999999991,0.8543399999999991,0.854359999999999,1082
2026-08-21T19:30:00+00:00,0.854359999999999,0.8544699999999991,0.854329999999999,0.8544399999999991,1293
2026-08-21T19:45:00+00:00,0.8544399999999991,0.8544599999999991,0.854309999999999,0.8543899999999991,1556
2026-08-21T20:00:00+00:00,0.8543899999999991,0.8544099999999991,0.8542699999999991,0.854329999999999,828
2026-08-21T20:15:00+00:00,0.854329999999999,0.854359999999999,0.8542699999999991,0.854309999999999,621
2026-08-21T20:30:00+00:00,0.854309999999999,0.854429999999999,0.8542699999999991,0.854399999999999,1247
2026-08-21T20:45:00+00:00,0.854399999999999,0.8544699999999991,0.853789999999999,0.853899999999999,6580.304387849033
2026-08-23T21:00:00+00:00,0.85573,0.85609,0.85573,0.85609,92
2026-08-23T21:15:00+00:00,0.85609,0.85635,0.85607,0.85626,108
2026-08-23T21:30:00+00:00,0.85626,0.85626,0.8553,0.85592,612
2026-08-23T21:45:00+00:00,0.85592,0.85608,0.85559,0.85559,300
2026-08-23T22:00:00+00:00,0.85559,0.8562299999999999,0.85559,0.85594,806
2026-08-23T22:15:00+00:00,0.85594,0.85594,0.8558,0.85586,448
2026-08-23T22:30:00+00:00,0.85586,0.85586,0.85563,0.85574,509
2026-08-23T22:45:00+00:00,0.85574,0.8557899999999999,0.85571,0.8557899999999999,308
2026-08-23T23:00:00+00:00,0.8557899999999999,0.8557999999999999,0.8556999999999999,0.8556999999999999,491
2026-08-23T23:15:00+00:00,0.8556999999999999,0.8557299999999999,0.8556199999999999,0.8556499999999999,309
2026-08-23T23:30:00+00:00,0.8556499999999999,0.8556599999999999,0.8555499999999999,0.8556099999999999,326
2026-08-23T23:45:00+00:00,0.8556099999999999,0.8556199999999999,0.8555399999999999,0.8555999999999999,542
2026-08-24T00:00:00+00:00,0.8555999999999999,0.8558399999999999,0.8555799999999999,0.8558199999999999,1545
2026-08-24T00:15:00+00:00,0.8558199999999999,0.8559299999999999,0.8557799999999999,0.8558899999999999,1198
2026-08-24T00:30:00+00:00,0.8558899999999999,0.8558999999999999,0.8558199999999999,0.8558699999999999,1513
2026-08-24T00:45:00+00:00,0.8558699999999999,0.8559099999999998,0.8557199999999999,0.8557499999999999,1609
2026-08-24T01:00:00+00:00,0.8557499999999999,0.8559199999999999,0.8557499999999999,0.8559099999999998,2019
2026-08-24T01:15:00+00:00,0.8559099999999998,0.8559299999999999,0.8558099999999998,0.8558899999999999,1783
2026-08-24T01:30:00+00:00,0.8558899999999999,0.8559599999999999,0.8558799999999999,0.8559599999999999,1480
2026-08-24T01:45:00+00:00,0.8559599999999999,0.8560399999999999,0.8559099999999998,0.8559399999999999,1337
2026-08-24T02:00:00+00:00,0.8559399999999999,0.8559999999999999,0.8558899999999999,0.8559099999999998,1498
2026-08-24T02:15:00+00:00,0.8559099999999998,0.8559199999999999,0.8558299999999999,0.8558599999999998,922
2026-08-24T02:30:00+00:00,0.8558599999999998,0.8559799999999999,0.8558299999999999,0.8558899999999999,1154
2026-08-24T02:45:00+00:00,0.8558899999999999,0.8559399999999999,0.8557999999999999,0.8558299999999999,1068
2026-08-24T03:00:00+00:00,0.8558299999999999,0.8559099999999998,0.8557799999999999,0.8558799999999999,1142
2026-08-24T03:15:00+00:00,0.8558799999999999,0.8559099999999998,0.8558399999999999,0.8558999999999999,723
2026-08-24T03:30:00+00:00,0.8558999999999999,0.8559099999999998,0.8558599999999998,0.8559099999999998,815
2026-08-24T03:45:00+00:00,0.8559099999999998,0.8559499999999999,0.8558899999999999,0.8559399999999999,834
2026-08-24T04:00:00+00:00,0.8559399999999999,0.8559399999999999,0.8558399999999999,0.8558699999999999,1010
2026-08-24T04:15:00+00:00,0.8558699999999999,0.8559599999999999,0.8558699999999999,0.8559299999999999,1172
2026-08-24T04:30:00+00:00,0.8559299999999999,0.8560099999999999,0.8559199999999999,0.8559999999999999,1238
2026-08-24T04:45:00+00:00,0.8559999999999999,0.8560499999999999,0.8559699999999999,0.8560299999999998,874
2026-08-24T05:00:00+00:00,0.8560299999999998,0.8560799999999998,0.8559899999999999,0.8560099999999999,894
2026-08-24T05:15:00+00:00,0.8560099999999999,0.8560299999999998,0.8559599999999999,0.8560099999999999,889
2026-08-24T05:30:00+00:00,0.8560099999999999,0.8560999999999999,0.8559999999999999,0.8560399999999999,1189
2026-08-24T05:45:00+00:00,0.8560399999999999,0.8561199999999999,0.8559899999999999,0.8560999999999999,1188
2026-08-24T06:00:00+00:00,0.8560999999999999,0.8560999999999999,0.8559199999999999,0.8559899999999999,1371
2026-08-24T06:15:00+00:00,0.8559899999999999,0.8560299999999998,0.8558599999999998,0.8559799999999999,1665
2026-08-24T06:30:00+00:00,0.8559799999999999,0.8560799999999998,0.8559399999999999,0.8560199999999999,1417
2026-08-24T06:45:00+00:00,0.8560199999999999,0.8561399999999999,0.8558599999999998,0.8559099999999998,1589
2026-08-24T07:00:00+00:00,0.8559099999999998,0.8559099999999998,0.8555199999999998,0.8555399999999999,1588
2026-08-24T07:15:00+00:00,0.8555399999999999,0.8556699999999999,0.8554099999999999,0.8556499999999999,1243
2026-08-24T07:30:00+00:00,0.8556499999999999,0.8556699999999999,0.8554099999999999,0.8556699999999999,1588
2026-08-24T07:45:00+00:00,0.8556699999999999,0.8558199999999999,0.8554899999999999,0.8558099999999998,1849
2026-08-24T08:00:00+00:00,0.8558099999999998,0.8558999999999999,0.8554599999999999,0.8557399999999998,2374
2026-08-24T08:15:00+00:00,0.8557399999999998,0.8558499999999999,0.8555999999999999,0.8557599999999999,1674
2026-08-24T08:30:00+00:00,0.8557599999999999,0.8558299999999999,0.8556399999999998,0.8557999999999999,1489
2026-08-24T08:45:00+00:00,0.8557999999999999,0.8562099999999999,0.8557299999999999,0.8562099999999999,1627
2026-08-24T09:00:00+00:00,0.8562099999999999,0.8562199999999999,0.8557499999999999,0.8558199999999999,1444
2026-08-24T09:15:00+00:00,0.8558199999999999,0.8558599999999998,0.8556599999999999,0.8557199999999999,1163
2026-08-24T09:30:00+00:00,0.8557199999999999,0.8557899999999999,0.8556599999999999,0.8557099999999999,1071
2026-08-24T09:45:00+00:00,0.8557099999999999,0.8557299999999999,0.8554999999999999,0.8555099999999999,973
2026-08-24T10:00:00+00:00,0.8555099999999999,0.8557599999999999,0.8554999999999999,0.8556799999999999,1070
2026-08-24T10:15:00+00:00,0.8556799999999999,0.8557299999999999,0.8555499999999999,0.8556699999999999,1014
2026-08-24T10:30:00+00:00,0.8556699999999999,0.8558799999999999,0.8556599999999999,0.8558599999999998,942
2026-08-24T10:45:00+00:00,0.8558599999999998,0.8560599999999999,0.8557599999999999,0.8560199999999999,1306
2026-08-24T11:00:00+00:00,0.8560199999999999,0.8561399999999999,0.8558999999999999,0.8559299999999999,1374
2026-08-24T11:15:00+00:00,0.8559299999999999,0.8560599999999999,0.8559299999999999,0.8559699999999999,1278
2026-08-24T11:30:00+00:00,0.8559699999999999,0.8559699999999999,0.8555599999999999,0.8555999999999999,2731
2026-08-24T11:45:00+00:00,0.8555999999999999,0.8556799999999999,0.8553599999999999,0.8553999999999999,2038
2026-08-24T12:00:00+00:00,0.8553999999999999,0.8555699999999999,0.8553799999999999,0.8555099999999999,1622
2026-08-24T12:15:00+00:00,0.8555099999999999,0.8556799999999999,0.8554599999999999,0.8555099999999999,1750
2026-08-24T12:30:00+00:00,0.8555099999999999,0.8555099999999999,0.8552999999999998,0.8554399999999999,2247
2026-08-24T12:45:00+00:00,0.8554399999999999,0.8555099999999999,0.8552299999999999,0.8553499999999999,1872
2026-08-24T13:00:00+00:00,0.8553499999999999,0.8553699999999999,0.8551399999999999,0.8552999999999998,1911
2026-08-24T13:15:00+00:00,0.8552999999999998,0.8554099999999999,0.8552099999999999,0.8553899999999999,2005
2026-08-24T13:30:00+00:00,0.8553899999999999,0.8554699999999998,0.8550399999999999,0.8552499999999998,2454
2026-08-24T13:45:00+00:00,0.8552499999999998,0.8553199999999999,0.8551099999999999,0.8551399999999999,2510
2026-08-24T14:00:00+00:00,0.8551399999999999,0.8553999999999999,0.8551099999999999,0.8553999999999999,2159
2026-08-24T14:15:00+00:00,0.8553999999999999,0.8555499999999999,0.8553499999999999,0.8555499999999999,1865
2026-08-24T14:30:00+00:00,0.8555499999999999,0.8556499999999999,0.8553199999999999,0.8553299999999999,2036
2026-08-24T14:45:00+00:00,0.8553299999999999,0.8557199999999999,0.8553299999999999,0.8556199999999999,2454
2026-08-24T15:00:00+00:00,0.8556199999999999,0.8556299999999999,0.8553699999999999,0.8554199999999998,2085
2026-08-24T15:15:00+00:00,0.8554199999999998,0.8555999999999999,0.8553799999999999,0.8554699999999998,1989
2026-08-24T15:30:00+00:00,0.8554699999999998,0.8557899999999999,0.8554299999999999,0.8557699999999999,1591
2026-08-24T15:45:00+00:00,0.8557699999999999,0.8558899999999999,0.8557199999999999,0.8557999999999999,1650
2026-08-24T16:00:00+00:00,0.8557999999999999,0.8558799999999999,0.8556799999999999,0.8557999999999999,2339
2026-08-24T16:15:00+00:00,0.8557999999999999,0.8558099999999998,0.8555899999999999,0.8556299999999999,1431
2026-08-24T16:30:00+00:00,0.8556299999999999,0.8556399999999998,0.8554999999999999,0.8555999999999999,1437
2026-08-24T16:45:00+00:00,0.8555999999999999,0.8557199999999999,0.8555199999999998,0.8555299999999999,1586
2026-08-24T17:00:00+00:00,0.8555299999999999,0.8555799999999999,0.8554599999999999,0.8554699999999998,2215
2026-08-24T17:15:00+00:00,0.8554699999999998,0.8554999999999999,0.8553699999999999,0.8554499999999999,2334
2026-08-24T17:30:00+00:00,0.8554499999999999,0.8555199999999998,0.8553999999999999,0.8554399999999999,1473
2026-08-24T17:45:00+00:00,0.8554399999999999,0.8554899999999999,0.8553699999999999,0.8554899999999999,1349
2026-08-24T18:00:00+00:00,0.8554899999999999,0.8555899999999999,0.8554799999999999,0.8555699999999999,1063
2026-08-24T18:15:00+00:00,0.8555699999999999,0.8555999999999999,0.8554999999999999,0.8555799999999999,1129
2026-08-24T18:30:00+00:00,0.8555799999999999,0.8556099999999999,0.8555099999999999,0.8555599999999999,939
2026-08-24T18:45:00+00:00,0.8555599999999999,0.8557199999999999,0.8555399999999999,0.8556699999999999,952
2026-08-24T19:00:00+00:00,0.8556699999999999,0.8557599999999999,0.8556199999999999,0.8556999999999999,1066
2026-08-24T19:15:00+00:00,0.8556999999999999,0.8557099999999999,0.8556299999999999,0.8557099999999999,924
2026-08-24T19:30:00+00:00,0.8557099999999999,0.8557599999999999,0.8556199999999999,0.8557099999999999,905
2026-08-24T19:45:00+00:00,0.8557099999999999,0.8557299999999999,0.8555899999999999,0.8556699999999999,1045
2026-08-24T20:00:00+00:00,0.8556699999999999,0.8556699999999999,0.8555599999999999,0.8556299999999999,943
2026-08-24T20:15:00+00:00,0.8556299999999999,0.8557099999999999,0.8556199999999999,0.8556699999999999,491
2026-08-24T20:30:00+00:00,0.8556699999999999,0.8557199999999999,0.8556499999999999,0.8556699999999999,453
2026-08-24T20:45:00+00:00,0.8556699999999999,0.8557099999999999,0.8555499999999999,0.8555499999999999,760
2026-08-24T21:00:00+00:00,0.8555499999999999,0.8555499999999999,0.8548399999999999,0.8553799999999999,211
2026-08-24T21:15:00+00:00,0.8553799999999999,0.8555099999999999,0.8553099999999999,0.8554599999999999,448
2026-08-24T21:30:00+00:00,0.8554599999999999,0.8556799999999999,0.8553999999999999,0.8554599999999999,957
2026-08-24T21:45:00+00:00,0.8554599999999999,0.8555499999999999,0.8552499999999998,0.8552799999999999,625
2026-08-24T22:00:00+00:00,0.8552799999999999,0.8556699999999999,0.8552799999999999,0.8556399999999998,426
2026-08-24T22:15:00+00:00,0.8556399999999998,0.8556599999999999,0.8555799999999999,0.8556199999999999,280
2026-08-24T22:30:00+00:00,0.8556199999999999,0.8556499999999999,0.8555399999999999,0.8555399999999999,200
2026-08-24T22:45:00+00:00,0.8555399999999999,0.8555699999999999,0.8555299999999999,0.8555599999999999,115
2026-08-24T23:00:00+00:00,0.8555599999999999,0.8555799999999999,0.8554999999999999,0.8555199999999998,360
2026-08-24T23:15:00+00:00,0.8555199999999998,0.8555499999999999,0.8554899999999999,0.8554899999999999,200
2026-08-24T23:30:00+00:00,0.8554899999999999,0.8555399999999999,0.8554799999999999,0.8555399999999999,481
2026-08-24T23:45:00+00:00,0.8555399999999999,0.8555999999999999,0.8555099999999999,0.8555399999999999,598
2026-08-25T00:00:00+00:00,0.8555399999999999,0.8556599999999999,0.8555099999999999,0.8556399999999998,1929
2026-08-25T00:15:00+00:00,0.8556399999999998,0.8556599999999999,0.8555499999999999,0.8555699999999999,1588
2026-08-25T00:30:00+00:00,0.8555699999999999,0.8555899999999999,0.8554899999999999,0.8555399999999999,1501
2026-08-25T00:45:00+00:00,0.8555399999999999,0.8556499999999999,0.8554899999999999,0.8555099999999999,1911
2026-08-25T01:00:00+00:00,0.8555099999999999,0.8555299999999999,0.8553999999999999,0.8554399999999999,2191
2026-08-25T01:15:00+00:00,0.8554399999999999,0.8555599999999999,0.8554299999999999,0.8554999999999999,1923
2026-08-25T01:30:00+00:00,0.8554999999999999,0.8555199999999998,0.8553999999999999,0.8554599999999999,1943
2026-08-25T01:45:00+00:00,0.8554599999999999,0.8555499999999999,0.8554299999999999,0.8555299999999999,1901
2026-08-25T02:00:00+00:00,0.8555299999999999,0.8555699999999999,0.8554099999999999,0.8554399999999999,2291
2026-08-25T02:15:00+00:00,0.8554399999999999,0.8554999999999999,0.8554299999999999,0.8554499999999999,1198
2026-08-25T02:30:00+00:00,0.8554499999999999,0.8554599999999999,0.8553599999999999,0.8553799999999999,1636
2026-08-25T02:45:00+00:00,0.8553799999999999,0.8554499999999999,0.8553499999999999,0.8553699999999999,1809
2026-08-25T03:00:00+00:00,0.8553699999999999,0.8554499999999999,0.8553699999999999,0.8553999999999999,1335
2026-08-25T03:15:00+00:00,0.8553999999999999,0.8554599999999999,0.8553699999999999,0.8554199999999998,1027
2026-08-25T03:30:00+00:00,0.8554199999999998,0.8554899999999999,0.8554099999999999,0.8554399999999999,1012
2026-08-25T03:45:00+00:00,0.8554399999999999,0.8555499999999999,0.8554399999999999,0.8555399999999999,823
2026-08-25T04:00:00+00:00,0.8555399999999999,0.8555699999999999,0.8554799999999999,0.8555299999999999,914
2026-08-25T04:15:00+00:00,0.8555299999999999,0.8555499999999999,0.8554199999999998,0.8554199999999998,976
2026-08-25T04:30:00+00:00,0.8554199999999998,0.8554499999999999,0.8553399999999999,0.8553799999999999,1545
2026-08-25T04:45:00+00:00,0.8553799999999999,0.8553999999999999,0.8553199999999999,0.8553699999999999,915
2026-08-25T05:00:00+00:00,0.8553699999999999,0.8553799999999999,0.8552599999999999,0.8553199999999999,861
2026-08-25T05:15:00+00:00,0.8553199999999999,0.8553799999999999,0.8552499999999998,0.8553499999999999,754
2026-08-25T05:30:00+00:00,0.8553499999999999,0.8554299999999999,0.8552999999999998,0.8553899999999999,1078
2026-08-25T05:45:00+00:00,0.8553899999999999,0.8554799999999999,0.8553899999999999,0.8554099999999999,977
2026-08-25T06:00:00+00:00,0.8554099999999999,0.8554899999999999,0.8553799999999999,0.8554499999999999,1324
2026-08-25T06:15:00+00:00,0.8554499999999999,0.8555899999999999,0.8554299999999999,0.8554799999999999,1762
2026-08-25T06:30:00+00:00,0.8554799999999999,0.8555599999999999,0.8552499999999998,0.8552499999999998,2142
2026-08-25T06:45:00+00:00,0.8552499999999998,0.8552999999999998,0.8550599999999999,0.8550699999999999,1613
2026-08-25T07:00:00+00:00,0.8550699999999999,0.8550999999999999,0.8546199999999999,0.8547199999999999,2074
2026-08-25T07:15:00+00:00,0.8547199999999999,0.8549699999999999,0.8546899999999998,0.8548499999999999,1691
2026-08-25T07:30:00+00:00,0.8548499999999999,0.8549399999999999,0.8547399999999999,0.8547699999999999,1865
2026-08-25T07:45:00+00:00,0.8547699999999999,0.8549099999999998,0.8546699999999999,0.8548199999999999,1594
2026-08-25T08:00:00+00:00,0.8548199999999999,0.8553699999999999,0.8547899999999999,0.8551999999999998,1875
2026-08-25T08:15:00+00:00,0.8551999999999998,0.8553899999999999,0.8550899999999999,0.8553399999999999,2828
2026-08-25T08:30:00+00:00,0.8553399999999999,0.8555699999999999,0.8553099999999999,0.8554099999999999,2192
2026-08-25T08:45:00+00:00,0.8554099999999999,0.8554499999999999,0.8551599999999999,0.8552799999999999,1977
2026-08-25T09:00:00+00:00,0.8552799999999999,0.8553199999999999,0.8550099999999999,0.8552699999999999,2641
2026-08-25T09:15:00+00:00,0.8552699999999999,0.8553299999999999,0.8551999999999998,0.8552199999999999,1611
2026-08-25T09:30:00+00:00,0.8552199999999999,0.8553499999999999,0.8551199999999999,0.8552899999999999,1971
2026-08-25T09:45:00+00:00,0.8552899999999999,0.8553499999999999,0.8551199999999999,0.8552399999999999,1760
2026-08-25T10:00:00+00:00,0.8552399999999999,0.8553899999999999,0.8552199999999999,0.8553399999999999,1719
2026-08-25T10:15:00+00:00,0.8553399999999999,0.8553499999999999,0.8551599999999999,0.8551599999999999,1849
2026-08-25T10:30:00+00:00,0.8551599999999999,0.8552199999999999,0.8550999999999999,0.8551099999999999,1544
2026-08-25T10:45:00+00:00,0.8551099999999999,0.8554899999999999,0.8551099999999999,0.8554699999999998,1477
2026-08-25T11:00:00+00:00,0.8554699999999998,0.8555799999999999,0.8553999999999999,0.8554999999999999,1587
2026-08-25T11:15:00+00:00,0.8554999999999999,0.8556499999999999,0.8553899999999999,0.8556099999999999,1537
2026-08-25T11:30:00+00:00,0.8556099999999999,0.8556199999999999,0.8554799999999999,0.8555499999999999,1637
2026-08-25T11:45:00+00:00,0.8555499999999999,0.8555699999999999,0.8552299999999999,0.8552899999999999,1744
2026-08-25T12:00:00+00:00,0.8552899999999999,0.85552,0.8552099999999999,0.85547,2093
2026-08-25T12:15:00+00:00,0.85547,0.85556,0.8552599999999999,0.85556,1760
2026-08-25T12:30:00+00:00,0.85556,0.8558399999999999,0.8555299999999999,0.85578,1861
2026-08-25T12:45:00+00:00,0.85578,0.85578,0.85554,0.8555699999999999,2040
2026-08-25T13:00:00+00:00,0.8555699999999999,0.85568,0.8551,0.8552599999999999,2906
2026-08-25T13:15:00+00:00,0.8552599999999999,0.8554799999999999,0.85522,0.85546,2401
2026-08-25T13:30:00+00:00,0.85546,0.8555999999999999,0.8553299999999999,0.8555499999999999,2524
2026-08-25T13:45:00+00:00,0.8555499999999999,0.85574,0.85546,0.85566,2619
2026-08-25T14:00:00+00:00,0.85566,0.85574,0.85558,0.85568,2525
2026-08-25T14:15:00+00:00,0.85568,0.8561399999999999,0.85563,0.85597,2765
2026-08-25T14:30:00+00:00,0.85597,0.8560899999999999,0.8557899999999999,0.85585,2349
2026-08-25T14:45:00+00:00,0.85585,0.8561,0.8556499999999999,0.8559899999999999,3537
2026-08-25T15:00:00+00:00,0.8559899999999999,0.8560599999999999,0.85581,0.8560599999999999,2620
2026-08-25T15:15:00+00:00,0.8560599999999999,0.8561599999999999,0.85585,0.85586,2050
2026-08-25T15:30:00+00:00,0.85586,0.8561799999999999,0.85585,0.85615,2706
2026-08-25T15:45:00+00:00,0.85615,0.85617,0.8557899999999999,0.85581,2814
2026-08-25T16:00:00+00:00,0.85581,0.8558699999999999,0.85571,0.85585,2206
2026-08-25T16:15:00+00:00,0.85585,0.85593,0.85576,0.8558199999999999,1589
2026-08-25T16:30:00+00:00,0.8558199999999999,0.85586,0.8556999999999999,0.85583,1470
2026-08-25T16:45:00+00:00,0.85583,0.8560399999999999,0.85583,0.8559899999999999,1206
2026-08-25T17:00:00+00:00,0.8559899999999999,0.85605,0.8558199999999999,0.8558699999999999,1891
2026-08-25T17:15:00+00:00,0.8558699999999999,0.85588,0.8557199999999999,0.85576,1568
2026-08-25T17:30:00+00:00,0.85576,0.85578,0.85559,0.85568,1537
2026-08-25T17:45:00+00:00,0.85568,0.8557199999999999,0.85561,0.85563,1309
2026-08-25T18:00:00+00:00,0.85563,0.85564,0.8554499999999999,0.8555499999999999,1665
2026-08-25T18:15:00+00:00,0.8555499999999999,0.85558,0.8554799999999999,0.8555699999999999,1125
2026-08-25T18:30:00+00:00,0.8555699999999999,0.85563,0.85556,0.85561,961
2026-08-25T18:45:00+00:00,0.85561,0.85567,0.8555200000000001,0.8555200000000001,1221
2026-08-25T19:00:00+00:00,0.8555200000000001,0.85567,0.85551,0.85558,1539
2026-08-25T19:15:00+00:00,0.85558,0.8555900000000001,0.85538,0.85538,1900
2026-08-25T19:30:00+00:00,0.85538,0.85538,0.85516,0.85523,1381
2026-08-25T19:45:00+00:00,0.85523,0.85531,0.85516,0.8552500000000001,1977
2026-08-25T20:00:00+00:00,0.8552500000000001,0.8554,0.85523,0.8553700000000001,1349
2026-08-25T20:15:00+00:00,0.8553700000000001,0.85539,0.85523,0.85531,1455
2026-08-25T20:30:00+00:00,0.85531,0.85535,0.85528,0.85534,1227
2026-08-25T20:45:00+00:00,0.85534,0.85543,0.85524,0.8552500000000001,1513
2026-08-25T21:00:00+00:00,0.8552500000000001,0.85532,0.85467,0.85497,138
2026-08-25T21:15:00+00:00,0.85497,0.85516,0.85494,0.85499,246
2026-08-25T21:30:00+00:00,0.85499,0.8554499999999999,0.85499,0.85532,446
2026-08-25T21:45:00+00:00,0.85532,0.85547,0.8551199999999999,0.85522,564
2026-08-25T22:00:00+00:00,0.85522,0.8554799999999999,0.85522,0.8554499999999999,503
2026-08-25T22:15:00+00:00,0.8554499999999999,0.8554999999999999,0.85534,0.8554099999999999,656
2026-08-25T22:30:00+00:00,0.8554099999999999,0.85547,0.8553299999999999,0.85544,402
2026-08-25T22:45:00+00:00,0.85544,0.8554499999999999,0.85539,0.85544,187
2026-08-25T23:00:00+00:00,0.85544,0.8554799999999999,0.85539,0.85542,342
2026-08-25T23:15:00+00:00,0.85542,0.8554499999999999,0.85537,0.85542,291
2026-08-25T23:30:00+00:00,0.85542,0.8554799999999999,0.8553799999999999,0.8554499999999999,327
2026-08-25T23:45:00+00:00,0.8554499999999999,0.8555099999999999,0.8554299999999999,0.8555099999999999,645
2026-08-26T00:00:00+00:00,0.8555099999999999,0.85554,0.85542,0.8554299999999999,771
2026-08-26T00:15:00+00:00,0.8554299999999999,0.85544,0.85537,0.8554099999999999,990
2026-08-26T00:30:00+00:00,0.8554099999999999,0.8554099999999999,0.85532,0.8553299999999999,859
2026-08-26T00:45:00+00:00,0.8553299999999999,0.8554599999999999,0.85532,0.8553999999999999,965
2026-08-26T01:00:00+00:00,0.8553999999999999,0.8554099999999999,0.8553299999999999,0.85534,1164
2026-08-26T01:15:00+00:00,0.85534,0.85537,0.8552599999999999,0.8552899999999999,950
2026-08-26T01:30:00+00:00,0.8552899999999999,0.8553099999999999,0.8551899999999999,0.8552599999999999,1471
2026-08-26T01:45:00+00:00,0.8552599999999999,0.8553,0.8551899999999999,0.85527,1346
2026-08-26T02:00:00+00:00,0.85527,0.8553799999999999,0.85525,0.85537,1275
2026-08-26T02:15:00+00:00,0.85537,0.85537,0.8552399999999999,0.8553099999999999,1069
2026-08-26T02:30:00+00:00,0.8553099999999999,0.85534,0.85527,0.8553299999999999,857
2026-08-26T02:45:00+00:00,0.8553299999999999,0.8553999999999999,0.85532,0.8553799999999999,825
2026-08-26T03:00:00+00:00,0.8553799999999999,0.8553999999999999,0.8553299999999999,0.8553599999999999,912
2026-08-26T03:15:00+00:00,0.8553599999999999,0.85539,0.85527,0.8553599999999999,862
2026-08-26T03:30:00+00:00,0.8553599999999999,0.8553999999999999,0.8552899999999999,0.8553499999999999,1150
2026-08-26T03:45:00+00:00,0.8553499999999999,0.85537,0.8552799999999999,0.8553499999999999,779
2026-08-26T04:00:00+00:00,0.8553499999999999,0.8554299999999999,0.85534,0.8554299999999999,438
2026-08-26T04:15:00+00:00,0.8554299999999999,0.8554299999999999,0.8553299999999999,0.8553799999999999,664
2026-08-26T04:30:00+00:00,0.8553799999999999,0.85539,0.85532,0.8553599999999999,645
2026-08-26T04:45:00+00:00,0.8553599999999999,0.85542,0.8553499999999999,0.85542,867
2026-08-26T05:00:00+00:00,0.85542,0.8554799999999999,0.8553999999999999,0.8554799999999999,837
2026-08-26T05:15:00+00:00,0.8554799999999999,0.85561,0.8554499999999999,0.85559,716
2026-08-26T05:30:00+00:00,0.85559,0.85561,0.8554999999999999,0.8555299999999999,975
2026-08-26T05:45:00+00:00,0.8555299999999999,0.85556,0.8554499999999999,0.8554599999999999,982
2026-08-26T06:00:00+00:00,0.8554599999999999,0.85569,0.8554599999999999,0.85564,1347
2026-08-26T06:15:00+00:00,0.85564,0.85576,0.85554,0.85559,1457
2026-08-26T06:30:00+00:00,0.85559,0.8558399999999999,0.8555799999999999,0.85583,1131
2026-08-26T06:45:00+00:00,0.85583,0.8560399999999999,0.85571,0.8558199999999999,1729
2026-08-26T07:00:00+00:00,0.8558199999999999,0.85586,0.85552,0.8555999999999999,1782
2026-08-26T07:15:00+00:00,0.8555999999999999,0.85586,0.85552,0.8558199999999999,1400
2026-08-26T07:30:00+00:00,0.8558199999999999,0.8559699999999999,0.85581,0.8559199999999999,1313
2026-08-26T07:45:00+00:00,0.8559199999999999,0.8561599999999999,0.85588,0.8561399999999999,1559
2026-08-26T08:00:00+00:00,0.8561399999999999,0.8563,0.8560199999999999,0.85625,2014
2026-08-26T08:15:00+00:00,0.85625,0.8564299999999999,0.8561899999999999,0.8563799999999999,1316
2026-08-26T08:30:00+00:00,0.8563799999999999,0.85644,0.85627,0.8563299999999999,1318
2026-08-26T08:45:00+00:00,0.8563299999999999,0.8564799999999999,0.85632,0.85635,1339
2026-08-26T09:00:00+00:00,0.85635,0.8564299999999999,0.8562299999999999,0.85625,1427
2026-08-26T09:15:00+00:00,0.85625,0.8563099999999999,0.8560099999999999,0.85608,1102
2026-08-26T09:30:00+00:00,0.85608,0.8562399999999999,0.8560599999999999,0.85608,914
2026-08-26T09:45:00+00:00,0.85608,0.8561399999999999,0.856,0.85608,1174
2026-08-26T10:00:00+00:00,0.85608,0.85627,0.8560699999999999,0.85625,945
2026-08-26T10:15:00+00:00,0.85625,0.85647,0.85625,0.8564499999999999,1240
2026-08-26T10:30:00+00:00,0.8564499999999999,0.8564499999999999,0.85627,0.8563,973
2026-08-26T10:45:00+00:00,0.8563,0.8563399999999999,0.8561799999999999,0.8561799999999999,1045
2026-08-26T11:00:00+00:00,0.8561799999999999,0.8563099999999999,0.8561399999999999,0.8561799999999999,1235
2026-08-26T11:15:00+00:00,0.8561799999999999,0.85627,0.8559399999999999,0.8559899999999999,1447
2026-08-26T11:30:00+00:00,0.8559899999999999,0.85617,0.85593,0.8561599999999999,1463
2026-08-26T11:45:00+00:00,0.8561599999999999,0.8562599999999999,0.8560599999999999,0.85617,1672
2026-08-26T12:00:00+00:00,0.85617,0.85625,0.856,0.8562,1794
2026-08-26T12:15:00+00:00,0.8562,0.85656,0.8561,0.85625,1816
2026-08-26T12:30:00+00:00,0.85625,0.8568999999999999,0.8561399999999999,0.85664,3399
2026-08-26T12:45:00+00:00,0.85664,0.8567299999999999,0.8564999999999999,0.8565699999999999,2710
2026-08-26T13:00:00+00:00,0.8565699999999999,0.8566499999999999,0.85642,0.8565799999999999,2523
2026-08-26T13:15:00+00:00,0.8565799999999999,0.8567899999999999,0.8565699999999999,0.8567299999999999,1998
2026-08-26T13:30:00+00:00,0.8567299999999999,0.85688,0.85666,0.85681,2524
2026-08-26T13:45:00+00:00,0.85681,0.8568399999999999,0.85659,0.8566699999999999,2292
2026-08-26T14:00:00+00:00,0.8566699999999999,0.85686,0.8565999999999999,0.8566999999999999,2650
2026-08-26T14:15:00+00:00,0.8566999999999999,0.8571,0.8566699999999999,0.8569199999999999,2634
2026-08-26T14:30:00+00:00,0.8569199999999999,0.8570099999999999,0.85678,0.8568199999999999,2584
2026-08-26T14:45:00+00:00,0.8568199999999999,0.8572799999999999,0.8567899999999999,0.857,3165
2026-08-26T15:00:00+00:00,0.857,0.8572599999999999,0.85691,0.8572,2527
2026-08-26T15:15:00+00:00,0.8572,0.85742,0.8571899999999999,0.8573,1998
2026-08-26T15:30:00+00:00,0.8573,0.85735,0.85691,0.8570099999999999,1917
2026-08-26T15:45:00+00:00,0.8570099999999999,0.85722,0.8569599999999999,0.85703,2652
2026-08-26T16:00:00+00:00,0.85703,0.8571099999999999,0.8569299999999999,0.8570199999999999,1708
2026-08-26T16:15:00+00:00,0.8570199999999999,0.8571599999999998,0.8569999999999999,0.8571099999999998,1554
2026-08-26T16:30:00+00:00,0.8571099999999998,0.8572499999999998,0.8570999999999999,0.8572199999999999,1548
2026-08-26T16:45:00+00:00,0.8572199999999999,0.8572799999999998,0.8570999999999999,0.8571399999999999,1542
2026-08-26T17:00:00+00:00,0.8571399999999999,0.8572099999999998,0.8570699999999999,0.8571399999999999,1406
2026-08-26T17:15:00+00:00,0.8571399999999999,0.8571899999999999,0.8570499999999999,0.8571799999999998,1359
2026-08-26T17:30:00+00:00,0.8571799999999998,0.8572099999999998,0.8571099999999998,0.8571599999999998,1127
2026-08-26T17:45:00+00:00,0.8571599999999998,0.8571799999999998,0.8570399999999998,0.8571399999999999,1043
2026-08-26T18:00:00+00:00,0.8571399999999999,0.8571899999999999,0.8570599999999998,0.8571499999999999,1269
2026-08-26T18:15:00+00:00,0.8571499999999999,0.8571899999999999,0.8570999999999999,0.8571699999999999,975
2026-08-26T18:30:00+00:00,0.8571699999999999,0.8572699999999999,0.8571499999999999,0.8572599999999998,810
2026-08-26T18:45:00+00:00,0.8572599999999998,0.8572699999999999,0.8571799999999998,0.8571999999999999,846
2026-08-26T19:00:00+00:00,0.8571999999999999,0.8572799999999998,0.8571499999999999,0.8572699999999999,1005
2026-08-26T19:15:00+00:00,0.8572699999999999,0.8573099999999998,0.8571799999999998,0.8572199999999999,679
2026-08-26T19:30:00+00:00,0.8572199999999999,0.8572499999999998,0.8571599999999998,0.8571799999999998,1437
2026-08-26T19:45:00+00:00,0.8571799999999998,0.8572199999999999,0.8571499999999999,0.8572099999999998,1313
2026-08-26T20:00:00+00:00,0.8572099999999998,0.8572099999999998,0.8571099999999998,0.8571299999999998,754
2026-08-26T20:15:00+00:00,0.8571299999999998,0.8572499999999998,0.8571099999999998,0.8571899999999999,717
2026-08-26T20:30:00+00:00,0.8571899999999999,0.8572199999999999,0.8571299999999998,0.8571999999999999,580
2026-08-26T20:45:00+00:00,0.8571999999999999,0.8572399999999999,0.8568699999999998,0.8568799999999999,1543
2026-08-26T21:00:00+00:00,0.8568799999999999,0.8568799999999999,0.8564599999999999,0.85672,299
2026-08-26T21:15:00+00:00,0.85672,0.85705,0.85672,0.85697,546
2026-08-26T21:30:00+00:00,0.85697,0.85716,0.85694,0.85713,829
2026-08-26T21:45:00+00:00,0.85713,0.85726,0.85691,0.85704,1374
2026-08-26T22:00:00+00:00,0.85704,0.85733,0.85704,0.8573,1589
2026-08-26T22:15:00+00:00,0.8573,0.85731,0.8572,0.85727,383
2026-08-26T22:30:00+00:00,0.85727,0.85731,0.85719,0.85723,352
2026-08-26T22:45:00+00:00,0.85723,0.85726,0.85718,0.85723,370
2026-08-26T23:00:00+00:00,0.85723,0.85726,0.85716,0.85721,244
2026-08-26T23:15:00+00:00,0.85721,0.85725,0.85718,0.85723,822
2026-08-26T23:30:00+00:00,0.85723,0.85729,0.85719,0.85725,358
2026-08-26T23:45:00+00:00,0.85725,0.85727,0.85718,0.85725,372
2026-08-27T00:00:00+00:00,0.85725,0.85751,0.85722,0.8575,2057
2026-08-27T00:15:00+00:00,0.8575,0.85753,0.85745,0.85751,912
2026-08-27T00:30:00+00:00,0.85751,0.85755,0.85747,0.85754,1334
2026-08-27T00:45:00+00:00,0.85754,0.85768,0.85752,0.8576,1634
2026-08-27T01:00:00+00:00,0.8576,0.85774,0.85757,0.8577,1870
2026-08-27T01:15:00+00:00,0.8577,0.85778,0.85763,0.85768,1594
2026-08-27T01:30:00+00:00,0.85768,0.85778,0.85765,0.85773,1896
2026-08-27T01:45:00+00:00,0.85773,0.85776,0.85765,0.85767,1668
2026-08-27T02:00:00+00:00,0.85767,0.8577,0.85761,0.85764,1335
2026-08-27T02:15:00+00:00,0.85764,0.85768,0.8576,0.85767,962
2026-08-27T02:30:00+00:00,0.85767,0.85771,0.85762,0.85763,1157
2026-08-27T02:45:00+00:00,0.85763,0.85765,0.85756,0.8576,960
2026-08-27T03:00:00+00:00,0.8576,0.85762,0.85754,0.85754,1605
2026-08-27T03:15:00+00:00,0.85754,0.85758,0.85752,0.85754,1056
2026-08-27T03:30:00+00:00,0.85754,0.85766,0.85754,0.85764,1235
2026-08-27T03:45:00+00:00,0.85764,0.85775,0.85761,0.85773,914
2026-08-27T04:00:00+00:00,0.85773,0.85774,0.85763,0.85764,1044
2026-08-27T04:15:00+00:00,0.85764,0.85773,0.85764,0.85766,782
2026-08-27T04:30:00+00:00,0.85766,0.85781,0.85765,0.85777,932
2026-08-27T04:45:00+00:00,0.85777,0.85782,0.85771,0.85782,1106
2026-08-27T05:00:00+00:00,0.85782,0.85786,0.85778,0.85785,971
2026-08-27T05:15:00+00:00,0.85785,0.85786,0.85775,0.85776,975
2026-08-27T05:30:00+00:00,0.85776,0.85778,0.85771,0.85775,764
2026-08-27T05:45:00+00:00,0.85775,0.85776,0.85761,0.85767,1252
2026-08-27T06:00:00+00:00,0.85767,0.85767,0.85753,0.85762,1108
2026-08-27T06:15:00+00:00,0.85762,0.85763,0.85756,0.8576,1282
2026-08-27T06:30:00+00:00,0.8576,0.85773,0.85756,0.85757,1585
2026-08-27T06:45:00+00:00,0.85757,0.85769,0.85753,0.85754,1806
2026-08-27T07:00:00+00:00,0.85754,0.85756,0.85727,0.85735,1914
2026-08-27T07:15:00+00:00,0.85735,0.85764,0.85734,0.85761,1578
2026-08-27T07:30:00+00:00,0.85761,0.85763,0.85741,0.85752,1559
2026-08-27T07:45:00+00:00,0.85752,0.85785,0.8575,0.85778,1961
2026-08-27T08:00:00+00:00,0.85778,0.85782,0.85752,0.85758,1744
2026-08-27T08:15:00+00:00,0.85758,0.85769,0.85752,0.85759,1766
2026-08-27T08:30:00+00:00,0.85759,0.85788,0.85756,0.85774,2094
2026-08-27T08:45:00+00:00,0.85774,0.85782,0.85765,0.85777,1992
2026-08-27T09:00:00+00:00,0.85777,0.85788,0.8577,0.85775,2048
2026-08-27T09:15:00+00:00,0.85775,0.85778,0.85757,0.85761,1900
2026-08-27T09:30:00+00:00,0.85761,0.8578,0.85749,0.85759,2094
2026-08-27T09:45:00+00:00,0.85759,0.85763,0.85745,0.85754,1688
2026-08-27T10:00:00+00:00,0.85754,0.8577,0.85749,0.85759,2138
2026-08-27T10:15:00+00:00,0.85759,0.85767,0.8575,0.8575,1483
2026-08-27T10:30:00+00:00,0.8575,0.85755,0.85731,0.85745,2164
2026-08-27T10:45:00+00:00,0.85745,0.8575,0.85724,0.85743,1728
2026-08-27T11:00:00+00:00,0.85743,0.85754,0.85714,0.85718,1585
2026-08-27T11:15:00+00:00,0.85718,0.85719,0.85703,0.85717,1366
2026-08-27T11:30:00+00:00,0.85717,0.85754,0.85717,0.85745,2200
2026-08-27T11:45:00+00:00,0.85745,0.85755,0.8573,0.85738,2254
2026-08-27T12:00:00+00:00,0.85738,0.85754,0.85732,0.85734,2862
2026-08-27T12:15:00+00:00,0.85734,0.8575,0.85726,0.85729,1997
2026-08-27T12:30:00+00:00,0.85729,0.85753,0.85725,0.85743,2413
2026-08-27T12:45:00+00:00,0.85743,0.85765,0.85739,0.85761,2601
2026-08-27T13:00:00+00:00,0.85761,0.85761,0.85714,0.85731,3026
2026-08-27T13:15:00+00:00,0.85731,0.85743,0.8571,0.85729,2880
2026-08-27T13:30:00+00:00,0.85729,0.85735,0.85705,0.85729,2991
2026-08-27T13:45:00+00:00,0.85729,0.8574,0.8572,0.85735,3097
2026-08-27T14:00:00+00:00,0.85735,0.85749,0.85722,0.85738,3029
2026-08-27T14:15:00+00:00,0.85738,0.85763,0.85726,0.85755,2429
2026-08-27T14:30:00+00:00,0.85755,0.85764,0.85749,0.85756,2340
2026-08-27T14:45:00+00:00,0.85756,0.85783,0.85732,0.85742,3537
2026-08-27T15:00:00+00:00,0.85742,0.85761,0.85739,0.8574999999999999,2642
2026-08-27T15:15:00+00:00,0.8574999999999999,0.85763,0.8573999999999999,0.8573999999999999,2333
2026-08-27T15:30:00+00:00,0.8573999999999999,0.8575699999999999,0.85727,0.85729,1930
2026-08-27T15:45:00+00:00,0.85729,0.8573,0.8569599999999999,0.857,2094
2026-08-27T16:00:00+00:00,0.857,0.85707,0.8568899999999999,0.8570500000000001,2055
2026-08-27T16:15:00+00:00,0.8570500000000001,0.85712,0.8569100000000001,0.85692,1868
2026-08-27T16:30:00+00:00,0.85692,0.85707,0.8569,0.85707,1242
2026-08-27T16:45:00+00:00,0.85707,0.8573200000000001,0.85704,0.85726,1663
2026-08-27T17:00:00+00:00,0.85726,0.8573000000000001,0.85717,0.85726,1560
2026-08-27T17:15:00+00:00,0.85726,0.85731,0.8572000000000001,0.85726,1411
2026-08-27T17:30:00+00:00,0.85726,0.8572700000000001,0.85714,0.8572000000000001,1328
2026-08-27T17:45:00+00:00,0.8572000000000001,0.8573700000000001,0.85716,0.85731,1630
2026-08-27T18:00:00+00:00,0.85731,0.85736,0.85723,0.85731,1602
2026-08-27T18:15:00+00:00,0.85731,0.8574700000000001,0.85729,0.85743,1130
2026-08-27T18:30:00+00:00,0.85743,0.85751,0.85738,0.85743,916
2026-08-27T18:45:00+00:00,0.85743,0.85745,0.8572500000000001,0.85731,966
2026-08-27T19:00:00+00:00,0.85731,0.85738,0.8573000000000001,0.85734,1187
2026-08-27T19:15:00+00:00,0.85734,0.85739,0.85731,0.8573700000000001,856
2026-08-27T19:30:00+00:00,0.8573700000000001,0.85745,0.85736,0.8574400000000001,863
2026-08-27T19:45:00+00:00,0.8574400000000001,0.8574700000000001,0.8573200000000001,0.8573700000000001,1166
2026-08-27T20:00:00+00:00,0.8573700000000001,0.85739,0.85726,0.85726,762
2026-08-27T20:15:00+00:00,0.85726,0.85733,0.8572200000000001,0.85728,524
2026-08-27T20:30:00+00:00,0.85728,0.8573200000000001,0.8572200000000001,0.8573200000000001,396
2026-08-27T20:45:00+00:00,0.8573200000000001,0.85733,0.85717,0.85717,1246
2026-08-27T21:00:00+00:00,0.85717,0.85718,0.85639,0.85714,257
2026-08-27T21:15:00+00:00,0.85714,0.85736,0.8570000000000001,0.85707,15011
2026-08-27T21:30:00+00:00,0.85707,0.8572500000000001,0.8569800000000001,0.85723,2039
2026-08-27T21:45:00+00:00,0.85723,0.85734,0.85711,0.85714,1107
2026-08-27T22:00:00+00:00,0.85714,0.85738,0.85714,0.85723,765
2026-08-27T22:15:00+00:00,0.85723,0.8572500000000001,0.85718,0.8572000000000001,390
2026-08-27T22:30:00+00:00,0.8572000000000001,0.85723,0.8571500000000001,0.85716,358
2026-08-27T22:45:00+00:00,0.85716,0.85721,0.85714,0.85714,262
2026-08-27T23:00:00+00:00,0.85714,0.85716,0.85711,0.85714,275
2026-08-27T23:15:00+00:00,0.85714,0.85716,0.8571000000000001,0.85714,338
2026-08-27T23:30:00+00:00,0.85714,0.85716,0.85706,0.8570800000000001,476
2026-08-27T23:45:00+00:00,0.8570800000000001,0.85717,0.85706,0.85711,533
2026-08-28T00:00:00+00:00,0.85711,0.8571500000000001,0.8570800000000001,0.85709,1492
2026-08-28T00:15:00+00:00,0.85709,0.85718,0.8570800000000001,0.85714,1022
2026-08-28T00:30:00+00:00,0.85714,0.85717,0.8571000000000001,0.8571500000000001,960
2026-08-28T00:45:00+00:00,0.8571500000000001,0.8572000000000001,0.85712,0.85716,1053
2026-08-28T01:00:00+00:00,0.85716,0.8572500000000001,0.85712,0.8572500000000001,1545
2026-08-28T01:15:00+00:00,0.8572500000000001,0.8573000000000001,0.8572200000000001,0.85728,1228
2026-08-28T01:30:00+00:00,0.85728,0.8573000000000001,0.85723,0.8572700000000001,1176
2026-08-28T01:45:00+00:00,0.8572700000000001,0.85738,0.8572200000000001,0.8572700000000001,1538
2026-08-28T02:00:00+00:00,0.8572700000000001,0.8573000000000001,0.8572000000000001,0.85721,1221
2026-08-28T02:15:00+00:00,0.85721,0.85721,0.8570800000000001,0.85712,1243
2026-08-28T02:30:00+00:00,0.85712,0.85719,0.85711,0.85716,964
2026-08-28T02:45:00+00:00,0.85716,0.8572000000000001,0.85712,0.8571300000000001,1037
2026-08-28T03:00:00+00:00,0.8571300000000001,0.8571500000000001,0.85709,0.85714,982
2026-08-28T03:15:00+00:00,0.85714,0.8571500000000001,0.8570800000000001,0.85712,1095
2026-08-28T03:30:00+00:00,0.85712,0.85717,0.8571000000000001,0.85716,783
2026-08-28T03:45:00+00:00,0.85716,0.85718,0.8570300000000001,0.8570800000000001,715
2026-08-28T04:00:00+00:00,0.8570800000000001,0.85709,0.85704,0.8570500000000001,762
2026-08-28T04:15:00+00:00,0.8570500000000001,0.8570800000000001,0.85704,0.85706,557
2026-08-28T04:30:00+00:00,0.85706,0.85711,0.85704,0.85709,756
2026-08-28T04:45:00+00:00,0.85709,0.8571000000000001,0.8570300000000001,0.85707,721
2026-08-28T05:00:00+00:00,0.85707,0.8571000000000001,0.85697,0.8569800000000001,881
2026-08-28T05:15:00+00:00,0.8569800000000001,0.8570500000000001,0.8569800000000001,0.85699,514
2026-08-28T05:30:00+00:00,0.85699,0.8570300000000001,0.8569300000000001,0.8569300000000001,962
2026-08-28T05:45:00+00:00,0.8569300000000001,0.8569800000000001,0.85689,0.85697,786
2026-08-28T06:00:00+00:00,0.85697,0.85701,0.8568300000000001,0.8568300000000001,1356
2026-08-28T06:15:00+00:00,0.8568300000000001,0.8569,0.85677,0.85687,1881
2026-08-28T06:30:00+00:00,0.85687,0.8570500000000001,0.85684,0.85689,2269
2026-08-28T06:45:00+00:00,0.85689,0.85702,0.85685,0.85701,1614
2026-08-28T07:00:00+00:00,0.85701,0.85719,0.85696,0.85706,1856
2026-08-28T07:15:00+00:00,0.85706,0.85733,0.8570300000000001,0.8573200000000001,2154
2026-08-28T07:30:00+00:00,0.8573200000000001,0.85734,0.85704,0.85706,2048
2026-08-28T07:45:00+00:00,0.85706,0.85723,0.85699,0.8572200000000001,1653
2026-08-28T08:00:00+00:00,0.8572200000000001,0.8574900000000001,0.8571300000000001,0.8574200000000001,1764
2026-08-28T08:15:00+00:00,0.8574200000000001,0.85746,0.85718,0.85719,1444
2026-08-28T08:30:00+00:00,0.85719,0.85733,0.85716,0.8572000000000001,1745
2026-08-28T08:45:00+00:00,0.8572000000000001,0.85723,0.85704,0.85707,1403
2026-08-28T09:00:00+00:00,0.85707,0.85724,0.8569800000000001,0.85702,1742
2026-08-28T09:15:00+00:00,0.85702,0.85718,0.8569800000000001,0.8571500000000001,1458
2026-08-28T09:30:00+00:00,0.8571500000000001,0.85716,0.85702,0.8570300000000001,1408
2026-08-28T09:45:00+00:00,0.8570300000000001,0.85717,0.85701,0.85711,1638
2026-08-28T10:00:00+00:00,0.85711,0.85718,0.8569800000000001,0.85709,1604
2026-08-28T10:15:00+00:00,0.85709,0.8571500000000001,0.8569,0.8570500000000001,1551
2026-08-28T10:30:00+00:00,0.8570500000000001,0.8570800000000001,0.85695,0.85697,1452
2026-08-28T10:45:00+00:00,0.85697,0.85717,0.8569300000000001,0.85712,1589
2026-08-28T11:00:00+00:00,0.85712,0.85724,0.85711,0.8571300000000001,1629
2026-08-28T11:15:00+00:00,0.8571300000000001,0.85733,0.85712,0.85726,1447
2026-08-28T11:30:00+00:00,0.85726,0.85741,0.85723,0.85739,1411
2026-08-28T11:45:00+00:00,0.85739,0.8574400000000001,0.85718,0.85726,1589
2026-08-28T12:00:00+00:00,0.85726,0.8573200000000001,0.85717,0.8572500000000001,1808
2026-08-28T12:15:00+00:00,0.8572500000000001,0.85738,0.85718,0.85738,1671
2026-08-28T12:30:00+00:00,0.85738,0.85758,0.8573700000000001,0.85746,1881
2026-08-28T12:45:00+00:00,0.85746,0.85768,0.85731,0.8576,2591
2026-08-28T13:00:00+00:00,0.8576,0.8576600000000001,0.85741,0.8574200000000001,2296
2026-08-28T13:15:00+00:00,0.8574200000000001,0.85765,0.85738,0.85751,1894
2026-08-28T13:30:00+00:00,0.85751,0.85753,0.8573200000000001,0.8574,2095
2026-08-28T13:45:00+00:00,0.8574,0.8577100000000001,0.85718,0.8574400000000001,2696
2026-08-28T14:00:00+00:00,0.8574400000000001,0.8575900000000001,0.8567,0.85673,9847
2026-08-28T14:15:00+00:00,0.85673,0.85724,0.85672,0.8570000000000001,5669
2026-08-28T14:30:00+00:00,0.8570000000000001,0.8572500000000001,0.8568300000000001,0.85685,4669
2026-08-28T14:45:00+00:00,0.85685,0.85695,0.85575,0.85606,6971
2026-08-28T15:00:00+00:00,0.85606,0.85631,0.85572,0.8562500000000001,3891
2026-08-28T15:15:00+00:00,0.8562500000000001,0.85631,0.85589,0.8559,3656
2026-08-28T15:30:00+00:00,0.8559,0.8559100000000001,0.85556,0.8556900000000001,3385
2026-08-28T15:45:00+00:00,0.8556900000000001,0.85584,0.8554700000000001,0.8557600000000001,3599
2026-08-28T16:00:00+00:00,0.8557600000000001,0.85589,0.85567,0.85589,3043
2026-08-28T16:15:00+00:00,0.85589,0.85607,0.8558300000000001,0.8559300000000001,3176
2026-08-28T16:30:00+00:00,0.8559300000000001,0.8561300000000001,0.8558300000000001,0.85597,3071
2026-08-28T16:45:00+00:00,0.85597,0.85601,0.8557600000000001,0.85599,2618
2026-08-28T17:00:00+00:00,0.85599,0.8562700000000001,0.85599,0.85604,2486
2026-08-28T17:15:00+00:00,0.85604,0.8561300000000001,0.8560000000000001,0.85606,2099
2026-08-28T17:30:00+00:00,0.85606,0.85624,0.85601,0.85607,1616
2026-08-28T17:45:00+00:00,0.85607,0.85607,0.85587,0.8560000000000001,1977
2026-08-28T18:00:00+00:00,0.8560000000000001,0.85612,0.85597,0.85607,1816
2026-08-28T18:15:00+00:00,0.85607,0.8562000000000001,0.85599,0.85611,1813
2026-08-28T18:30:00+00:00,0.85611,0.85612,0.8559300000000001,0.85595,1217
2026-08-28T18:45:00+00:00,0.85595,0.85601,0.85589,0.85594,1714
2026-08-28T19:00:00+00:00,0.85594,0.85596,0.85585,0.8559100000000001,1947
2026-08-28T19:15:00+00:00,0.8559100000000001,0.8560000000000001,0.8559,0.8559300000000001,1586
2026-08-28T19:30:00+00:00,0.8559300000000001,0.85601,0.85587,0.8559,1396
2026-08-28T19:45:00+00:00,0.8559,0.8560000000000001,0.8558300000000001,0.8558600000000001,1628
2026-08-28T20:00:00+00:00,0.8558600000000001,0.85595,0.8558100000000001,0.85584,1067
2026-08-28T20:15:00+00:00,0.85584,0.85595,0.8557600000000001,0.85595,900
2026-08-28T20:30:00+00:00,0.85595,0.85597,0.85582,0.8559100000000001,1166
2026-08-28T20:45:00+00:00,0.8559100000000001,0.85604,0.85518,0.85565,1325
2026-08-30T21:00:00+00:00,0.85512,0.85539,0.85503,0.85509,111
2026-08-30T21:15:00+00:00,0.85509,0.85536,0.85493,0.85531,175
2026-08-30T21:30:00+00:00,0.85531,0.85547,0.85499,0.8553499999999999,224
2026-08-30T21:45:00+00:00,0.8553499999999999,0.85541,0.85485,0.85511,439
2026-08-30T22:00:00+00:00,0.85511,0.8559,0.85511,0.85585,806
2026-08-30T22:15:00+00:00,0.85585,0.85589,0.85578,0.85583,275
2026-08-30T22:30:00+00:00,0.85583,0.85583,0.85574,0.85577,373
2026-08-30T22:45:00+00:00,0.85577,0.85582,0.85576,0.85578,216
2026-08-30T23:00:00+00:00,0.85578,0.85586,0.85578,0.85582,471
2026-08-30T23:15:00+00:00,0.85582,0.85586,0.85581,0.85585,535
2026-08-30T23:30:00+00:00,0.85585,0.85591,0.85583,0.8559,476
2026-08-30T23:45:00+00:00,0.8559,0.85593,0.85585,0.8559,862
2026-08-31T00:00:00+00:00,0.8559,0.8561,0.85589,0.856,1998
2026-08-31T00:15:00+00:00,0.856,0.85608,0.85595,0.85606,1509
2026-08-31T00:30:00+00:00,0.85606,0.85609,0.85584,0.85587,2118
2026-08-31T00:45:00+00:00,0.85587,0.85593,0.85575,0.85582,1810
2026-08-31T01:00:00+00:00,0.85582,0.85597,0.85581,0.85592,2621
2026-08-31T01:15:00+00:00,0.85592,0.85592,0.85576,0.85579,2384
2026-08-31T01:30:00+00:00,0.85579,0.85593,0.85579,0.85583,2794
2026-08-31T01:45:00+00:00,0.85583,0.85593,0.85578,0.8558,2307
2026-08-31T02:00:00+00:00,0.8558,0.85586,0.85578,0.85579,1691
2026-08-31T02:15:00+00:00,0.85579,0.85585,0.85576,0.85584,1856
2026-08-31T02:30:00+00:00,0.85584,0.85596,0.85578,0.85594,1726
2026-08-31T02:45:00+00:00,0.85594,0.85597,0.85584,0.85587,1388
2026-08-31T03:00:00+00:00,0.85587,0.85587,0.85574,0.85576,1235
2026-08-31T03:15:00+00:00,0.85576,0.85583,0.85574,0.85578,911
2026-08-31T03:30:00+00:00,0.85578,0.85586,0.85577,0.85579,1041
2026-08-31T03:45:00+00:00,0.85579,0.85583,0.85575,0.85582,973
2026-08-31T04:00:00+00:00,0.85582,0.85585,0.85574,0.85577,912
2026-08-31T04:15:00+00:00,0.85577,0.85579,0.85572,0.85574,1028
2026-08-31T04:30:00+00:00,0.85574,0.85581,0.85573,0.8558,1128
2026-08-31T04:45:00+00:00,0.8558,0.8558,0.85573,0.85573,1030
2026-08-31T05:00:00+00:00,0.85573,0.85584,0.85572,0.85581,1031
2026-08-31T05:15:00+00:00,0.85581,0.85582,0.85563,0.85563,991
2026-08-31T05:30:00+00:00,0.85563,0.85567,0.8556,0.85564,1916
2026-08-31T05:45:00+00:00,0.85564,0.85565,0.85552,0.85557,1548
2026-08-31T06:00:00+00:00,0.85557,0.85565,0.85545,0.85546,1525
2026-08-31T06:15:00+00:00,0.85546,0.8555,0.85537,0.85546,1272
2026-08-31T06:30:00+00:00,0.85546,0.85559,0.85542,0.85554,1488
2026-08-31T06:45:00+00:00,0.85554,0.85569,0.85545,0.85564,1918
2026-08-31T07:00:00+00:00,0.85564,0.85595,0.85563,0.85592,1864
2026-08-31T07:15:00+00:00,0.85592,0.85601,0.85577,0.85591,2081
2026-08-31T07:30:00+00:00,0.85591,0.85637,0.85589,0.85631,1863
2026-08-31T07:45:00+00:00,0.85631,0.85653,0.8563,0.85648,1800
2026-08-31T08:00:00+00:00,0.85648,0.85648,0.85604,0.85623,2828
2026-08-31T08:15:00+00:00,0.85623,0.85629,0.85608,0.85613,1646
2026-08-31T08:30:00+00:00,0.85613,0.85636,0.8561,0.85635,1548
2026-08-31T08:45:00+00:00,0.85635,0.85646,0.85621,0.85627,1911
2026-08-31T09:00:00+00:00,0.85627,0.85651,0.85624,0.85645,1514
2026-08-31T09:15:00+00:00,0.85645,0.85652,0.85635,0.85636,1998
2026-08-31T09:30:00+00:00,0.85636,0.85645,0.85633,0.85633,1489
2026-08-31T09:45:00+00:00,0.85633,0.85653,0.8563,0.8565,1177
2026-08-31T10:00:00+00:00,0.8565,0.8566,0.85638,0.85651,1623
2026-08-31T10:15:00+00:00,0.85651,0.85663,0.85646,0.8566,1574
2026-08-31T10:30:00+00:00,0.8566,0.85666,0.85655,0.85663,1254
2026-08-31T10:45:00+00:00,0.85663,0.85677,0.85648,0.85653,1884
2026-08-31T11:00:00+00:00,0.85653,0.85676,0.85652,0.85658,1953
2026-08-31T11:15:00+00:00,0.85658,0.85673,0.85654,0.85654,1653
2026-08-31T11:30:00+00:00,0.85654,0.85671,0.85652,0.85659,1990
2026-08-31T11:45:00+00:00,0.85659,0.85671,0.8565,0.85653,2079
2026-08-31T12:00:00+00:00,0.85653,0.85659,0.85637,0.85637,2029
2026-08-31T12:15:00+00:00,0.85637,0.85647,0.85618,0.85624,2394
2026-08-31T12:30:00+00:00,0.85624,0.85644,0.85617,0.85641,2384
2026-08-31T12:45:00+00:00,0.85641,0.85651,0.85636,0.85646,1615
2026-08-31T13:00:00+00:00,0.85646,0.85647,0.85625,0.85633,2044
2026-08-31T13:15:00+00:00,0.85633,0.85643,0.85619,0.8562,1726
2026-08-31T13:30:00+00:00,0.8562,0.85642,0.85618,0.8562,2335
2026-08-31T13:45:00+00:00,0.8562,0.85652,0.85613,0.85649,2329
2026-08-31T14:00:00+00:00,0.85649,0.85704,0.8564,0.85683,2340
2026-08-31T14:15:00+00:00,0.85683,0.85691,0.85672,0.85679,2179
2026-08-31T14:30:00+00:00,0.85679,0.85709,0.85661,0.85704,3156
2026-08-31T14:45:00+00:00,0.85704,0.8571,0.85608,0.85683,6982
2026-08-31T15:00:00+00:00,0.85683,0.85718,0.85657,0.85708,3663
2026-08-31T15:15:00+00:00,0.85708,0.85737,0.85698,0.85727,2187
2026-08-31T15:30:00+00:00,0.85727,0.85748,0.85722,0.85734,2395
2026-08-31T15:45:00+00:00,0.85734,0.8574,0.85723,0.85738,1962
2026-08-31T16:00:00+00:00,0.85738,0.85739,0.85725,0.85728,2114
2026-08-31T16:15:00+00:00,0.85728,0.85732,0.85722,0.85726,1211
2026-08-31T16:30:00+00:00,0.85726,0.85737,0.8572,0.85732,1222
2026-08-31T16:45:00+00:00,0.85732,0.85741,0.85728,0.85737,1627
2026-08-31T17:00:00+00:00,0.85737,0.85747,0.85737,0.85739,635
2026-08-31T17:15:00+00:00,0.85739,0.85741,0.85723,0.85727,897
2026-08-31T17:30:00+00:00,0.85727,0.85729,0.85715,0.85717,1581
2026-08-31T17:45:00+00:00,0.85717,0.85725,0.85715,0.85723,1305
2026-08-31T18:00:00+00:00,0.85723,0.85729,0.85722,0.85726,1033
2026-08-31T18:15:00+00:00,0.85726,0.85732,0.85724,0.8573,940
2026-08-31T18:30:00+00:00,0.8573,0.85737,0.85729,0.85735,1181
2026-08-31T18:45:00+00:00,0.85735,0.85739,0.85725,0.85727,1307
2026-08-31T19:00:00+00:00,0.85727,0.85747,0.85727,0.85741,1532
2026-08-31T19:15:00+00:00,0.85741,0.85745,0.85737,0.85741,1113
2026-08-31T19:30:00+00:00,0.85741,0.85745,0.85732,0.85736,1238
2026-08-31T19:45:00+00:00,0.85736,0.85741,0.85728,0.85731,1913
2026-08-31T20:00:00+00:00,0.85731,0.8574,0.85726,0.85738,1234
2026-08-31T20:15:00+00:00,0.85738,0.85743,0.8573,0.8573,409
2026-08-31T20:30:00+00:00,0.8573,0.85736,0.85726,0.85734,1025
2026-08-31T20:45:00+00:00,0.85734,0.85745,0.85732,0.85733,1252
2026-08-31T21:00:00+00:00,0.85733,0.85733,0.85689,0.85726,100
2026-08-31T21:15:00+00:00,0.85726,0.85737,0.85721,0.85731,1572
2026-08-31T21:30:00+00:00,0.85731,0.85731,0.85709,0.85722,1035
2026-08-31T21:45:00+00:00,0.85722,0.85735,0.85694,0.85701,918
2026-08-31T22:00:00+00:00,0.85701,0.85742,0.85701,0.85739,505
2026-08-31T22:15:00+00:00,0.85739,0.8574,0.85733,0.85739,170
2026-08-31T22:30:00+00:00,0.85739,0.85744,0.85738,0.85743,241
2026-08-31T22:45:00+00:00,0.85743,0.85743,0.85737,0.85742,225
2026-08-31T23:00:00+00:00,0.85742,0.85746,0.85737,0.85745,364
2026-08-31T23:15:00+00:00,0.85745,0.85749,0.85739,0.85747,266
2026-08-31T23:30:00+00:00,0.85747,0.85751,0.85745,0.8575,531
2026-08-31T23:45:00+00:00,0.8575,0.85753,0.85745,0.85753,558
2026-09-01T00:00:00+00:00,0.85753,0.85755,0.85734,0.85736,1952
2026-09-01T00:15:00+00:00,0.85736,0.85739,0.85725,0.85726,1954
2026-09-01T00:30:00+00:00,0.85726,0.85738,0.85722,0.85737,1623
2026-09-01T00:45:00+00:00,0.85737,0.85737,0.85723,0.85724,1494
2026-09-01T01:00:00+00:00,0.85724,0.85731,0.8572,0.85723,2006
2026-09-01T01:15:00+00:00,0.85723,0.8573,0.85719,0.85725,1388
2026-09-01T01:30:00+00:00,0.85725,0.85726,0.85704,0.85707,1284
2026-09-01T01:45:00+00:00,0.85707,0.85715,0.85705,0.8571,1643
2026-09-01T02:00:00+00:00,0.8571,0.85715,0.85704,0.85711,1756
2026-09-01T02:15:00+00:00,0.85711,0.85719,0.85709,0.85711,1264
2026-09-01T02:30:00+00:00,0.85711,0.85715,0.85706,0.8571,1434
2026-09-01T02:45:00+00:00,0.8571,0.85712,0.85706,0.85706,1140
2026-09-01T03:00:00+00:00,0.85706,0.85714,0.85703,0.85711,1660
2026-09-01T03:15:00+00:00,0.85711,0.85711,0.85705,0.85709,1258
2026-09-01T03:30:00+00:00,0.85709,0.85712,0.85701,0.85701,1159
2026-09-01T03:45:00+00:00,0.85701,0.85709,0.85697,0.85707,820
2026-09-01T04:00:00+00:00,0.85707,0.85711,0.85699,0.85702,855
2026-09-01T04:15:00+00:00,0.85702,0.85704,0.85699,0.85703,948
2026-09-01T04:30:00+00:00,0.85703,0.85705,0.85698,0.85704,536
2026-09-01T04:45:00+00:00,0.85704,0.85707,0.85693,0.85696,702
2026-09-01T05:00:00+00:00,0.85696,0.85702,0.85688,0.85688,642
2026-09-01T05:15:00+00:00,0.85688,0.85693,0.85685,0.85688,807
2026-09-01T05:30:00+00:00,0.85688,0.85693,0.85683,0.85688,1214
2026-09-01T05:45:00+00:00,0.85688,0.85693,0.85681,0.85689,1332
2026-09-01T06:00:00+00:00,0.85689,0.85705,0.85682,0.85692,1529
2026-09-01T06:15:00+00:00,0.85692,0.85719,0.85692,0.85712,1446
2026-09-01T06:30:00+00:00,0.85712,0.85716,0.85673,0.85675,1792
2026-09-01T06:45:00+00:00,0.85675,0.85702,0.85674,0.85702,1399
2026-09-01T07:00:00+00:00,0.85702,0.85709,0.85681,0.85686,2037
2026-09-01T07:15:00+00:00,0.85686,0.85693,0.85668,0.85688,1883
2026-09-01T07:30:00+00:00,0.85688,0.85697,0.85662,0.85664,2089
2026-09-01T07:45:00+00:00,0.85664,0.8567,0.85648,0.85658,1987
2026-09-01T08:00:00+00:00,0.85658,0.85662,0.85634,0.85647,2763
2026-09-01T08:15:00+00:00,0.85647,0.85658,0.85639,0.85643,1911
2026-09-01T08:30:00+00:00,0.85643,0.85656,0.85619,0.85625,1697
2026-09-01T08:45:00+00:00,0.85625,0.85634,0.85612,0.85617,1817
2026-09-01T09:00:00+00:00,0.85617,0.85636,0.85614,0.85632,1713
2026-09-01T09:15:00+00:00,0.85632,0.85633,0.85607,0.85617,1438
2026-09-01T09:30:00+00:00,0.85617,0.85629,0.85608,0.85625,1830
2026-09-01T09:45:00+00:00,0.85625,0.85635,0.85614,0.85623,1725
2026-09-01T10:00:00+00:00,0.85623,0.85628,0.85606,0.85606,1620
2026-09-01T10:15:00+00:00,0.85606,0.85618,0.856,0.85611,1545
2026-09-01T10:30:00+00:00,0.85611,0.85635,0.85611,0.85632,1053
2026-09-01T10:45:00+00:00,0.85632,0.85646,0.85629,0.8564,1526
2026-09-01T11:00:00+00:00,0.8564,0.85657,0.8564,0.8565,1669
2026-09-01T11:15:00+00:00,0.8565,0.85656,0.85641,0.8565,1998
2026-09-01T11:30:00+00:00,0.8565,0.85658,0.85635,0.85642,1548
2026-09-01T11:45:00+00:00,0.85642,0.8566,0.85641,0.85646,1775
2026-09-01T12:00:00+00:00,0.85646,0.85658,0.85641,0.85657,2078
2026-09-01T12:15:00+00:00,0.85657,0.85662,0.85647,0.85655,1794
2026-09-01T12:30:00+00:00,0.85655,0.85668,0.85653,0.85664,1654
2026-09-01T12:45:00+00:00,0.85664,0.85686,0.85654,0.85684,1893
2026-09-01T13:00:00+00:00,0.85684,0.85688,0.85663,0.85676,1695
2026-09-01T13:15:00+00:00,0.85676,0.85678,0.85644,0.85647,1572
2026-09-01T13:30:00+00:00,0.85647,0.85673,0.85644,0.85649,2304
2026-09-01T13:45:00+00:00,0.85649,0.85687,0.8564,0.85644,2474
2026-09-01T14:00:00+00:00,0.85644,0.85663,0.85634,0.85657,3084
2026-09-01T14:15:00+00:00,0.85657,0.85668,0.85651,0.85667,2550
2026-09-01T14:30:00+00:00,0.85667,0.85677,0.85656,0.85657,2205
2026-09-01T14:45:00+00:00,0.85657,0.8568,0.85647,0.85658,2734
2026-09-01T15:00:00+00:00,0.85658,0.85705,0.85655,0.85681,2861
2026-09-01T15:15:00+00:00,0.85681,0.85705,0.8568,0.85699,2380
2026-09-01T15:30:00+00:00,0.85699,0.85699,0.85681,0.85683,2211
2026-09-01T15:45:00+00:00,0.85683,0.85697,0.85679,0.85697,1779
2026-09-01T16:00:00+00:00,0.85697,0.85702,0.85684,0.85686,1687
2026-09-01T16:15:00+00:00,0.85686,0.85689,0.85676,0.85685,2706
2026-09-01T16:30:00+00:00,0.85685,0.85692,0.85673,0.8569,2015
2026-09-01T16:45:00+00:00,0.8569,0.85731,0.85686,0.85726,1543
2026-09-01T17:00:00+00:00,0.85726,0.85743,0.85718,0.85734,1982
2026-09-01T17:15:00+00:00,0.85734,0.85751,0.85733,0.8575,1826
2026-09-01T17:30:00+00:00,0.8575,0.85763,0.85742,0.85745,1707
2026-09-01T17:45:00+00:00,0.85745,0.8575,0.85739,0.85746,1018
2026-09-01T18:00:00+00:00,0.85746,0.85764,0.85744,0.85758,1286
2026-09-01T18:15:00+00:00,0.85758,0.8577,0.85754,0.85768,1376
2026-09-01T18:30:00+00:00,0.85768,0.85779,0.85766,0.8577,1259
2026-09-01T18:45:00+00:00,0.8577,0.85773,0.85748,0.85764,1766
2026-09-01T19:00:00+00:00,0.85764,0.85776,0.85759,0.85773,1627
2026-09-01T19:15:00+00:00,0.85773,0.8578,0.85767,0.85773,1060
2026-09-01T19:30:00+00:00,0.85773,0.85777,0.85768,0.85772,1051
2026-09-01T19:45:00+00:00,0.85772,0.85776,0.85766,0.85774,1139
2026-09-01T20:00:00+00:00,0.85774,0.85777,0.85764,0.85767,829
2026-09-01T20:15:00+00:00,0.85767,0.8578,0.85767,0.85773,600
2026-09-01T20:30:00+00:00,0.85773,0.85774,0.85767,0.85772,601
2026-09-01T20:45:00+00:00,0.85772,0.85776,0.8576,0.85763,857
2026-09-01T21:00:00+00:00,0.85763,0.85763,0.85691,0.85735,120
2026-09-01T21:15:00+00:00,0.85735,0.85748,0.85713,0.85721,2463
2026-09-01T21:30:00+00:00,0.85721,0.85746,0.85713,0.85746,787
2026-09-01T21:45:00+00:00,0.85746,0.85752,0.85733,0.85739,882
2026-09-01T22:00:00+00:00,0.85739,0.85781,0.85736,0.85776,765
2026-09-01T22:15:00+00:00,0.85776,0.85778,0.85766,0.85777,280
2026-09-01T22:30:00+00:00,0.85777,0.85778,0.85769,0.85772,628
2026-09-01T22:45:00+00:00,0.85772,0.85774,0.85769,0.85771,346
2026-09-01T23:00:00+00:00,0.85771,0.85778,0.85771,0.85777,279
2026-09-01T23:15:00+00:00,0.85777,0.85779,0.85773,0.85777,194
2026-09-01T23:30:00+00:00,0.85777,0.85777,0.85766,0.85768,285
2026-09-01T23:45:00+00:00,0.85768,0.85775,0.85765,0.8577,559
2026-09-02T00:00:00+00:00,0.8577,0.85773,0.85766,0.85771,1411
2026-09-02T00:15:00+00:00,0.85771,0.85775,0.85765,0.85766,1345
2026-09-02T00:30:00+00:00,0.85766,0.8577,0.85757,0.85762,1566
2026-09-02T00:45:00+00:00,0.85762,0.85763,0.85752,0.85757,1376
2026-09-02T01:00:00+00:00,0.85757,0.85763,0.85751,0.85763,1692
2026-09-02T01:15:00+00:00,0.85763,0.85765,0.85746,0.85747,1092
2026-09-02T01:30:00+00:00,0.85747,0.85755,0.8573,0.85732,1390
2026-09-02T01:45:00+00:00,0.85732,0.85744,0.85729,0.85737,1100
2026-09-02T02:00:00+00:00,0.85737,0.8573999999999999,0.85736,0.85739,93
